,conection,lanes,Largo,/2023-03-29_07-30.png,/2023-03-30_08-30.png,/2023-03-31_09-30.png,/2023-04-02_06-45.png,/2023-04-03_08-00.png,/2023-04-04_16-45.png,/2023-04-05_17-45.png,/2023-04-06_18-45.png,/2023-04-07_21-15.png,/2023-04-08_22-45.png,/2023-04-10_01-45.png,/2023-04-11_02-45.png,/2023-04-12_07-45.png,/2023-04-13_08-45.png,/2023-04-14_14-45.png,/2023-04-16_09-15.png,/2023-04-17_10-30.png,/2023-04-18_12-30.png,/2023-04-22_14-00.png,/2023-04-23_15-45.png,/2023-04-24_16-45.png,/2023-04-25_18-15.png,/2023-04-26_19-15.png,/2023-05-02_11-00.png,/2023-05-05_16-00.png,/2023-05-10_04-45.png,/2023-05-11_05-45.png,/2023-05-23_14-30.png,/2023-05-25_05-15.png,/2023-05-31_16-30.png
0,"(0, 3)",1,3.9579418969831943,63,63,63,0,127,63,31,63,63,63,0,0,63,127,63,42,0,63,63,127,63,127,63,63,31,0,0,127,0,63
1,"(3, 300)",1,7.297175950102471,63,63,63,0,127,63,42,63,63,63,0,0,63,127,63,63,0,63,63,127,63,127,63,63,42,0,0,127,0,63
2,"(300, 301)",1,9.279220603533833,63,63,63,0,127,63,105,63,63,63,0,0,63,127,63,63,0,63,63,127,63,127,63,63,95,0,0,127,0,63
3,"(301, 302)",1,9.661835821569264,0,0,0,0,0,63,127,0,63,63,0,0,0,0,0,0,0,63,63,0,63,0,63,63,0,0,0,0,0,63
4,"(302, 303)",2,7.833110204676264,0,0,0,0,0,0,0,0,0,31,0,0,0,0,0,0,0,31,31,0,31,0,0,31,0,0,0,0,0,0
5,"(303, 304)",2,7.879514458875396,95,63,63,31,31,42,0,63,42,63,0,0,95,31,63,63,31,63,63,31,63,63,42,63,63,0,0,63,0,42
6,"(304, 6)",3,6.7612429587213985,191,127,127,63,63,63,42,127,63,63,0,0,191,63,127,127,63,63,63,63,63,127,63,63,127,0,0,127,0,63
7,"(6, 7)",3,5.945745120965729,191,127,127,63,63,63,63,127,63,63,0,0,191,63,127,127,63,63,63,63,63,127,63,63,127,0,0,127,0,63
8,"(7, 406)",2,7.878112285279562,42,42,42,42,42,42,42,42,42,63,0,0,42,42,42,42,42,63,63,42,63,42,42,63,42,0,0,42,0,42
9,"(406, 407)",2,9.690378973330454,63,63,63,63,63,63,63,63,63,63,0,0,63,63,63,63,63,63,63,63,63,63,63,63,63,0,0,63,0,63
10,"(407, 408)",2,13.068809992357854,63,63,63,63,63,63,63,63,63,63,0,0,63,63,63,63,63,63,63,63,63,63,63,63,63,0,0,63,0,63
11,"(408, 409)",2,14.420730347951102,63,63,63,63,63,63,63,63,63,63,0,0,63,63,63,63,63,63,63,63,63,63,63,63,63,0,0,63,0,63
12,"(409, 410)",2,13.685711744225364,63,63,63,63,63,63,63,63,63,63,0,0,63,63,63,63,63,63,63,63,63,63,63,63,63,0,0,63,0,63
13,"(420, 419)",2,12.90719792470219,63,63,127,63,63,63,63,63,63,63,0,63,63,63,63,63,63,127,63,63,63,63,63,63,63,0,0,63,0,63
14,"(419, 418)",2,12.415080297348354,63,63,42,63,63,63,63,63,63,63,0,63,63,63,63,63,63,42,63,63,63,63,63,63,63,0,0,84,0,63
15,"(418, 417)",2,12.221363029905275,63,63,105,63,63,63,63,84,63,84,0,63,84,84,63,63,63,84,84,63,63,105,63,63,127,0,0,84,0,84
16,"(417, 416)",2,8.309431417104477,63,63,191,63,63,63,63,127,63,127,0,63,127,127,63,63,63,127,127,63,63,191,63,63,255,0,0,63,0,127
17,"(416, 5)",2,7.782171809021162,63,63,191,63,63,63,63,127,63,127,0,63,127,127,63,63,63,127,127,63,63,191,63,63,255,0,0,63,0,127
18,"(5, 4)",2,5.483721110260584,63,63,105,63,63,63,63,127,63,84,0,63,84,84,63,63,63,84,84,63,63,105,63,63,169,0,0,63,0,84
19,"(4, 305)",2,6.6807001779306905,0,0,63,42,42,42,42,127,42,63,0,0,63,63,0,0,42,63,63,42,42,63,42,42,127,0,0,63,0,63
20,"(305, 306)",2,7.627315767994015,42,42,42,63,63,63,63,84,63,63,0,0,42,63,42,0,63,63,63,63,63,42,63,63,84,0,0,42,0,63
21,"(306, 307)",1,8.000562908749911,63,63,63,63,63,63,63,63,63,63,0,0,63,63,63,31,63,63,63,63,63,63,63,63,63,0,0,63,0,63
22,"(307, 308)",1,9.573388218141037,63,63,63,63,63,63,63,63,63,63,0,0,63,63,63,84,63,63,63,63,63,63,63,63,63,0,0,63,0,63
23,"(308, 309)",1,8.710567333680755,63,63,63,63,63,63,31,63,63,63,0,0,63,63,63,127,63,63,63,63,63,63,63,63,31,0,0,31,0,63
24,"(309, 2)",1,8.186202849035816,63,63,63,63,63,63,42,63,105,63,0,0,95,63,105,95,63,63,95,63,63,63,63,63,31,0,0,0,0,63
25,"(2, 1)",1,4.043543845763712,0,31,31,0,0,31,63,31,127,31,0,0,63,0,127,31,0,31,63,0,31,0,31,31,31,0,0,0,0,31
26,"(3, 2)",1,3.1915140416665917,63,63,63,0,127,63,42,63,84,63,0,0,63,127,84,63,0,63,63,127,63,127,63,63,31,0,0,127,0,63
27,"(2, 320)",1,9.40222354216659,42,42,84,0,42,42,63,42,84,84,0,0,42,42,84,0,42,42,42,42,42,42,42,0,42,0,0,42,0,42
28,"(320, 321)",1,10.5127936637796,63,63,127,0,63,63,63,63,63,127,0,0,63,63,63,0,63,63,63,63,63,63,63,0,63,0,0,63,0,63
29,"(321, 322)",1,9.440918396315798,42,42,42,0,42,42,42,42,42,42,0,0,42,42,42,0,42,0,42,42,42,42,42,42,42,0,0,42,0,42
30,"(322, 323)",1,7.455926450206209,63,63,63,0,63,63,63,63,63,63,0,0,63,63,63,0,63,0,63,63,63,63,63,63,63,0,0,63,0,63
31,"(323, 324)",1,10.444264468468418,63,63,63,31,63,63,63,63,63,63,0,0,63,63,63,31,63,31,63,63,63,63,63,63,63,0,0,63,0,63
32,"(335, 334)",1,9.661835821569323,31,31,31,0,31,31,31,159,63,31,0,0,31,31,63,31,31,31,31,31,31,31,31,31,31,0,0,31,0,31
33,"(334, 333)",1,7.787848083889034,0,0,0,0,0,0,0,0,0,0,0,0,0,0,0,0,0,0,0,0,0,0,0,0,0,0,0,0,0,0
34,"(333, 332)",1,9.853177878262349,42,42,42,0,31,42,42,42,31,31,0,0,42,31,31,31,31,31,84,31,31,31,31,31,31,0,0,63,0,31
35,"(332, 331)",1,9.335009192935942,148,63,95,0,0,95,63,63,0,0,0,0,63,0,0,0,0,0,127,84,0,127,127,84,63,0,0,0,0,0
36,"(331, 1)",1,9.335009192935829,191,0,0,0,0,0,31,0,0,0,0,0,0,0,0,0,0,0,0,127,0,191,191,127,0,0,0,0,0,0
37,"(1, 0)",1,3.3237725668418014,31,31,31,0,63,31,63,31,31,31,0,0,31,63,31,0,0,31,31,63,31,63,31,31,0,0,0,63,0,31
38,"(7, 5)",2,4.391909866658633,31,31,95,31,31,31,31,63,31,95,0,31,63,63,31,31,31,95,95,31,63,95,31,63,127,0,0,31,0,63
39,"(5, 310)",2,10.1012067698254,63,63,105,63,63,63,63,84,63,127,0,63,84,105,63,63,63,84,105,63,63,105,63,63,127,0,0,105,0,105
40,"(310, 311)",2,8.795131804628213,63,63,63,63,63,63,63,63,63,127,0,0,63,63,63,63,63,63,127,63,63,63,63,63,63,0,0,127,0,127
41,"(311, 312)",2,9.279220603533675,63,63,63,63,63,63,63,63,63,105,0,0,63,63,63,63,63,63,105,63,63,63,63,63,63,0,0,105,0,105
42,"(312, 313)",2,8.823974547123415,63,63,63,63,63,63,63,63,63,63,0,0,63,63,63,63,63,63,63,63,63,63,63,63,63,0,0,63,0,63
43,"(313, 314)",2,7.586651951712875,63,63,63,63,84,63,63,84,63,63,0,0,63,63,63,63,63,63,84,63,63,84,84,63,84,0,0,63,0,63
44,"(314, 11)",2,7.503191116568675,0,0,0,0,127,0,0,127,0,0,0,0,0,0,0,0,0,0,127,0,0,127,127,0,127,0,0,0,0,0
45,"(10, 315)",2,6.806839526176761,0,0,0,0,0,0,0,0,0,0,0,0,0,0,0,0,0,0,0,127,0,0,0,0,0,0,0,0,0,0
46,"(315, 316)",2,8.618767223195457,31,42,31,42,31,31,42,42,42,31,0,0,31,31,31,31,31,42,31,127,42,31,31,42,31,0,0,42,0,31
47,"(316, 317)",2,8.987717025161059,63,63,63,63,63,63,63,63,63,63,0,0,63,63,63,105,63,63,63,84,63,63,63,63,63,0,0,63,0,63
48,"(317, 318)",2,9.690378973330418,63,63,63,63,63,63,63,63,63,63,0,0,63,63,63,105,63,63,63,63,63,63,63,63,63,0,0,63,0,63
49,"(318, 319)",2,8.950765859958826,63,63,63,63,63,63,63,63,63,63,0,0,63,63,63,63,63,63,63,63,63,63,63,63,63,0,0,63,0,63
50,"(319, 4)",2,9.317240616723113,127,63,84,63,95,95,63,84,63,84,0,0,84,84,95,63,63,84,84,63,63,105,127,63,105,0,0,63,0,84
51,"(4, 6)",2,3.9271185174656407,127,84,105,31,31,31,31,127,31,63,0,0,127,63,84,63,31,63,63,31,31,95,31,31,127,0,0,95,0,63
52,"(324, 325)",1,9.365728202556085,0,0,0,0,63,0,0,0,0,63,0,0,0,0,0,0,0,0,0,0,0,0,0,0,0,0,0,0,0,0
53,"(325, 326)",1,7.257706849604574,84,84,84,42,84,84,127,42,84,42,0,0,84,84,42,42,42,42,84,42,42,84,42,84,42,0,0,42,0,84
54,"(326, 327)",1,7.7523031786643255,127,127,127,63,127,127,191,63,127,63,0,0,127,127,63,63,63,63,127,63,63,127,63,127,63,0,0,63,0,127
55,"(327, 328)",1,9.69379850374564,127,84,84,63,127,84,105,63,127,105,0,0,84,127,105,63,105,105,127,63,105,84,105,127,63,0,0,105,0,84
56,"(328, 329)",1,9.9424699422655,127,63,63,63,127,63,63,63,127,127,0,0,63,127,127,0,127,127,127,63,127,63,127,63,63,0,0,127,0,63
57,"(329, 330)",1,7.957641867045013,0,0,0,0,0,0,0,0,0,0,0,0,0,0,0,0,0,0,0,0,0,0,0,127,0,0,0,0,0,0
58,"(330, 12)",1,6.967248893956593,0,0,0,0,0,0,0,0,0,0,0,0,0,0,0,0,0,0,0,0,0,0,0,0,0,0,0,0,0,0
59,"(12, 13)",1,4.016129673092142,84,63,42,42,31,42,31,31,31,84,0,0,42,42,31,31,31,63,63,42,63,0,31,63,42,0,0,31,0,31
60,"(13, 342)",1,7.469249867574056,127,127,63,63,31,63,31,31,63,127,0,0,63,63,31,63,31,63,63,63,31,31,31,0,63,0,0,31,0,31
61,"(342, 343)",1,6.431306671344509,0,0,0,0,0,63,0,0,0,0,0,0,0,0,0,0,0,0,0,0,0,0,0,0,0,0,0,0,0,0
62,"(343, 344)",1,7.257706849604597,0,0,0,0,0,127,0,0,0,0,0,0,0,0,0,0,0,0,0,0,0,0,0,0,0,0,0,0,0,0
63,"(344, 17)",1,7.503191116568566,0,0,0,0,0,0,0,0,0,0,0,0,0,0,0,0,0,0,0,0,0,0,0,0,0,0,0,0,0,0
64,"(17, 18)",1,5.084394353121193,63,63,31,31,31,63,31,63,31,63,0,0,63,31,31,31,31,31,31,31,31,31,31,0,31,0,0,63,0,31
65,"(19, 16)",1,3.8903760466365123,63,127,63,63,63,63,127,127,63,63,0,0,127,63,63,63,63,63,63,63,127,63,63,63,63,0,0,127,0,191
66,"(16, 345)",1,7.833110204676287,0,0,0,0,0,0,0,0,0,0,0,0,0,0,0,0,0,0,0,0,0,0,0,0,0,0,0,0,0,0
67,"(345, 346)",1,8.08708769152731,0,0,0,0,0,0,0,0,0,0,0,0,0,0,0,0,0,0,0,0,0,0,63,0,0,0,0,0,0,0
68,"(346, 347)",1,7.091407228072679,0,0,0,0,0,0,0,0,0,0,0,0,0,0,0,0,0,0,0,0,0,0,0,0,0,0,0,0,0,0
69,"(347, 14)",1,6.761242958721484,0,0,0,0,42,0,0,0,0,0,0,0,0,0,0,0,0,0,0,0,0,63,42,42,0,0,0,0,0,0
70,"(14, 15)",1,3.9243043870308014,0,0,0,0,63,0,0,0,0,0,0,0,0,0,0,0,0,0,0,0,0,0,63,63,0,0,0,0,0,0
71,"(15, 341)",1,7.137990215664846,0,0,0,0,0,0,0,0,0,0,0,0,0,0,0,0,0,0,0,0,0,0,0,0,0,0,0,0,0,0
72,"(341, 340)",1,7.709432970677135,0,0,0,0,0,0,0,0,0,0,0,0,0,0,0,0,0,0,0,0,0,0,0,0,0,0,0,0,0,0
73,"(340, 339)",1,7.6273157679939985,0,0,0,0,0,0,0,0,0,0,0,0,0,0,0,84,0,0,0,84,0,0,0,0,0,0,0,0,0,127
74,"(339, 338)",1,10.389115651651933,0,0,0,0,0,0,0,0,0,0,0,0,0,0,0,127,0,0,0,127,0,63,0,0,63,0,0,31,0,148
75,"(338, 337)",1,8.126606933208118,31,31,31,0,31,31,31,63,63,63,0,0,31,31,31,95,31,31,31,95,63,127,31,31,127,0,0,63,0,95
76,"(337, 336)",1,8.729570848378982,63,63,63,0,63,63,63,127,127,127,0,0,63,63,63,63,63,63,63,63,127,127,63,63,127,0,0,63,0,63
77,"(336, 335)",1,10.196996218698846,0,0,0,0,0,0,0,84,0,0,0,0,0,0,0,0,0,0,0,0,0,0,0,0,0,0,0,0,0,0
78,"(15, 12)",1,4.537893017451112,0,0,0,0,0,0,0,0,0,0,0,0,0,0,0,0,0,0,0,0,0,0,0,0,0,0,0,0,0,0
79,"(12, 367)",1,9.790188880923372,31,31,31,0,31,31,31,31,63,31,0,0,31,31,31,0,31,31,31,31,31,63,31,0,31,0,0,31,0,31
80,"(367, 366)",1,8.122527652301981,0,0,0,0,0,0,0,0,0,0,0,0,0,0,0,0,0,0,0,0,0,0,0,0,0,0,0,0,0,0
81,"(366, 365)",1,7.547232921827664,42,84,42,127,42,42,42,42,42,42,0,0,42,42,42,0,42,84,84,84,42,42,42,84,42,0,0,84,0,42
82,"(365, 364)",1,7.393433048895052,84,127,63,169,63,63,63,63,63,63,0,0,63,84,63,63,84,127,148,127,105,63,63,127,63,0,0,127,0,63
83,"(364, 363)",1,7.4648113706776345,127,127,0,127,0,0,0,0,63,0,0,0,63,127,0,127,127,0,169,63,169,0,0,127,0,0,0,127,0,63
84,"(363, 24)",1,7.173498983510471,159,0,0,127,0,95,0,0,0,0,0,0,159,0,0,127,0,0,127,159,127,95,0,127,95,0,0,0,0,159
85,"(24, 25)",1,4.994514379177538,31,63,95,31,31,63,95,63,63,31,31,0,63,31,63,63,63,63,31,63,63,63,31,31,63,0,0,63,0,63
86,"(25, 382)",1,7.445547309219043,63,127,191,63,63,127,191,127,127,63,63,0,127,63,127,127,127,127,63,127,127,127,63,63,127,0,0,127,0,127
87,"(382, 383)",1,7.464811370677618,0,0,0,0,0,0,0,0,0,0,0,0,0,0,0,0,0,0,0,0,0,0,0,0,0,0,0,0,0,0
88,"(386, 385)",1,8.288131974403464,63,63,63,63,0,63,127,127,63,63,0,0,63,63,63,63,63,63,127,63,63,127,63,63,63,0,0,0,0,127
89,"(385, 26)",1,7.469249867573948,31,31,84,31,31,31,31,31,31,31,0,0,31,31,31,31,63,63,63,31,31,31,31,31,31,0,0,31,0,31
90,"(26, 27)",1,4.537893017451112,105,105,63,105,105,63,63,63,63,63,0,0,63,63,63,63,127,127,127,63,63,63,63,63,63,0,0,63,0,63
91,"(27, 362)",1,9.317240616723097,95,84,84,84,105,31,31,63,63,63,31,0,63,31,106,31,63,31,31,31,31,63,31,63,31,0,0,63,0,63
92,"(362, 361)",1,7.216491228754333,31,63,127,63,63,0,42,127,127,127,42,0,127,31,127,0,127,31,31,0,31,84,42,127,0,0,0,127,0,127
93,"(361, 360)",1,7.173498983510581,63,63,127,63,63,42,63,127,127,127,63,0,84,63,127,42,84,63,63,42,63,84,63,127,42,0,0,84,0,127
94,"(360, 359)",1,7.297175950102471,63,63,105,63,63,63,63,127,105,127,0,0,63,63,105,63,63,63,84,63,84,63,63,95,63,0,0,63,0,105
95,"(359, 358)",1,7.503191116568566,63,63,63,63,63,63,63,127,63,127,0,0,63,63,63,63,63,63,127,63,127,63,63,191,63,0,0,63,0,63
96,"(358, 13)",1,8.923571093483702,63,63,31,31,63,31,0,0,31,63,0,0,31,31,0,31,63,31,31,31,0,0,63,0,31,0,0,0,0,0
97,"(13, 14)",1,4.665137107298908,127,127,63,63,31,63,0,0,63,127,0,0,63,63,0,63,0,63,63,63,0,0,31,31,63,0,0,0,0,0
98,"(11, 9)",2,7.421769053492849,0,0,0,0,127,0,0,127,0,0,0,31,0,0,0,0,0,0,127,0,0,127,127,0,127,0,0,0,63,0
99,"(9, 374)",2,9.734080942049447,42,42,42,42,42,42,84,42,42,42,42,63,42,42,42,42,42,42,127,42,42,42,42,42,42,0,0,42,127,84
100,"(374, 375)",2,10.070021628689526,63,63,63,63,63,63,95,63,63,63,63,63,63,63,63,63,63,63,95,63,63,63,63,63,63,0,0,63,127,127
101,"(375, 376)",2,9.389972224960296,42,0,0,42,42,0,0,0,0,0,42,0,0,42,0,0,0,0,42,0,0,0,42,42,0,0,0,0,84,84
102,"(376, 377)",2,8.665923513807547,63,63,127,63,63,63,95,63,63,31,63,0,63,63,63,84,63,63,63,63,63,63,63,63,63,0,0,63,127,127
103,"(377, 25)",2,8.65705900387111,42,84,191,42,42,84,127,84,84,42,42,0,84,42,84,127,84,84,42,84,84,84,42,42,84,0,0,84,0,84
104,"(25, 26)",2,4.206903546540654,63,95,148,63,63,95,127,95,95,63,63,0,95,63,95,105,127,127,95,105,95,95,63,63,95,0,0,95,0,95
105,"(26, 373)",2,7.503191116568628,63,63,63,63,63,63,63,63,63,63,0,0,63,63,63,63,127,127,127,63,63,63,63,63,63,0,0,63,0,63
106,"(373, 372)",2,6.35005857277932,31,31,31,31,31,31,31,31,31,63,0,0,31,31,31,31,63,31,63,31,31,31,63,31,31,0,0,31,0,31
107,"(372, 371)",2,7.432181401207209,84,105,84,84,84,63,63,63,63,127,0,0,63,84,84,84,127,84,127,84,84,84,127,84,105,0,0,84,0,63
108,"(370, 369)",2,6.225311556775608,42,42,42,42,42,63,105,105,42,63,0,0,42,42,42,63,42,42,42,63,42,42,63,42,42,0,0,84,63,42
109,"(369, 368)",2,8.493523439472423,105,105,84,84,105,63,127,127,84,63,0,0,105,84,105,63,84,63,84,63,84,63,63,84,63,0,0,127,63,63
110,"(368, 27)",2,8.904981591119306,169,169,127,127,169,63,0,0,127,63,0,0,191,127,191,63,127,0,127,63,127,0,63,127,0,0,0,0,63,0
111,"(27, 24)",2,3.807134469365411,127,127,0,127,127,0,0,0,0,0,0,0,0,0,0,0,0,0,0,0,0,0,0,0,0,0,0,0,0,0
112,"(24, 378)",2,8.857813356728832,31,31,31,31,31,42,31,31,31,42,0,0,31,84,31,42,84,84,31,42,31,63,42,31,31,0,0,31,42,63
113,"(378, 379)",2,9.22770496165103,42,42,42,42,42,63,42,42,42,63,0,31,63,105,42,63,105,105,42,63,42,63,63,42,42,0,0,42,63,63
114,"(379, 380)",2,9.389972224960296,63,63,63,63,63,63,63,63,63,63,0,63,127,63,63,63,63,63,63,63,63,63,63,63,63,0,0,63,63,63
115,"(380, 381)",2,10.248964678395362,63,63,63,63,63,63,63,63,63,63,63,63,95,63,63,63,63,95,63,63,63,63,63,63,63,0,31,63,63,63
116,"(381, 8)",2,8.930996060315358,63,63,63,63,63,63,63,63,63,63,127,63,63,63,63,63,63,127,63,63,63,63,63,63,63,0,63,63,63,63
117,"(8, 10)",2,7.343958034974843,0,0,0,0,0,0,0,0,0,0,127,63,0,0,0,0,0,127,0,63,0,0,0,0,0,0,63,0,0,0
118,"(16, 17)",2,4.414490528953713,0,0,0,0,0,0,0,0,0,0,0,0,0,0,0,0,0,0,0,0,0,0,0,0,0,0,0,0,0,0
119,"(17, 348)",2,7.800604600356514,0,0,0,0,0,0,0,0,0,0,0,0,0,0,0,0,0,0,0,0,0,0,0,0,0,0,0,0,0,0
120,"(348, 349)",2,7.469249867574045,0,0,0,0,0,0,0,0,0,0,0,0,0,0,0,0,0,0,0,0,0,0,0,0,0,0,0,0,0,0
121,"(349, 350)",2,8.132042791296342,0,0,0,0,0,0,0,0,0,0,0,0,0,0,0,0,0,0,0,0,0,0,0,0,0,0,0,0,0,0
122,"(350, 351)",2,8.004704344404068,0,0,0,0,0,0,0,0,0,0,0,0,0,0,0,0,0,0,0,0,0,0,0,0,0,0,42,0,0,0
123,"(351, 352)",2,8.33597918894993,31,31,31,31,31,31,31,31,31,31,31,0,63,31,63,31,84,31,31,31,31,63,31,63,31,0,84,31,31,31
124,"(352, 20)",2,7.6273157679939505,63,63,63,31,63,95,84,63,63,31,42,0,63,63,31,31,191,31,31,31,63,95,31,31,63,0,127,31,31,63
125,"(355, 354)",2,8.61876722319552,63,63,42,42,42,63,42,63,63,42,42,0,84,42,42,42,42,42,42,42,42,42,63,42,42,42,0,42,0,42
126,"(354, 353)",2,8.74474392619335,127,127,63,63,63,127,63,127,127,63,63,0,191,63,63,63,63,63,63,63,63,63,63,63,63,63,0,63,0,63
127,"(353, 18)",2,7.725179670340215,0,0,0,0,0,0,0,0,0,0,0,0,0,0,0,0,0,0,0,0,0,0,0,0,0,0,0,0,0,0
128,"(18, 19)",2,4.057181469120367,31,63,31,31,31,31,63,63,31,31,0,0,63,31,31,31,31,31,31,31,63,31,31,31,31,0,0,63,0,95
129,"(356, 355)",2,7.800604600356514,0,0,0,0,0,95,0,0,0,0,0,0,0,0,0,0,0,0,0,0,0,0,0,0,0,31,0,0,0,95
130,"(357, 356)",2,7.547232921827649,0,0,0,0,0,0,0,0,0,0,0,0,0,0,0,0,0,0,0,0,0,0,0,0,0,0,0,0,0,0
131,"(23, 357)",2,7.173498983510565,0,0,63,63,0,0,0,0,63,0,0,0,0,63,63,0,0,0,0,63,0,0,0,63,0,0,0,127,0,63
132,"(371, 21)",2,8.667338444840624,127,191,127,127,127,127,127,63,63,127,0,0,63,127,127,127,127,127,127,127,127,127,127,127,191,0,0,127,0,127
133,"(21, 22)",2,4.742640283525538,127,191,127,127,127,191,191,63,63,127,0,0,63,127,127,127,127,127,127,127,127,127,127,127,191,0,0,127,0,191
134,"(23, 20)",2,4.740310320091627,31,31,63,63,31,31,42,42,63,31,31,0,31,63,63,31,31,31,31,63,31,31,31,63,31,0,63,127,31,63
135,"(20, 370)",2,6.225311556775523,0,0,0,0,0,42,63,63,0,42,63,0,0,0,0,31,0,0,0,42,0,0,42,0,0,0,127,0,42,0
136,"(20, 21)",2,4.665137107299006,63,95,63,63,63,95,127,63,31,63,63,0,31,63,63,63,63,63,63,63,63,63,63,63,95,0,127,63,0,95
137,"(21, 388)",2,10.048573115396133,95,127,95,95,95,127,127,63,63,95,31,0,63,95,95,95,127,127,95,95,95,127,95,95,127,0,31,127,0,159
138,"(388, 389)",2,9.406922304849708,31,31,31,31,31,31,31,31,31,31,31,0,31,31,31,31,31,31,31,31,31,31,31,31,31,0,31,31,0,31
139,"(389, 390)",2,7.7821718090212615,42,84,42,42,127,84,84,84,42,84,31,0,31,42,42,42,31,31,42,42,84,84,84,42,84,0,42,84,0,42
140,"(390, 32)",2,7.522307558039188,63,127,63,63,191,127,127,127,63,127,42,0,42,63,63,63,31,31,63,63,127,127,127,63,127,0,63,127,0,63
141,"(32, 33)",2,4.341310137943272,63,127,63,63,127,127,127,127,63,127,63,0,63,63,63,63,31,31,63,63,127,127,127,63,127,0,63,127,0,63
142,"(33, 494)",2,8.971095520895677,0,0,0,0,0,0,0,0,0,0,0,0,0,0,0,0,0,0,0,0,0,0,0,0,0,0,0,0,0,0
143,"(494, 495)",2,12.371624430210728,0,0,0,0,31,0,0,0,0,31,0,0,0,0,0,0,0,0,0,0,0,0,31,0,0,0,63,0,0,0
144,"(495, 496)",2,11.665352673471189,0,0,0,0,0,0,0,0,0,0,0,0,0,0,0,0,0,0,0,0,0,0,0,0,0,0,0,0,0,0
145,"(488, 487)",2,10.688221080846914,127,63,63,63,63,63,63,63,63,63,63,0,63,63,63,63,63,63,63,63,63,63,63,63,127,63,0,63,63,63
146,"(487, 486)",2,11.722508099791156,127,95,63,95,63,95,95,95,95,63,63,0,95,63,63,95,95,63,63,95,95,95,95,95,127,63,0,63,63,63
147,"(486, 34)",2,9.365846158087688,127,127,63,127,63,127,127,127,127,63,63,0,127,63,63,127,127,63,63,127,127,127,127,127,127,63,0,63,63,63
148,"(34, 35)",2,4.4543512974009705,0,0,0,0,0,0,0,0,0,0,0,0,0,0,0,0,0,0,0,0,0,0,63,0,0,0,0,0,0,0
149,"(35, 393)",2,8.369045479767209,42,42,42,42,42,42,42,63,42,42,42,0,63,42,42,42,42,42,42,42,42,63,42,63,42,0,0,42,31,42
150,"(393, 392)",2,8.446568711813585,63,63,63,63,63,63,63,127,63,63,63,0,127,63,63,63,63,63,63,63,63,127,63,63,63,0,0,63,0,63
151,"(392, 391)",2,9.790188880923386,63,95,31,31,63,63,63,63,31,63,31,0,63,31,31,63,63,63,63,31,63,95,95,31,63,0,0,63,0,31
152,"(391, 22)",2,8.33597918894993,0,0,0,0,0,0,0,0,0,0,0,0,0,0,0,0,0,0,0,0,0,0,95,0,0,0,0,0,0,0
153,"(22, 23)",2,3.927118517465676,0,0,31,31,0,0,0,0,31,0,0,0,0,31,31,0,0,0,0,31,0,0,95,31,0,0,0,63,0,31
154,"(11, 944)",2,7.9839756837704305,0,0,0,0,127,0,0,95,0,0,0,0,0,0,31,0,0,0,127,0,0,95,127,0,127,0,0,0,0,31
155,"(944, 943)",2,7.6246212534345945,42,42,42,42,42,42,42,31,42,42,42,0,42,42,31,42,42,42,42,42,42,31,127,42,42,0,0,42,0,31
156,"(943, 942)",2,9.88648872767718,63,63,63,63,63,63,63,0,63,63,63,0,63,63,63,63,63,63,63,63,63,0,0,63,63,0,0,63,0,0
157,"(942, 941)",2,7.68661481874461,42,42,42,42,84,42,42,84,42,42,42,0,42,42,169,42,42,42,42,42,42,42,42,42,42,0,42,42,84,42
158,"(941, 940)",2,9.205950027743757,63,63,63,63,127,63,63,127,63,63,63,0,63,63,159,63,63,63,63,63,63,63,63,63,63,0,63,63,127,63
159,"(940, 939)",2,9.394242011717553,31,31,31,63,31,31,31,31,31,31,31,0,31,63,31,31,31,31,31,31,63,31,31,31,31,0,31,63,31,63
160,"(958, 959)",2,7.833110204676233,0,63,63,63,127,63,31,63,63,0,0,31,127,42,63,0,0,31,63,127,31,63,63,0,63,0,0,63,31,63
161,"(959, 960)",2,10.251023280227583,0,63,63,63,95,95,63,63,63,31,31,63,95,63,63,31,31,63,63,95,63,63,63,31,63,0,0,95,63,63
162,"(960, 961)",2,7.586651951712797,0,0,0,0,0,63,0,0,0,0,0,0,0,0,0,0,0,0,0,0,0,0,0,0,0,0,0,0,31,0
163,"(961, 962)",2,7.379972757071935,0,0,0,84,0,127,0,0,0,0,0,0,0,0,0,0,0,0,0,0,0,0,0,0,0,0,0,0,63,0
164,"(962, 963)",2,10.478057930178768,0,31,31,127,42,31,63,42,0,0,0,0,63,42,31,0,0,42,42,42,84,63,42,0,42,0,0,0,84,42
165,"(963, 964)",2,8.082988466278778,0,0,0,0,63,0,0,63,0,0,0,0,0,63,0,0,0,63,63,63,127,0,63,0,63,0,0,0,127,63
166,"(964, 9)",2,8.294793925462521,0,31,31,0,63,31,63,63,0,31,31,31,63,63,31,31,31,63,84,63,95,63,95,31,63,0,0,0,63,63
167,"(9, 8)",2,4.907491384187564,0,0,0,0,0,0,0,0,0,0,63,63,0,0,0,0,0,63,127,0,0,0,0,0,0,0,31,0,127,0
168,"(383, 384)",1,8.413807093081294,42,42,31,31,42,84,84,31,31,84,0,0,42,31,31,31,0,42,31,31,31,31,31,42,31,0,0,42,42,42
169,"(384, 28)",1,10.389115651651903,63,63,63,31,63,95,95,31,31,95,0,0,63,31,31,63,31,63,31,31,31,31,31,63,31,0,0,63,63,63
170,"(28, 29)",1,4.3336692224203555,31,31,63,0,31,0,0,0,0,0,0,0,31,0,0,63,0,31,0,0,0,0,0,31,0,0,0,31,31,31
171,"(29, 571)",1,8.998772787316016,31,31,63,31,31,31,31,31,31,31,0,0,31,31,31,63,31,31,31,31,31,31,31,31,31,0,0,31,31,31
172,"(571, 572)",1,11.628454767996507,31,84,42,31,84,31,31,31,31,31,31,0,31,31,31,63,31,31,31,31,31,31,31,31,31,0,0,31,0,31
173,"(572, 573)",1,11.378764386864418,63,127,63,63,127,63,63,63,63,63,63,0,63,63,63,127,63,63,63,63,63,63,63,63,63,0,0,63,0,63
174,"(573, 574)",1,10.682710513067798,31,31,31,0,31,0,63,0,0,0,0,0,0,0,0,0,31,31,0,0,0,0,0,0,0,0,0,31,0,31
175,"(574, 575)",1,11.47159065144785,0,0,0,0,0,0,0,0,0,0,0,0,0,0,0,0,0,0,0,0,0,0,0,0,0,0,0,0,0,0
176,"(575, 576)",1,11.19178929817336,0,0,0,0,0,0,0,0,0,0,0,0,0,0,0,0,0,0,0,0,0,0,0,0,0,0,0,0,0,0
177,"(975, 974)",1,10.93671693649205,0,191,63,63,0,63,127,127,127,63,63,0,0,127,127,0,191,191,127,63,127,191,63,127,191,0,0,127,63,127
178,"(974, 582)",1,11.830996348172334,0,0,0,0,0,0,0,0,0,0,0,0,0,0,0,0,0,0,0,0,0,0,0,0,0,0,0,0,0,0
179,"(582, 581)",1,11.013680381937114,42,63,63,42,0,63,84,63,42,42,63,0,31,42,63,31,42,42,42,42,42,63,42,42,63,0,0,63,0,106
180,"(581, 580)",1,10.887575007155899,63,63,63,63,31,63,127,63,63,63,127,0,31,63,127,31,63,63,63,63,63,63,63,63,127,0,0,63,0,191
181,"(580, 579)",1,10.43156369627709,42,42,31,42,0,31,42,31,42,42,84,0,0,42,42,0,42,42,84,0,0,42,0,42,42,0,0,0,0,84
182,"(579, 30)",1,9.154565116990433,63,63,42,63,42,63,63,42,84,63,63,0,42,63,63,42,63,63,127,63,42,63,42,63,84,0,0,42,0,127
183,"(30, 31)",1,4.617532421851911,63,63,63,63,63,127,63,63,95,63,63,0,63,63,63,63,63,63,95,127,63,63,63,63,127,0,0,63,0,127
184,"(31, 387)",1,9.919108582007702,31,31,63,63,0,0,63,63,63,31,31,0,0,63,63,63,63,31,63,0,0,31,0,31,31,0,0,0,0,31
185,"(387, 386)",1,8.245368028430013,42,42,42,42,31,42,84,84,42,42,0,0,42,42,42,42,42,42,84,42,42,84,42,42,42,0,0,31,0,84
186,"(29, 30)",1,4.225245785390603,31,42,31,42,42,84,42,42,84,42,31,0,42,42,42,31,31,31,84,84,42,42,42,31,84,0,0,42,0,63
187,"(30, 972)",1,10.798629649578645,63,63,63,63,63,127,63,63,127,63,63,0,63,63,63,63,63,63,127,127,63,63,63,63,127,0,0,63,0,95
188,"(972, 973)",1,10.476001760131876,0,63,63,63,63,127,63,63,127,63,0,0,63,63,63,63,0,0,127,127,63,63,63,0,127,0,0,63,0,63
189,"(973, 33)",1,9.53426927225438,0,127,127,63,63,127,95,63,127,63,0,0,63,63,63,63,31,0,31,31,63,63,63,0,127,0,0,63,0,127
190,"(33, 34)",1,5.114723348547938,0,0,0,0,0,0,0,0,0,0,0,0,0,0,0,0,0,0,0,0,0,0,0,0,0,0,0,0,0,0
191,"(34, 395)",1,10.528544749369987,31,31,31,31,31,31,31,31,31,63,0,0,31,31,31,63,63,63,31,31,31,31,31,31,31,0,0,127,0,31
192,"(395, 394)",1,7.709432970677199,0,0,0,0,0,0,0,0,0,0,0,0,0,0,0,0,0,0,0,0,0,0,0,0,0,0,0,191,0,0
193,"(394, 37)",1,8.950765859958826,42,31,42,42,42,84,42,42,42,31,0,0,42,42,42,42,0,31,31,42,42,42,31,42,42,0,0,31,0,31
194,"(37, 38)",1,4.459308840724293,127,95,95,63,63,127,95,127,63,31,0,0,63,63,127,95,63,63,63,95,127,127,63,63,63,0,0,63,0,95
195,"(36, 397)",1,8.62261174077122,127,63,63,63,127,63,63,63,63,63,0,0,63,63,63,63,63,63,63,63,127,63,63,0,63,0,0,127,0,127
196,"(39, 36)",1,3.6922311235748744,84,42,42,63,84,42,42,42,63,63,0,0,63,63,42,42,42,42,42,42,84,42,42,0,63,0,0,127,0,84
197,"(397, 396)",1,8.699145298316164,127,84,63,63,105,84,63,63,63,63,0,0,84,63,63,84,84,84,63,105,127,84,105,0,84,0,0,148,0,127
198,"(396, 35)",1,10.431563696277083,127,127,63,63,63,127,63,63,63,63,0,0,127,63,63,127,127,127,63,191,127,127,191,0,127,0,0,191,0,127
199,"(35, 32)",1,4.164675089303056,31,63,31,31,95,63,63,63,31,63,31,0,31,31,31,31,0,0,31,31,63,63,63,31,63,0,31,63,0,31
200,"(32, 398)",1,9.440918396315823,63,84,63,63,105,84,84,169,63,84,63,0,63,63,63,63,42,95,63,63,84,127,84,63,95,0,63,127,0,95
201,"(398, 399)",1,11.54454878347129,63,63,63,63,63,63,63,191,63,63,0,0,63,63,63,63,63,0,0,63,63,127,63,0,63,0,0,0,0,31
202,"(399, 31)",1,10.196996218698866,0,0,31,31,0,0,31,0,31,0,0,0,0,31,31,31,31,0,31,0,0,0,63,0,0,0,0,0,0,0
203,"(31, 28)",1,4.371740254365078,0,0,63,63,0,0,63,0,63,0,0,0,0,63,63,63,63,0,63,0,0,0,63,0,0,0,0,0,0,0
204,"(36, 37)",1,4.081614365265801,95,63,63,63,95,95,63,63,63,63,0,0,63,63,63,63,63,63,63,63,95,63,63,31,63,0,0,127,0,127
205,"(37, 400)",1,8.790106014615077,63,63,63,63,63,95,63,63,63,63,0,0,63,63,63,63,31,63,63,63,63,63,63,63,63,0,0,63,0,63
206,"(400, 401)",1,8.667338444840595,31,63,31,31,42,42,31,31,31,63,0,0,31,31,42,31,31,63,63,31,31,31,63,31,31,0,0,63,0,63
207,"(404, 403)",1,7.429207933834237,127,127,84,42,42,84,84,127,42,42,0,0,42,42,127,84,84,84,84,84,169,127,84,0,42,0,0,84,0,127
208,"(403, 38)",1,7.673524843613806,191,191,127,63,63,127,127,191,63,63,0,0,63,63,191,127,127,127,127,127,191,191,127,0,63,0,0,127,0,191
209,"(38, 39)",1,4.002352172202011,191,191,127,63,63,127,127,191,63,63,0,0,63,63,191,127,127,127,127,127,191,191,127,0,63,0,0,127,0,191
210,"(410, 411)",2,13.27013855891762,63,63,63,63,63,63,63,63,63,63,0,0,63,63,63,63,63,63,63,63,63,63,63,63,63,0,0,63,0,63
211,"(411, 412)",2,9.422177100620633,63,63,63,63,63,63,63,63,63,63,0,0,63,63,63,63,63,63,63,63,63,63,63,63,63,0,0,63,0,63
212,"(412, 413)",2,10.981535314089701,63,63,63,63,63,63,63,63,63,63,31,0,63,63,63,63,63,63,63,63,63,63,63,63,63,0,0,63,0,63
213,"(413, 414)",2,9.775508388732431,105,63,63,63,63,63,63,63,63,63,63,0,63,63,63,63,63,63,63,63,63,63,63,63,63,0,0,105,0,63
214,"(414, 415)",2,8.964332305837331,127,63,63,63,63,63,63,63,63,63,63,0,63,63,63,63,63,63,63,63,63,63,63,63,63,0,0,127,0,63
215,"(415, 426)",2,11.305713571480615,31,31,31,31,31,31,31,31,31,31,31,0,31,31,31,31,31,31,31,31,31,31,31,31,31,0,0,31,0,31
216,"(426, 427)",2,11.267539978292724,31,31,31,31,31,31,31,31,31,31,31,0,31,31,31,31,31,31,31,31,31,31,31,31,31,0,0,31,0,31
217,"(427, 88)",2,15.934707851882697,95,63,31,31,63,63,31,63,31,31,31,0,31,63,63,31,31,31,31,31,63,31,31,63,31,0,0,63,0,63
218,"(88, 89)",2,6.844066604192348,42,42,42,42,42,42,42,42,42,42,84,0,42,42,42,42,42,42,42,42,42,42,42,42,42,0,0,42,42,42
219,"(89, 589)",2,11.708929463630662,63,63,63,63,63,63,63,63,63,63,127,0,63,63,63,63,63,63,63,63,63,63,63,63,63,0,0,63,63,63
220,"(589, 590)",2,12.289870985828184,42,84,42,42,42,42,42,42,42,127,127,0,42,42,42,42,42,42,42,42,84,42,42,42,42,127,0,42,42,42
221,"(594, 593)",2,14.360082327211584,63,148,63,63,63,63,63,63,63,42,0,42,63,63,63,63,84,84,63,63,127,148,63,63,63,0,0,63,0,84
222,"(593, 90)",2,11.99693135694707,63,95,63,63,63,63,95,63,63,63,0,63,63,63,63,63,63,95,63,63,127,127,63,63,63,0,0,63,0,63
223,"(90, 91)",2,7.216491228754285,63,0,63,63,63,63,0,63,63,63,31,0,63,63,63,63,0,0,63,63,127,127,63,63,63,0,0,63,0,0
224,"(91, 429)",2,16.862373213471614,0,0,0,0,0,0,0,0,0,0,63,0,0,0,0,0,0,0,0,0,0,0,0,0,0,0,0,0,0,0
225,"(429, 428)",2,11.267539978292769,42,42,42,42,42,42,42,42,42,42,0,42,42,42,42,42,42,42,42,42,42,42,42,42,42,0,0,42,0,42
226,"(428, 425)",2,12.297958497314616,63,63,63,63,63,63,63,63,63,63,0,63,63,63,63,63,63,63,63,63,63,63,63,63,105,0,0,63,0,63
227,"(425, 424)",2,9.569925662761719,63,63,63,63,63,63,63,63,63,63,0,63,63,63,63,63,63,63,63,63,63,105,63,63,84,0,0,63,0,63
228,"(424, 423)",2,11.705154824762808,95,63,63,63,95,63,63,63,63,63,0,63,63,63,95,63,63,63,63,63,63,95,63,63,63,0,0,63,0,63
229,"(423, 422)",2,11.013680381937114,31,31,31,31,31,31,31,31,31,31,0,31,31,31,63,31,31,31,31,31,31,31,31,31,31,0,0,31,0,31
230,"(422, 421)",2,11.523476827529223,63,63,63,63,63,63,63,63,63,63,0,63,63,63,84,63,63,63,63,63,63,63,63,63,63,0,0,63,0,63
231,"(421, 420)",2,12.085010346950874,63,63,105,63,63,63,63,63,63,63,0,63,63,63,63,63,63,105,63,63,63,63,63,63,63,0,0,63,0,63
232,"(939, 938)",2,8.891287312906675,63,63,63,127,63,63,63,63,63,63,63,0,63,127,63,63,63,63,63,63,127,63,63,63,63,0,63,127,63,127
233,"(938, 588)",2,9.932242204751864,63,63,0,0,63,63,63,63,63,63,63,0,63,0,63,63,63,63,63,63,0,63,63,63,63,0,63,0,63,0
234,"(588, 587)",2,10.400806133808805,31,31,31,31,31,31,31,31,31,31,31,0,31,42,31,31,31,31,31,31,31,31,31,31,31,0,42,31,31,31
235,"(587, 586)",2,10.55683748096909,0,31,31,31,63,0,0,31,31,31,0,0,31,63,0,31,0,31,0,31,31,63,31,0,0,0,63,31,31,31
236,"(586, 461)",2,10.351830830248039,0,31,31,31,31,0,63,31,31,31,31,0,31,31,31,31,31,31,0,31,31,31,31,0,0,0,31,31,31,31
237,"(461, 460)",2,10.55683748096909,0,0,0,0,0,0,0,0,0,0,0,0,0,0,0,0,0,0,0,0,0,0,0,0,0,0,0,0,0,0
238,"(460, 459)",2,10.967442220521072,0,0,0,0,0,0,0,0,0,0,0,0,0,0,0,0,0,0,0,0,0,0,0,0,0,0,0,0,0,0
239,"(459, 458)",2,9.690378973330448,31,31,31,31,0,31,31,31,31,31,31,0,31,31,31,31,31,31,0,31,31,31,31,31,31,0,31,31,31,31
240,"(458, 80)",2,8.446568711813685,42,63,31,63,0,31,63,31,63,42,31,0,63,63,63,31,31,31,0,42,31,63,31,63,63,31,31,63,31,63
241,"(83, 462)",2,8.36904547976713,0,0,0,0,0,0,0,0,0,0,0,0,0,0,0,0,0,0,0,0,0,0,0,0,0,0,0,0,0,0
242,"(462, 463)",2,10.226206283087931,31,31,31,31,31,0,0,31,31,31,31,31,31,31,31,31,31,31,31,31,31,0,0,31,0,0,0,31,31,31
243,"(463, 464)",2,10.732234644160306,63,63,63,63,63,63,63,63,63,63,63,63,63,63,63,63,63,63,63,63,63,63,63,63,63,0,0,63,63,63
244,"(464, 465)",2,10.762045036782151,0,0,0,0,0,0,0,0,0,0,0,0,0,0,0,0,0,0,0,0,0,0,0,0,0,0,0,0,0,0
245,"(465, 583)",2,10.47278488977123,42,31,31,63,42,31,42,31,31,31,31,31,31,42,31,31,31,42,31,31,42,31,31,31,31,31,0,31,31,31
246,"(583, 584)",2,10.528544749370015,63,63,42,105,63,63,63,63,42,42,42,42,84,63,42,42,42,63,42,63,63,42,42,42,42,0,0,63,42,42
247,"(584, 585)",2,9.646960007016819,63,127,63,63,63,127,63,127,63,63,63,63,191,63,63,63,63,63,63,127,63,63,63,63,63,0,0,127,63,63
248,"(585, 958)",2,10.936171454752856,63,105,63,63,84,127,63,105,63,63,63,63,63,63,84,63,63,63,63,63,63,63,63,63,63,31,0,105,63,63
249,"(496, 497)",2,11.499157913309373,0,0,0,0,0,0,0,0,0,0,0,0,0,0,0,0,0,0,0,0,0,0,0,0,0,0,0,0,0,0
250,"(497, 498)",2,12.229260974432867,31,0,31,31,31,0,0,0,31,31,84,0,0,31,31,31,0,0,31,31,0,0,31,31,0,0,0,0,0,0
251,"(498, 499)",2,12.288144961150584,42,42,42,42,42,84,42,42,42,42,84,0,42,42,42,42,42,42,42,42,42,42,42,42,42,0,42,42,42,42
252,"(499, 500)",2,11.01344967401188,63,63,63,63,63,105,63,63,84,63,63,0,63,63,84,63,63,63,63,63,63,63,63,63,63,0,63,63,63,63
253,"(500, 501)",2,10.911019440208344,63,63,63,63,63,63,63,63,127,63,63,0,63,63,127,63,63,63,63,63,63,63,63,63,63,0,63,63,63,63
254,"(501, 64)",2,11.450345840100692,105,105,63,105,105,148,105,42,84,63,63,63,148,148,169,63,105,63,105,63,148,105,105,63,105,63,63,105,63,105
255,"(64, 65)",2,6.680700177930708,127,127,63,127,127,191,127,63,63,63,63,127,191,191,191,63,127,63,127,63,191,127,127,63,127,127,63,127,63,127
256,"(65, 526)",2,9.119501607259284,0,0,31,63,0,0,0,0,0,0,31,0,0,0,0,31,63,0,0,31,0,0,0,31,0,0,31,0,31,0
257,"(526, 527)",2,10.012226976374507,0,0,31,0,0,0,0,0,0,0,31,0,0,0,0,31,63,0,0,31,0,0,0,31,0,63,0,0,31,0
258,"(527, 68)",2,9.825107688818175,31,63,63,31,63,31,63,95,31,31,31,0,31,31,63,63,31,63,31,63,95,95,63,63,63,63,31,63,31,31
259,"(68, 69)",2,4.758918086706696,42,63,63,42,63,42,127,148,42,42,42,0,42,42,63,63,42,84,42,84,84,106,63,63,84,63,42,63,42,42
260,"(69, 557)",2,6.818353050774152,63,63,63,63,63,63,255,255,63,63,63,0,63,63,63,63,63,127,63,127,63,127,63,63,127,63,63,63,63,63
261,"(557, 558)",2,9.626164105203149,63,63,63,63,63,63,255,255,63,63,63,0,63,63,63,63,63,127,63,127,63,127,63,63,127,63,63,63,63,63
262,"(558, 112)",2,8.176480514430805,0,0,0,0,0,0,0,0,0,0,0,0,0,0,0,0,0,0,0,0,0,0,0,0,0,0,0,0,0,0
263,"(112, 113)",2,4.80282260664247,42,84,42,42,42,127,127,127,84,84,42,0,42,84,84,84,84,84,84,127,127,127,84,42,127,42,42,42,42,127
264,"(113, 682)",2,9.91514281881176,105,105,63,63,63,148,148,169,105,105,63,31,63,105,105,105,105,105,105,148,169,148,105,63,148,63,84,63,63,148
265,"(682, 683)",2,11.746430448183585,191,63,63,63,63,63,63,127,63,63,63,63,63,63,63,63,63,63,63,63,127,63,63,63,63,63,127,63,63,63
266,"(687, 686)",2,11.02800490019672,63,42,63,42,63,84,170,170,42,42,42,63,42,63,42,42,42,42,170,63,127,170,63,42,127,42,42,63,42,170
267,"(686, 114)",2,10.894127903247078,148,148,105,63,105,212,255,255,63,105,63,63,63,63,148,63,63,63,255,105,233,255,148,105,233,63,63,105,105,212
268,"(114, 115)",2,5.267943598705123,127,127,95,63,95,159,159,159,63,95,63,63,63,63,127,63,63,63,223,95,159,159,159,95,159,63,95,95,95,159
269,"(115, 556)",2,7.8951458191602715,42,42,42,42,42,42,42,42,42,42,42,42,42,42,42,42,42,42,84,42,42,42,63,42,42,42,63,42,42,63
270,"(556, 555)",2,9.412722039588365,105,63,63,63,63,63,105,84,63,63,63,63,84,84,63,63,84,63,63,63,63,63,63,63,63,63,63,63,84,63
271,"(555, 70)",2,7.710149427439054,191,63,63,63,63,63,191,127,63,63,63,63,127,127,63,63,127,63,63,63,63,63,63,63,63,63,63,63,127,63
272,"(70, 71)",2,4.0897262269252295,31,42,42,42,42,31,31,63,42,42,42,42,31,31,63,42,63,42,31,42,63,42,31,42,31,0,31,42,84,42
273,"(71, 525)",2,8.790106014615194,63,63,63,63,63,63,63,127,63,63,63,63,63,63,127,63,127,63,63,63,127,63,63,63,63,0,63,63,127,63
274,"(525, 524)",2,9.871100908769657,63,42,42,42,42,84,31,84,42,31,42,31,31,31,31,42,42,31,63,31,31,31,84,31,42,0,42,31,63,31
275,"(524, 66)",2,9.638940443841177,127,63,63,63,63,127,84,127,63,84,63,0,84,127,127,63,63,84,127,84,127,84,127,84,63,42,63,84,42,127
276,"(66, 67)",2,7.011505910901041,148,63,63,63,63,105,105,127,63,105,63,0,105,148,148,63,63,105,148,105,148,105,105,105,63,63,63,127,63,148
277,"(67, 493)",2,10.658577350227496,63,63,63,63,63,63,63,127,63,63,63,0,63,63,63,63,63,63,63,63,63,63,63,63,63,63,0,127,63,63
278,"(493, 492)",2,10.602834488225241,63,63,63,63,63,63,105,84,63,63,63,0,63,63,63,63,63,63,63,63,105,63,63,105,105,63,84,84,63,63
279,"(492, 491)",2,11.27375443261522,63,63,63,63,63,63,127,63,63,63,63,0,63,63,63,63,63,63,63,63,127,63,63,127,127,63,127,63,63,63
280,"(491, 490)",2,12.307710352514961,63,84,105,63,63,63,105,84,63,84,63,0,105,84,84,63,63,84,63,84,105,105,84,105,127,63,127,84,63,105
281,"(490, 489)",2,11.890078043610977,63,63,63,63,63,63,84,63,63,84,63,0,63,63,63,63,63,63,63,63,63,63,63,63,105,63,0,63,63,63
282,"(489, 488)",2,12.534783214237839,84,63,63,63,63,63,105,63,63,105,63,0,63,63,63,63,63,63,63,63,63,63,63,63,84,63,0,63,63,63
283,"(401, 402)",1,6.792216867985904,31,31,31,31,63,63,31,63,31,31,0,0,31,31,63,31,31,63,63,31,31,63,31,31,31,0,0,31,0,31
284,"(402, 40)",1,6.299404016358618,0,0,0,0,0,0,0,0,0,0,0,0,0,0,0,0,0,0,0,0,0,0,0,0,0,0,0,0,0,0
285,"(40, 41)",1,4.391909866658547,42,42,42,42,42,42,42,84,84,42,0,0,63,42,42,63,42,63,63,42,42,84,63,42,42,0,0,42,0,63
286,"(41, 502)",1,8.612355880179843,63,63,63,63,63,63,63,127,191,63,0,0,127,63,63,127,63,63,63,63,63,127,127,63,63,0,0,63,0,127
287,"(502, 503)",1,9.220698646501177,0,0,0,0,0,0,0,0,0,0,0,0,0,0,0,0,0,0,0,0,0,0,63,0,0,0,0,0,0,0
288,"(503, 504)",1,8.667338444840617,0,0,0,0,31,31,0,63,0,0,0,0,31,0,31,0,31,31,31,0,31,31,127,0,0,0,0,31,0,0
289,"(504, 505)",1,8.229274256362519,31,31,63,31,31,31,31,95,31,0,31,0,31,31,31,31,31,31,31,31,31,31,63,63,63,31,0,31,0,31
290,"(505, 506)",1,8.998772787316025,95,42,31,42,63,127,42,84,42,31,42,0,42,63,63,42,42,42,42,42,63,63,84,84,63,42,0,63,31,63
291,"(506, 48)",1,10.130693029940035,191,63,63,63,127,255,63,127,63,0,63,0,63,127,127,63,63,63,63,63,127,127,127,127,0,63,0,127,63,127
292,"(48, 49)",1,7.432181401207137,84,84,84,42,42,42,84,84,42,31,31,0,84,84,42,42,84,127,84,84,127,127,84,31,63,0,0,42,0,42
293,"(49, 520)",1,9.499246631891609,127,127,127,63,63,63,127,127,63,63,63,0,127,127,63,63,127,191,127,127,191,191,127,63,127,0,0,63,0,63
294,"(520, 521)",1,9.119501607259338,42,42,42,42,31,31,42,84,42,84,0,0,42,42,31,42,42,0,84,42,42,42,84,0,42,0,0,42,0,31
295,"(521, 60)",1,9.825107688818113,148,63,105,63,63,63,105,127,63,84,0,0,148,105,63,63,105,0,84,63,148,63,95,42,105,0,0,105,0,63
296,"(60, 61)",1,3.760419393817028,191,63,127,63,63,63,127,0,63,63,0,0,191,127,63,63,127,0,63,63,191,63,0,63,127,0,0,127,0,63
297,"(62, 63)",1,3.760419393817028,127,63,105,63,84,127,127,127,63,105,0,0,84,84,63,63,42,127,95,95,127,84,84,63,105,0,0,63,0,63
298,"(63, 523)",1,10.811205757223911,84,63,127,63,63,127,84,127,63,127,0,0,63,63,63,63,63,127,84,95,84,63,63,63,127,0,0,63,0,63
299,"(523, 522)",1,9.638940443841193,63,63,63,31,63,127,63,127,31,127,0,0,63,31,63,63,63,127,63,31,63,63,63,31,127,0,0,31,0,63
300,"(522, 50)",1,8.132042791296351,0,0,0,31,0,0,0,0,31,31,0,0,0,31,0,0,63,0,0,95,63,0,63,31,0,0,0,31,0,0
301,"(50, 51)",1,7.05078636340683,95,63,63,63,63,95,63,95,63,63,31,0,95,63,63,63,127,95,95,127,127,63,159,63,95,0,0,63,0,95
302,"(51, 511)",1,9.220698646501187,31,31,31,31,31,63,63,63,31,31,31,0,31,31,31,31,31,31,31,31,63,31,31,31,63,31,0,31,0,31
303,"(511, 510)",1,8.649475517236972,0,31,31,31,31,63,63,63,0,31,31,0,31,31,31,31,31,31,31,31,0,31,31,0,63,31,0,0,0,31
304,"(510, 509)",1,8.943357306453267,63,31,31,31,31,63,63,63,63,31,31,0,31,31,31,31,31,31,31,31,31,31,31,63,63,31,0,63,0,31
305,"(509, 508)",1,9.388113143707066,31,42,42,0,42,31,84,84,84,63,0,0,0,0,42,42,42,42,63,42,42,63,42,84,95,0,0,31,0,63
306,"(508, 507)",1,9.274457142951109,63,63,63,31,63,63,127,127,127,127,0,0,31,31,63,63,63,63,127,63,63,127,63,127,191,0,0,63,0,127
307,"(507, 42)",1,8.142903621233168,31,42,42,31,63,42,63,84,63,31,0,0,63,42,31,31,31,31,63,42,42,63,63,31,63,0,0,42,0,63
308,"(42, 43)",1,4.140732332099173,31,63,63,31,127,63,95,127,95,0,0,0,127,63,31,31,0,31,63,63,95,0,127,31,31,0,0,63,0,0
309,"(43, 405)",1,7.204233909963668,63,0,0,63,0,0,63,0,63,0,0,0,0,0,63,63,0,63,127,0,127,0,0,63,63,0,0,63,0,0
310,"(405, 404)",1,7.247043826121967,31,31,31,31,31,31,31,31,31,31,0,0,31,31,31,31,31,31,63,31,84,31,31,31,31,0,0,31,0,31
311,"(89, 90)",2,4.132720588381853,63,63,63,63,63,63,63,63,63,63,127,0,63,63,63,63,63,63,63,63,95,95,63,63,63,0,0,63,63,63
312,"(90, 87)",2,6.967248893956616,63,95,95,127,63,95,63,95,63,63,0,0,63,127,63,63,63,95,95,63,127,127,127,95,127,0,0,63,0,63
313,"(87, 85)",2,14.558730911856987,63,148,127,191,84,148,127,127,95,63,0,0,63,159,63,63,127,191,127,63,169,148,127,127,148,0,0,63,0,127
314,"(85, 433)",2,8.904981591119352,105,127,42,63,63,148,127,63,42,42,0,0,63,42,42,63,105,148,42,84,191,169,63,127,127,0,0,63,0,42
315,"(433, 432)",2,9.359828530661904,63,127,63,127,63,63,42,127,63,63,42,0,127,63,63,63,63,63,63,127,42,127,127,42,127,0,0,127,0,63
316,"(432, 81)",2,9.942469942265465,63,84,95,127,63,63,63,84,95,63,63,0,84,63,63,63,95,95,63,84,63,84,127,63,84,0,0,84,0,63
317,"(81, 82)",2,6.101635349348866,63,63,63,63,63,63,63,63,63,63,63,0,63,63,63,31,63,63,63,63,63,63,63,63,63,95,0,63,0,63
318,"(82, 452)",2,9.235064843703853,63,31,31,31,31,31,31,31,31,31,63,0,31,63,31,31,31,31,31,31,31,31,31,63,31,169,31,31,31,31
319,"(452, 453)",2,10.059561170199414,42,42,42,42,42,42,42,42,42,42,42,0,42,42,42,42,42,42,42,42,42,42,42,42,42,84,42,42,42,42
320,"(453, 454)",2,10.226206283087931,63,63,63,63,63,95,63,63,63,63,63,0,63,63,63,63,63,63,63,95,63,63,63,63,63,63,63,63,63,63
321,"(454, 77)",2,8.209112672155817,84,63,63,42,63,84,127,63,42,42,42,0,42,63,63,42,63,42,42,63,63,63,63,42,63,63,42,42,42,42
322,"(77, 78)",2,4.206903546540654,95,95,127,63,127,191,191,127,63,63,63,31,63,63,127,63,95,63,63,95,127,127,127,63,127,63,63,63,63,63
323,"(78, 73)",2,6.602521733720397,63,63,31,63,31,31,31,63,31,63,63,63,31,31,31,63,63,31,31,63,31,31,31,63,31,63,63,31,63,31
324,"(73, 74)",2,4.206903546540654,42,42,42,63,42,42,42,31,42,42,42,0,42,42,42,42,42,42,42,42,42,42,42,42,42,42,42,42,42,42
325,"(74, 554)",2,9.92646777744946,63,63,63,127,63,63,63,63,63,63,63,0,63,63,63,63,63,63,63,63,63,63,63,63,63,63,63,63,63,63
326,"(554, 553)",2,12.017559247720484,42,63,63,42,63,63,63,84,63,63,63,0,42,63,63,63,63,63,63,84,63,84,63,63,63,63,0,63,63,63
327,"(553, 552)",2,10.71195744349644,63,63,63,63,63,63,127,127,63,63,63,0,63,63,63,63,63,63,127,127,63,127,63,63,63,63,0,63,63,63
328,"(552, 65)",2,11.03056911926273,0,0,0,0,0,0,0,0,0,0,0,0,0,0,0,0,0,0,0,0,0,0,0,0,0,0,0,0,0,0
329,"(65, 66)",2,4.859987468572407,95,31,31,31,31,63,63,63,31,63,31,0,63,95,95,31,31,63,95,63,95,63,63,63,31,31,31,63,31,95
330,"(66, 515)",2,12.656548862280914,105,63,63,63,63,84,84,84,63,84,63,0,84,105,105,63,105,84,148,84,105,84,84,84,63,63,63,84,63,105
331,"(515, 514)",2,10.611114638128674,63,63,63,63,105,63,63,105,63,63,63,0,63,63,63,63,127,63,84,148,63,63,63,63,63,63,0,63,0,105
332,"(514, 49)",2,11.39913472431002,84,84,84,63,84,63,84,105,63,63,63,0,84,84,63,63,127,105,84,191,127,105,84,63,84,63,0,63,0,84
333,"(49, 50)",2,3.7896837993316415,127,127,127,63,63,63,127,95,63,63,63,0,127,95,63,63,127,191,127,191,159,191,105,63,127,0,0,63,0,63
334,"(50, 519)",2,11.660711292563427,31,31,31,63,42,31,42,42,63,63,0,0,31,63,42,42,127,42,42,191,127,31,95,63,42,0,0,63,0,42
335,"(519, 518)",2,10.786653403599228,0,0,0,63,63,0,63,63,63,63,0,0,0,0,63,63,0,63,63,0,0,0,0,63,63,0,0,63,0,63
336,"(518, 53)",2,10.5829670132435,0,0,0,63,0,0,63,0,63,63,0,0,0,0,63,63,0,63,63,0,0,0,0,63,63,0,0,63,0,0
337,"(53, 54)",2,4.401960016795004,0,0,0,0,0,0,0,0,0,0,0,0,0,0,0,0,0,0,0,0,0,0,0,0,0,0,0,0,0,0
338,"(55, 52)",2,4.140732332099183,0,0,0,0,0,0,0,0,0,0,0,0,0,127,0,0,0,0,0,0,0,0,63,0,0,0,0,0,0,0
339,"(52, 516)",2,11.194750219596884,0,0,0,0,0,0,0,0,0,0,0,0,0,0,0,0,0,0,0,0,0,0,63,0,0,0,0,0,0,0
340,"(516, 517)",2,10.436857562995066,0,0,0,0,0,0,0,0,0,0,0,0,0,0,0,0,0,0,0,0,0,0,127,0,0,0,0,0,0,0
341,"(517, 51)",2,11.660711292563377,0,0,0,0,0,0,0,0,0,0,0,0,0,0,0,0,0,0,0,0,0,0,127,0,0,0,0,0,0,0
342,"(51, 48)",2,4.043543845763653,0,31,0,63,0,0,31,0,0,31,31,0,31,0,0,31,31,31,31,31,0,0,63,0,0,0,0,0,0,0
343,"(48, 512)",2,11.730610066478922,31,0,0,0,0,0,0,31,0,0,31,0,0,0,0,0,0,31,0,0,0,0,0,63,0,0,0,31,0,31
344,"(512, 513)",2,10.902784665337933,95,0,0,0,0,0,127,63,0,0,63,0,0,0,0,0,0,95,0,0,0,84,0,95,0,0,0,95,0,95
345,"(513, 67)",2,11.500445205249662,84,63,84,63,63,84,148,84,63,84,63,0,63,63,63,63,63,84,63,63,84,105,84,63,63,42,0,106,31,84
346,"(67, 64)",2,4.889449075372213,95,95,105,105,95,127,95,95,63,63,63,63,127,127,127,84,95,63,95,63,127,95,95,63,95,95,31,127,63,95
347,"(64, 549)",2,11.680873675293217,84,84,63,84,84,148,84,63,84,63,63,127,105,105,105,63,127,84,84,84,127,84,84,63,84,105,95,84,63,84
348,"(549, 550)",2,11.161740987806615,63,63,63,63,63,63,63,63,105,63,63,105,63,63,63,63,105,63,63,63,63,63,63,63,63,63,0,63,63,63
349,"(550, 551)",2,10.248964678395362,63,63,63,63,63,63,63,63,63,63,63,63,63,63,63,63,63,63,63,63,63,63,63,63,63,63,0,63,63,63
350,"(551, 75)",2,9.354267636314304,31,42,42,42,31,31,31,31,42,42,42,42,42,42,42,42,42,31,42,42,31,42,42,84,31,31,31,31,42,42
351,"(75, 72)",2,4.130046553428036,84,63,63,63,0,0,0,0,63,63,63,63,63,63,63,63,105,42,63,63,0,63,63,84,0,42,42,0,63,63
352,"(72, 79)",2,6.885907043707324,127,0,63,63,0,0,0,0,0,63,63,63,0,0,63,63,127,63,0,63,0,0,63,63,0,63,63,0,63,0
353,"(79, 76)",2,3.9579418969832414,84,42,63,42,42,42,42,42,42,42,42,42,42,42,42,42,31,42,42,42,31,42,63,31,42,31,127,63,42,42
354,"(76, 455)",2,8.004704344404146,105,63,105,63,63,63,63,63,63,63,63,63,63,63,63,63,63,63,63,63,63,63,127,63,63,63,148,105,63,63
355,"(455, 456)",2,10.266099906288522,63,63,63,63,63,84,63,63,63,63,63,63,63,63,63,63,63,63,63,63,63,63,127,63,63,63,63,63,63,63
356,"(456, 457)",2,10.732234644160306,0,63,63,63,63,127,63,63,0,0,63,0,0,0,63,63,0,0,63,0,0,63,0,0,0,0,63,63,63,0
357,"(457, 83)",2,8.536338386327563,0,0,0,0,0,0,0,0,0,0,0,0,0,0,0,0,0,0,0,0,0,0,0,0,0,0,0,0,0,0
358,"(83, 80)",2,6.019608140865492,31,0,0,0,0,0,0,0,0,31,0,0,0,0,0,0,0,0,0,31,0,0,0,0,0,0,0,0,0,0
359,"(80, 431)",2,9.86550345954807,63,42,31,31,42,31,63,31,31,63,31,0,31,95,31,42,63,31,42,63,31,31,31,95,31,31,84,63,63,31
360,"(431, 430)",2,8.949531526937678,63,63,63,63,63,63,127,63,63,63,63,0,63,191,63,63,127,63,63,63,63,63,63,191,63,63,127,127,63,63
361,"(430, 84)",2,9.646960007016787,95,31,31,63,31,31,95,31,31,31,31,0,63,63,31,31,63,31,31,31,31,31,31,95,31,31,0,31,31,31
362,"(84, 86)",2,14.843538106985724,0,0,0,0,0,0,0,0,0,0,31,0,0,0,0,0,0,0,0,0,0,0,0,0,0,0,0,0,0,0
363,"(86, 91)",2,3.5952097253186275,31,31,31,31,31,31,63,31,31,31,63,31,31,31,31,31,31,63,31,31,63,63,31,31,31,0,0,31,0,31
364,"(91, 88)",2,4.4938585125805375,95,63,31,31,63,63,31,63,31,31,63,0,31,63,63,31,31,31,31,31,63,31,31,63,31,0,0,63,0,63
365,"(576, 577)",1,11.833750657695829,0,0,0,0,0,0,0,0,0,0,0,0,0,0,0,0,0,0,0,0,0,0,0,0,0,0,0,0,0,0
366,"(577, 578)",1,11.191789298173331,0,0,31,0,0,0,0,0,63,31,31,0,0,0,31,0,0,31,0,31,0,0,31,63,0,0,0,0,0,63
367,"(578, 72)",1,14.51313026451329,63,0,63,31,0,0,0,0,127,63,31,31,0,0,63,31,63,63,0,63,0,0,63,95,0,31,31,0,31,127
368,"(72, 73)",1,6.6807001779306905,127,63,63,63,63,63,63,95,63,63,63,63,63,63,63,63,127,63,63,63,63,63,63,63,95,63,63,63,63,63
369,"(74, 75)",1,6.806839526176731,63,63,63,95,63,63,63,63,63,63,63,31,63,63,63,63,63,63,63,63,63,63,63,95,63,63,63,63,63,63
370,"(75, 978)",1,8.652259454423053,0,63,63,63,0,0,0,0,63,63,63,63,63,63,63,63,63,0,63,63,0,63,63,127,0,0,0,0,63,63
371,"(978, 977)",1,8.80517477884447,0,31,31,31,31,31,31,31,31,31,31,0,31,31,31,31,31,31,31,31,31,31,31,31,31,0,0,31,31,31
372,"(977, 976)",1,9.480643945515101,0,31,31,31,31,31,31,95,31,31,31,0,63,31,31,63,31,31,31,31,31,31,31,31,31,0,0,31,31,31
373,"(976, 975)",1,11.02315529358569,0,127,42,42,31,42,84,84,84,42,42,0,31,84,84,31,127,127,84,42,84,127,42,84,127,0,0,84,42,84
374,"(41, 42)",1,3.810035143667608,63,63,63,63,95,63,95,127,159,63,0,0,127,63,63,127,63,63,63,63,63,127,127,63,63,0,0,63,0,127
375,"(42, 999)",1,7.813915076191664,0,63,63,0,127,63,127,127,127,0,0,0,127,63,0,0,0,0,0,63,63,31,127,0,31,0,0,63,0,31
376,"(999, 1000)",1,8.809798177122,0,42,42,0,63,0,84,63,0,0,0,0,63,42,0,0,0,0,0,0,0,42,0,0,0,0,0,0,0,0
377,"(1000, 1001)",1,8.299781733349677,0,63,63,0,127,0,127,127,0,0,0,0,127,63,0,0,0,0,0,0,0,63,0,0,0,0,0,0,0,0
378,"(1001, 45)",1,7.7631963160543815,0,31,31,0,0,0,0,0,0,0,0,0,0,0,0,0,0,0,0,0,0,0,0,0,0,0,0,0,0,0
379,"(44, 536)",1,8.260093106856106,0,0,0,0,0,0,0,0,0,0,0,0,0,0,0,0,0,0,0,0,0,0,0,0,0,0,0,0,0,0
380,"(536, 537)",1,8.316076305345119,0,0,0,0,0,0,0,0,0,0,0,0,0,63,0,0,0,0,0,0,0,0,0,0,0,0,0,0,0,0
381,"(537, 538)",1,9.107379441051254,0,95,63,31,95,63,31,95,0,63,0,0,63,127,0,0,63,0,63,95,31,95,63,0,31,0,0,0,0,95
382,"(538, 43)",1,7.455926450206261,31,191,127,63,191,127,63,191,31,127,0,0,127,127,31,31,127,31,127,191,84,191,127,31,63,0,0,31,0,191
383,"(43, 40)",1,3.5921355821951884,63,0,0,63,0,0,63,0,63,0,0,0,0,0,63,63,0,63,127,0,127,0,0,63,63,0,0,63,0,0
384,"(69, 70)",1,4.185842570460447,63,63,63,63,63,63,255,255,63,63,63,0,63,63,63,63,63,127,63,127,63,127,63,63,127,63,63,63,63,63
385,"(70, 948)",1,13.402632228639746,31,31,31,31,31,31,31,31,63,31,0,0,31,31,31,31,31,63,31,31,31,31,31,63,31,0,0,31,0,31
386,"(948, 949)",1,10.994948920187174,0,42,42,42,42,42,84,84,42,42,0,0,42,42,42,42,42,84,42,42,42,84,84,42,42,0,0,42,0,42
387,"(949, 61)",1,10.409896175247656,63,63,63,63,95,95,127,127,63,63,0,0,95,95,63,63,63,127,63,63,95,127,127,63,63,0,0,63,0,63
388,"(61, 62)",1,4.290113652429922,63,31,31,31,63,63,63,63,31,31,0,0,63,63,31,31,0,63,31,31,63,63,63,31,31,0,0,31,0,31
389,"(62, 545)",1,10.599656110168622,127,63,63,63,105,127,105,127,63,63,0,0,105,127,63,63,0,105,63,63,127,127,127,84,63,0,0,63,0,63
390,"(545, 546)",1,10.20565976845082,127,63,63,0,63,127,63,127,63,63,0,0,63,127,63,63,0,63,63,63,127,127,0,127,63,0,0,63,0,63
391,"(546, 57)",1,11.19475021959694,84,42,42,0,42,42,42,84,42,42,0,0,42,42,42,42,42,42,42,42,42,84,42,42,42,0,0,42,0,42
392,"(57, 58)",1,3.677240273511398,127,63,63,0,63,63,63,127,63,63,0,0,63,63,63,63,63,63,63,63,63,127,63,63,63,0,0,63,0,63
393,"(59, 56)",1,4.146064893654697,63,0,63,0,63,63,63,95,63,63,0,0,63,63,63,63,63,63,63,63,63,63,63,63,127,0,0,63,0,127
394,"(56, 544)",1,11.514845367664796,31,31,63,0,63,63,31,127,63,31,0,0,63,63,63,63,63,63,63,63,31,31,63,63,31,0,0,63,0,127
395,"(544, 543)",1,10.64126434122949,63,31,31,0,31,31,63,63,31,31,0,0,31,31,31,31,31,31,63,63,63,31,31,31,31,0,0,31,0,31
396,"(543, 63)",1,9.88340413829101,127,63,95,31,63,84,127,127,63,84,0,0,63,63,63,63,63,95,127,127,127,63,63,63,95,0,0,63,0,63
397,"(63, 60)",1,4.290113652429922,159,63,127,63,63,95,127,127,63,95,0,0,127,95,63,63,95,127,95,95,159,63,63,63,127,0,0,95,0,63
398,"(60, 547)",1,11.51484536766485,148,63,84,63,84,105,127,148,84,63,0,0,105,84,63,63,105,84,63,63,105,105,84,63,127,0,0,148,0,63
399,"(547, 548)",1,10.274705188525592,191,63,63,0,127,191,191,255,127,63,0,0,63,63,63,63,63,127,63,63,63,191,127,63,127,0,0,191,0,63
400,"(548, 71)",1,12.914898862198141,84,84,63,42,84,84,84,106,42,42,31,31,63,84,106,63,84,63,63,63,106,84,84,63,84,0,31,84,63,106
401,"(71, 68)",1,4.471678653226632,63,63,63,63,63,63,63,127,63,63,63,63,63,63,127,63,127,63,63,63,127,63,63,63,63,0,63,63,127,63
402,"(45, 46)",1,4.206903546540624,63,63,63,0,63,31,63,63,0,0,0,0,63,95,0,0,0,0,0,0,31,63,31,0,0,0,0,0,0,63
403,"(47, 44)",1,3.6802433285432223,127,63,63,0,127,63,127,127,0,0,0,0,127,191,0,0,0,0,0,0,63,127,63,0,0,0,0,0,0,127
404,"(44, 45)",2,3.8561491991904777,0,31,31,0,0,0,0,0,0,0,0,0,0,0,0,0,0,0,0,0,0,0,0,0,0,0,0,0,0,0
405,"(45, 528)",2,8.97910868779879,0,63,63,0,0,0,0,0,95,0,0,0,0,63,0,0,0,0,0,0,0,0,0,0,0,0,0,0,0,0
406,"(528, 529)",2,7.95069741867886,63,31,31,0,31,31,31,31,127,84,0,0,31,127,84,63,63,0,84,84,84,84,31,0,31,0,0,84,0,84
407,"(529, 530)",2,8.612355880179843,127,63,63,0,63,63,63,63,191,127,0,0,63,95,127,127,127,31,95,95,95,127,63,31,63,0,0,95,0,127
408,"(530, 531)",2,8.75105827745743,63,0,31,0,31,31,0,31,0,63,0,0,31,31,63,63,63,31,31,31,31,63,31,31,0,0,0,31,0,63
409,"(531, 52)",2,10.130693029940035,0,0,0,0,0,0,0,0,0,0,0,0,0,0,0,0,0,0,0,0,0,0,0,0,0,0,0,0,0,0
410,"(52, 53)",2,7.289602335243851,0,0,0,0,0,0,0,0,0,0,0,0,0,0,0,0,0,0,0,0,0,0,0,0,0,0,0,0,0,0
411,"(53, 539)",2,8.612355880179834,63,31,31,0,31,31,31,31,31,31,0,0,31,31,31,31,31,63,31,63,31,31,0,0,31,0,0,31,0,31
412,"(539, 541)",2,8.559601728621953,63,31,31,31,31,31,31,31,31,31,0,0,31,63,63,63,31,31,31,31,63,31,0,0,31,0,0,31,0,31
413,"(541, 56)",2,11.892419228319504,0,0,31,0,31,31,0,63,31,0,0,0,31,31,31,31,31,31,31,31,0,0,31,31,0,0,0,31,0,63
414,"(56, 57)",2,4.230471818044201,63,31,63,0,63,63,31,127,63,31,0,0,63,63,63,63,63,63,63,63,31,63,63,63,31,0,0,63,0,95
415,"(58, 59)",2,4.256505736491762,31,63,63,0,63,63,63,31,63,63,0,0,63,63,63,63,63,63,63,63,63,31,63,63,63,0,0,63,0,63
416,"(59, 542)",2,11.152235227460999,63,31,63,0,63,63,63,63,63,63,0,0,63,63,63,63,63,63,63,63,63,63,63,63,127,0,0,63,0,127
417,"(542, 540)",2,8.667338444840565,31,31,31,31,84,31,84,31,31,31,0,0,31,42,31,31,31,84,31,31,31,31,31,31,31,0,0,42,0,31
418,"(540, 54)",2,9.496920380691769,63,31,31,31,127,63,127,31,31,31,0,0,31,63,31,31,31,127,63,31,31,63,63,31,63,0,0,63,0,63
419,"(54, 55)",2,6.580733939179757,0,0,0,0,0,0,0,0,0,0,0,0,0,63,0,0,0,0,0,0,0,0,0,0,0,0,0,0,0,0
420,"(55, 535)",2,8.198339553771344,0,0,0,0,0,0,0,0,0,0,0,0,0,127,0,0,0,0,31,0,0,0,31,0,31,0,0,63,0,31
421,"(535, 534)",2,9.499246631891546,63,31,63,0,63,63,63,63,31,63,0,0,31,31,63,31,31,63,42,31,63,63,42,31,42,0,0,84,0,42
422,"(534, 533)",2,9.081870225459502,127,63,127,0,127,127,127,127,63,127,0,0,63,63,127,63,63,127,63,63,127,127,63,63,63,0,0,127,0,63
423,"(533, 532)",2,8.281464664198365,127,63,127,0,127,127,127,127,63,127,0,0,63,63,127,63,63,127,63,63,127,127,63,63,63,0,0,127,0,63
424,"(532, 46)",2,8.559601728622006,127,63,42,0,127,42,127,127,0,0,0,0,84,148,0,0,0,0,0,0,42,127,63,0,0,0,0,0,0,84
425,"(46, 47)",2,3.0643668945927693,127,63,63,0,127,63,127,127,0,0,0,0,127,191,0,0,0,0,0,0,63,127,63,0,0,0,0,0,0,127
426,"(76, 77)",1,7.0115059109010645,127,105,127,63,105,148,105,105,63,63,63,63,63,63,105,63,105,63,63,105,105,105,127,63,105,63,127,84,63,63
427,"(77, 477)",1,8.744743926193317,127,127,127,63,127,191,127,127,63,63,63,0,63,63,127,63,127,63,63,127,127,127,127,63,127,63,63,63,63,63
428,"(477, 476)",1,10.68271051306775,0,0,0,0,0,0,0,0,0,0,0,0,0,0,0,0,0,0,0,0,0,0,0,0,0,0,0,0,0,0
429,"(476, 475)",1,10.762045036782151,63,95,63,31,31,95,63,63,63,63,31,0,31,63,31,31,31,95,63,63,95,63,95,31,127,0,0,63,0,95
430,"(475, 474)",1,11.063720077942921,0,0,0,0,0,0,0,0,0,0,0,0,0,0,31,0,0,0,0,0,0,0,0,31,0,0,0,0,0,0
431,"(474, 473)",1,10.306911009399556,0,0,0,0,0,0,0,0,0,0,0,0,0,0,63,0,0,0,0,0,0,0,0,63,0,0,0,0,0,0
432,"(473, 472)",1,11.267539978292739,0,0,0,0,0,0,0,0,0,0,0,0,0,0,0,0,0,0,0,0,0,0,0,0,0,0,0,0,0,0
433,"(472, 108)",1,8.823974547123415,63,31,63,31,31,31,63,95,127,0,31,0,31,63,63,31,63,0,31,63,63,95,63,63,31,0,0,95,0,63
434,"(108, 109)",1,3.8761515893321628,127,95,127,63,127,63,127,191,191,63,63,0,95,127,127,63,127,95,95,127,127,191,127,127,63,0,0,191,0,159
435,"(109, 645)",1,9.79018888092342,127,95,105,31,127,63,169,212,148,95,63,0,95,105,105,63,105,148,95,105,148,191,105,105,63,0,0,169,0,159
436,"(645, 646)",1,10.273629922425867,0,31,63,31,31,31,255,255,63,31,31,0,31,63,63,31,63,191,31,63,191,95,63,63,31,0,0,127,0,0
437,"(646, 647)",1,7.369486644133283,0,0,0,0,0,0,0,0,0,0,0,0,0,0,0,0,0,0,0,0,0,0,0,0,0,0,0,0,0,0
438,"(647, 118)",1,7.049219347860596,0,0,0,0,0,0,0,0,0,0,0,0,0,0,0,0,0,0,0,0,0,0,0,0,0,0,0,0,0,0
439,"(118, 957)",1,6.7301265004432835,31,31,0,0,0,0,95,0,63,63,0,0,0,63,31,0,63,31,0,63,95,95,0,63,95,31,0,0,31,63
440,"(957, 120)",1,7.673524843613883,31,31,31,0,0,63,95,31,63,63,31,0,0,63,31,31,63,31,31,63,95,95,63,63,95,31,0,63,31,63
441,"(120, 663)",1,7.570617123243951,84,84,42,42,42,84,42,42,42,42,42,0,42,42,127,42,42,84,42,42,42,84,84,42,42,0,0,84,0,42
442,"(663, 664)",1,9.459622562043792,127,127,63,63,63,127,63,63,63,63,63,0,63,63,191,63,63,127,63,63,63,127,127,63,63,0,0,127,0,63
443,"(664, 665)",1,8.618767223195476,63,42,42,63,63,106,42,106,42,63,31,0,84,63,148,42,63,127,63,42,106,127,63,84,63,0,0,63,0,84
444,"(665, 666)",1,10.092453556075911,127,63,63,127,127,191,63,191,63,127,63,0,191,127,191,63,127,191,127,63,191,191,63,127,127,0,0,127,0,191
445,"(666, 667)",1,9.672121059846754,127,63,63,95,95,159,95,159,63,95,63,0,127,95,159,63,95,127,127,63,127,127,63,95,95,0,0,127,0,127
446,"(668, 669)",1,8.934706229855855,191,63,63,0,63,191,127,169,63,63,0,0,63,63,127,63,63,63,63,127,127,191,127,63,191,0,0,63,0,127
447,"(669, 670)",1,8.934706229855934,0,0,0,0,0,31,0,127,0,63,0,0,63,0,31,63,0,0,63,0,0,0,0,63,31,0,0,0,0,0
448,"(670, 671)",1,9.46195798303042,31,31,31,31,31,95,31,63,31,84,0,0,63,31,95,63,31,31,95,31,31,31,63,63,127,0,0,42,0,31
449,"(671, 672)",1,10.30262271671989,31,31,31,31,31,63,31,63,31,63,0,0,63,42,63,63,31,31,63,42,31,31,84,63,95,0,0,63,0,31
450,"(672, 121)",1,7.883719483345485,95,95,31,63,95,95,63,95,63,63,0,0,63,63,95,63,31,63,127,63,95,63,127,63,170,0,0,63,0,0
451,"(121, 956)",1,7.463331285133093,148,105,63,84,105,105,84,148,84,63,0,0,63,63,105,63,63,84,105,63,105,95,159,95,127,0,0,42,0,95
452,"(956, 119)",1,7.042947799156504,169,63,63,63,105,105,105,148,63,31,0,0,63,63,63,63,31,63,63,63,105,106,95,63,105,0,0,84,31,127
453,"(119, 650)",1,10.208906704139954,191,0,127,63,127,127,127,159,63,0,0,0,31,0,31,31,0,31,31,63,127,255,0,0,127,0,0,95,63,191
454,"(650, 649)",1,8.419057519235269,63,31,31,31,31,31,31,63,31,31,31,0,31,31,31,31,31,31,31,31,31,63,31,31,31,0,0,31,0,31
455,"(649, 648)",1,7.752303178664422,31,63,63,63,63,95,95,95,63,63,63,0,127,63,95,63,63,63,63,63,95,95,95,63,95,0,0,95,0,63
456,"(648, 110)",1,9.052628817997306,63,63,63,63,95,0,0,0,31,63,63,0,191,63,0,0,95,95,63,63,0,0,0,0,0,0,0,0,0,95
457,"(110, 111)",1,4.617532421851911,127,127,127,0,191,0,0,0,63,127,0,0,0,127,0,31,127,191,127,127,0,0,63,0,0,0,63,0,0,191
458,"(111, 564)",1,9.098945023057642,0,42,42,42,42,42,42,42,42,42,0,0,42,42,42,42,42,42,42,42,42,42,84,42,42,0,84,42,0,42
459,"(564, 481)",1,10.915999829200892,31,63,63,63,63,63,95,63,63,63,0,0,63,63,63,63,63,63,63,63,63,63,95,63,127,0,127,63,0,63
460,"(481, 480)",1,10.147037261642373,0,0,31,31,0,63,63,31,63,0,0,0,31,31,0,63,31,63,0,0,0,0,31,0,63,0,0,0,0,0
461,"(480, 479)",1,10.914937132047758,63,63,127,63,95,159,127,63,127,63,0,0,63,63,63,127,63,159,63,63,95,95,63,63,159,0,0,95,0,95
462,"(479, 478)",1,10.936171454752778,0,0,0,0,0,0,0,0,0,0,0,0,0,0,0,0,0,0,0,0,0,0,0,0,0,0,0,0,0,0
463,"(478, 570)",1,10.558605875217276,63,42,63,42,63,106,84,106,63,42,0,0,63,63,84,42,42,63,63,42,63,106,84,42,84,42,42,63,0,84
464,"(570, 78)",1,8.45165500206322,31,63,127,63,127,191,191,255,127,63,31,31,127,127,191,63,63,127,127,63,127,255,191,63,191,63,63,127,31,191
465,"(78, 79)",1,6.858578718363719,63,63,0,63,0,0,0,0,0,63,63,63,0,0,0,63,63,0,0,63,0,127,0,63,0,63,63,0,63,0
466,"(80, 81)",2,6.844066604192287,63,31,0,0,31,31,31,31,0,63,31,0,31,31,31,0,0,0,31,63,31,31,0,31,31,0,0,31,0,31
467,"(81, 444)",2,8.871422325538685,63,63,31,31,63,63,63,63,31,63,63,0,63,63,63,63,31,31,63,63,63,63,31,63,63,31,63,63,31,63
468,"(444, 445)",2,10.472784889771278,0,0,0,0,0,0,0,0,0,0,0,0,0,0,0,0,0,0,0,0,0,0,0,0,0,0,0,0,0,0
469,"(445, 446)",2,10.351830830247943,0,0,0,0,0,31,0,0,0,0,0,0,0,0,0,0,0,0,0,0,0,0,0,0,31,0,31,0,0,0
470,"(446, 447)",2,10.196996218698857,42,42,42,42,42,42,84,84,84,42,42,0,42,42,84,42,42,42,42,42,84,127,42,42,42,42,42,84,42,84
471,"(447, 955)",2,10.68271051306775,63,63,63,63,63,127,159,127,95,63,63,31,63,63,95,63,63,95,63,63,127,159,63,63,95,63,63,95,63,127
472,"(955, 100)",2,8.744743926193365,95,95,63,42,95,127,127,127,42,42,31,31,63,63,63,63,42,127,63,42,95,127,95,63,127,31,31,95,31,95
473,"(100, 101)",2,7.3198497777642695,84,84,63,63,95,127,127,106,63,63,31,31,63,63,63,63,63,127,63,63,95,106,95,63,106,31,42,84,42,84
474,"(101, 104)",2,5.609204728720899,63,63,63,31,63,63,63,63,63,63,31,31,63,63,63,63,63,63,63,63,31,63,63,31,63,31,63,63,63,63
475,"(104, 105)",2,4.32090433689427,0,0,0,31,0,0,0,0,31,31,0,0,0,0,0,0,31,0,0,31,0,0,0,0,0,0,31,0,31,0
476,"(105, 639)",2,8.132042791296342,31,0,31,63,0,0,0,31,63,63,31,31,31,31,31,31,63,0,31,63,31,31,0,31,31,31,63,31,63,31
477,"(639, 640)",2,10.121965315177562,31,63,31,31,31,31,31,31,31,31,31,31,31,31,31,31,31,31,31,31,31,31,31,31,31,31,31,31,31,31
478,"(640, 641)",2,10.107766705641772,31,31,31,31,31,31,31,31,31,31,31,31,31,31,31,31,31,63,31,31,31,31,31,31,31,0,31,31,31,31
479,"(641, 138)",2,8.26009310685613,31,31,42,31,31,31,31,42,31,31,31,31,42,63,31,42,42,63,31,42,31,42,31,63,31,0,31,63,31,42
480,"(138, 140)",2,14.235683370031609,63,63,63,42,63,63,63,63,31,42,63,0,63,127,63,63,63,95,63,105,63,63,63,127,63,0,42,127,42,63
481,"(140, 678)",2,9.906849693620197,31,31,31,63,63,31,31,31,31,63,63,0,31,31,63,63,31,31,31,127,31,31,31,31,31,0,63,31,63,31
482,"(678, 679)",2,10.107766705641772,0,63,42,42,0,0,42,42,42,42,0,0,42,0,0,42,42,0,0,42,0,42,42,0,63,31,42,0,42,42
483,"(679, 680)",2,10.503331674465683,31,127,63,63,31,31,63,63,63,63,31,0,63,31,31,63,63,31,31,63,31,63,63,31,127,63,63,31,63,63
484,"(680, 681)",2,8.709298958379682,0,31,42,42,0,0,31,42,42,31,0,0,42,0,0,42,42,0,0,42,0,31,31,0,127,0,42,0,42,31
485,"(681, 764)",2,8.778787467230531,31,63,63,63,31,31,105,63,63,63,31,0,63,31,84,63,63,31,31,63,31,105,63,31,127,0,63,84,63,148
486,"(764, 765)",2,10.107766705641799,63,63,63,63,63,63,127,63,63,63,63,0,63,63,127,63,63,63,63,63,63,127,63,63,127,0,63,127,63,191
487,"(677, 676)",2,8.998772787316094,0,0,0,0,0,0,0,0,0,0,0,0,0,0,0,0,0,0,0,0,0,0,0,0,0,0,0,0,0,0
488,"(676, 675)",2,10.038673582804295,42,42,31,31,31,31,31,31,31,42,42,0,31,31,42,42,31,31,31,42,31,31,31,31,63,0,31,31,84,42
489,"(675, 674)",2,10.703373415379472,63,63,42,42,42,42,84,42,42,63,63,0,42,42,63,63,42,42,42,63,84,42,42,42,42,0,42,42,84,63
490,"(674, 673)",2,10.641264341229483,63,63,105,105,105,148,169,63,105,63,63,0,63,105,63,63,105,105,63,63,169,105,105,105,105,0,63,105,63,63
491,"(673, 141)",2,10.704405513488608,63,63,127,127,127,191,191,0,127,63,63,0,0,127,63,63,127,127,0,63,191,127,127,127,127,0,0,127,63,63
492,"(141, 139)",2,13.832645365145348,42,42,42,42,42,42,127,63,42,42,42,0,0,42,42,42,42,31,31,42,42,31,42,42,42,0,0,63,42,42
493,"(139, 642)",2,8.24536802843018,63,63,63,63,63,63,191,0,63,63,63,0,0,63,63,63,63,0,0,63,63,0,63,63,63,0,0,0,63,63
494,"(642, 643)",2,8.245368028430127,63,63,31,31,31,31,0,0,31,63,63,0,31,31,63,63,31,31,63,63,31,31,31,31,31,0,31,63,63,63
495,"(643, 644)",2,10.55683748096917,0,0,0,0,0,0,0,0,0,0,0,0,0,0,0,0,0,0,0,0,0,0,0,0,0,0,0,0,0,0
496,"(644, 106)",2,9.458454635307863,84,127,42,42,42,127,127,84,42,42,42,42,63,84,42,42,42,127,42,63,127,127,84,84,127,31,31,127,42,84
497,"(106, 107)",2,4.389393733615254,127,191,63,63,63,191,191,127,63,63,63,63,0,127,63,63,63,191,63,95,191,191,127,127,191,0,0,191,63,127
498,"(107, 102)",2,6.0671369113884,127,191,31,63,63,191,191,63,63,63,31,31,63,63,31,63,63,95,63,63,95,95,127,127,95,31,31,95,31,127
499,"(102, 103)",2,6.526792587282238,0,0,31,31,0,0,0,0,0,0,31,0,0,0,0,31,31,0,0,31,0,0,0,0,0,0,0,0,31,0
500,"(103, 954)",2,9.587225934182845,0,0,0,0,0,0,0,0,0,0,0,0,0,0,0,0,0,0,0,0,0,0,0,0,0,0,0,0,0,0
501,"(954, 451)",2,10.76204503678223,42,42,42,42,42,0,63,84,0,31,42,42,0,0,63,42,42,42,0,42,42,0,0,0,42,63,0,63,42,0
502,"(451, 450)",2,9.406922304849804,63,63,63,63,63,63,105,105,42,63,63,63,42,42,105,63,63,63,42,63,63,42,42,42,63,42,31,105,63,42
503,"(450, 449)",2,9.895692071323774,63,63,63,63,63,127,63,63,63,63,63,63,63,63,63,63,63,63,63,63,63,63,63,63,63,63,31,63,63,63
504,"(449, 448)",2,11.044731700144858,31,31,63,63,31,63,31,31,63,31,63,31,31,63,31,63,63,31,31,63,31,31,31,31,31,31,31,31,63,31
505,"(448, 82)",2,8.795131804628232,31,0,0,0,0,0,0,0,0,0,31,0,0,0,0,0,0,0,0,0,0,0,0,31,0,95,0,0,0,0
506,"(82, 83)",2,6.967248893956568,63,0,0,0,0,0,0,0,0,0,63,0,0,0,0,0,0,0,0,0,0,0,0,63,0,191,0,0,0,0
507,"(105, 106)",1,7.091407228072679,63,84,42,63,42,84,106,63,63,63,31,31,31,63,42,31,63,84,42,105,84,106,63,63,84,0,63,84,63,63
508,"(106, 467)",1,8.163228730531475,84,105,63,63,63,105,148,84,63,63,63,63,42,84,63,63,63,105,63,127,105,148,84,84,105,0,0,105,63,84
509,"(467, 468)",1,10.196996218698857,63,63,63,0,63,63,95,63,63,63,0,0,63,63,63,0,63,105,63,84,63,127,63,63,63,0,0,63,0,63
510,"(468, 471)",1,10.069440167673443,42,105,105,0,42,42,42,42,42,105,0,0,105,42,42,0,42,84,42,105,42,84,105,42,42,0,0,42,0,105
511,"(471, 109)",1,7.673524843613821,105,127,127,0,148,63,84,127,105,127,31,0,127,105,105,31,105,148,105,127,105,127,127,84,63,0,0,127,0,169
512,"(109, 110)",1,4.617532421851911,127,127,127,0,191,63,127,191,127,127,63,0,127,127,127,63,127,191,127,127,127,191,127,127,63,0,0,191,0,191
513,"(110, 565)",1,11.472399566526253,127,127,127,0,191,0,0,0,63,127,0,0,0,127,0,0,127,191,127,127,0,0,0,0,0,0,0,0,0,191
514,"(565, 566)",1,10.341153332996802,31,31,31,0,31,31,31,0,31,63,0,0,31,31,31,0,31,31,31,31,31,31,31,31,0,0,0,31,0,0
515,"(566, 567)",1,11.329345858032775,63,63,63,0,63,63,63,0,63,127,0,0,63,63,63,0,63,63,63,63,63,63,63,63,0,0,0,63,0,0
516,"(567, 568)",1,11.636669687666519,63,63,63,0,0,63,63,0,63,127,0,0,63,63,63,0,63,63,63,63,63,0,63,63,0,0,0,63,0,0
517,"(568, 569)",1,12.420151363009857,0,0,0,0,0,63,63,0,63,0,0,0,63,63,0,0,63,0,63,0,0,0,0,63,0,0,0,0,0,0
518,"(569, 113)",1,13.30387874107733,63,106,84,31,63,106,127,127,84,84,31,0,63,84,84,84,84,106,84,106,127,148,106,84,106,31,31,84,31,127
519,"(113, 114)",1,4.230471818044147,127,159,95,63,95,223,223,223,95,127,63,31,63,95,159,95,95,95,191,159,223,223,159,95,223,63,63,95,95,191
520,"(115, 112)",1,3.789683799331697,0,0,0,0,0,0,0,0,0,0,0,0,0,0,0,0,0,0,0,0,0,0,0,0,0,0,0,0,0,0
521,"(112, 559)",1,11.302312551437943,31,31,31,0,0,0,31,0,0,0,0,0,31,31,31,31,31,31,31,0,31,0,31,31,31,0,0,0,84,0
522,"(559, 560)",1,11.636669687666572,0,0,0,0,0,0,0,0,0,0,0,0,0,0,0,0,0,0,0,0,0,0,0,0,0,0,0,0,127,0
523,"(560, 561)",1,12.115048420130877,42,42,42,63,63,63,42,84,63,42,0,0,42,42,42,42,42,42,42,84,42,31,42,42,42,0,0,63,105,63
524,"(561, 562)",1,11.119745575850057,63,63,63,63,63,63,63,127,63,63,0,0,63,63,63,63,63,63,63,127,63,63,63,63,63,0,0,63,63,63
525,"(562, 563)",1,11.11974557585004,84,105,84,84,105,105,127,148,84,84,0,0,84,84,84,63,84,84,84,127,84,84,84,84,84,0,0,105,63,105
526,"(563, 111)",1,12.321731933799843,127,191,127,127,191,191,255,191,127,127,0,0,127,127,127,63,127,127,127,127,127,127,127,127,127,0,0,191,63,191
527,"(111, 108)",1,4.723968398888964,63,31,63,31,31,31,63,95,95,0,31,0,31,63,63,31,63,0,31,63,63,95,63,63,31,0,0,95,0,63
528,"(108, 470)",1,7.928434309051982,84,63,105,63,105,63,105,127,127,63,63,0,63,84,84,63,84,106,63,84,84,105,84,84,63,0,0,127,31,84
529,"(470, 469)",1,10.059561170199352,63,63,63,63,191,63,127,127,127,63,0,0,63,63,63,63,63,191,63,63,63,63,63,63,63,0,0,63,63,63
530,"(469, 466)",1,10.021050266896147,63,31,63,42,63,106,31,42,42,42,0,0,42,42,84,42,42,84,42,42,42,63,63,63,63,0,0,84,31,63
531,"(466, 107)",1,8.41380709308123,127,127,127,63,63,191,127,63,63,63,0,0,63,63,127,63,63,127,63,63,63,127,127,127,127,0,0,127,0,127
532,"(107, 104)",1,7.21649122875438,127,191,0,63,63,191,191,0,63,63,0,0,0,0,0,63,63,0,63,63,0,0,127,127,0,0,0,0,0,127
533,"(86, 87)",2,6.8585787183636695,0,95,63,127,31,63,63,63,31,31,63,0,31,95,31,0,63,95,63,0,63,63,95,63,95,0,0,0,0,63
534,"(87, 434)",2,9.029412211298355,63,159,127,191,63,95,95,127,63,63,0,0,63,127,63,63,127,159,95,63,95,127,127,95,127,0,0,63,0,95
535,"(434, 435)",2,9.485280567051056,63,31,63,31,63,31,31,31,31,31,0,0,31,31,31,31,63,63,31,63,31,63,31,63,31,0,0,31,0,31
536,"(435, 436)",2,9.66183582156939,63,31,31,0,31,63,63,63,31,31,0,0,63,63,63,31,127,63,31,31,31,63,31,63,63,0,0,95,0,95
537,"(436, 437)",2,9.111017784404712,31,63,63,0,31,63,63,31,31,31,31,0,31,31,31,31,159,31,31,31,31,31,31,63,31,0,0,63,31,31
538,"(437, 438)",2,8.74474392619327,0,0,0,0,0,0,0,0,0,0,0,0,0,0,0,0,0,0,0,0,0,0,0,0,0,0,0,0,0,0
539,"(438, 96)",2,13.078105322485568,63,63,63,31,63,63,63,95,63,0,0,0,63,63,63,31,31,63,63,31,31,31,31,0,31,0,0,95,0,84
540,"(96, 97)",2,7.0115059109010645,31,127,84,0,0,127,0,127,127,0,63,0,127,127,0,127,63,127,159,63,63,63,63,0,63,0,0,0,0,127
541,"(97, 601)",2,9.993451618327564,63,42,63,84,42,148,42,84,42,42,127,0,42,42,42,105,42,63,105,42,84,42,84,42,63,0,0,42,0,127
542,"(601, 602)",2,9.690378973330448,63,63,63,127,63,191,63,127,63,63,0,0,63,63,63,63,63,127,63,63,191,63,127,63,127,0,0,63,0,127
543,"(602, 603)",2,9.534072289324627,31,31,31,31,31,63,31,31,31,31,0,0,31,31,31,31,31,31,31,31,63,31,31,31,31,0,0,31,0,63
544,"(603, 604)",3,12.345477487474335,63,63,63,95,63,159,63,63,63,63,0,0,63,63,63,63,63,63,63,63,159,95,63,63,95,63,0,63,0,95
545,"(604, 142)",2,7.65189908475517,0,0,0,0,0,0,0,0,0,0,0,0,0,0,0,0,0,0,0,0,0,0,0,0,0,0,0,0,0,0
546,"(142, 144)",2,14.69167632091882,0,31,95,0,63,106,95,95,63,0,0,0,63,63,106,63,63,95,63,95,95,106,95,63,63,0,0,63,0,84
547,"(144, 783)",2,12.475584519069916,0,63,191,0,127,191,191,191,127,0,0,0,127,127,191,127,127,191,127,191,191,191,191,127,127,0,0,127,0,127
548,"(783, 784)",2,10.456844166971472,0,0,0,0,0,0,0,0,0,0,0,0,0,0,0,0,0,0,0,0,0,31,0,0,0,0,0,0,0,0
549,"(781, 782)",2,10.091238447846758,42,42,42,42,63,42,84,42,63,42,42,0,63,42,42,42,42,42,42,63,63,42,63,84,84,84,0,63,84,84
550,"(782, 145)",2,12.458074221651254,63,63,63,63,95,95,127,63,95,95,63,0,127,95,95,63,95,95,63,95,127,95,95,159,159,95,0,127,95,159
551,"(145, 143)",2,14.366235549701663,63,31,63,31,95,95,95,84,63,31,0,0,63,63,63,63,63,63,0,63,95,95,95,63,63,31,0,95,84,63
552,"(143, 608)",2,8.442644030097,127,63,127,0,191,191,191,191,127,63,0,0,127,127,127,127,63,0,0,127,191,191,191,127,127,0,0,191,159,127
553,"(608, 607)",2,9.906849693620224,0,0,0,0,0,0,0,0,0,0,0,0,0,0,0,0,0,0,0,0,0,0,0,0,0,0,0,0,191,0
554,"(607, 606)",2,9.816108275261474,63,42,31,31,42,127,31,31,63,95,0,0,42,31,84,42,42,84,127,31,127,95,84,95,84,0,0,84,0,63
555,"(606, 605)",2,10.273629922425885,31,63,63,63,63,191,95,63,31,31,0,0,63,63,127,63,63,127,191,63,191,63,159,63,127,0,0,127,31,31
556,"(605, 99)",2,9.029412211298323,42,42,84,84,63,127,106,106,42,42,0,0,42,42,42,84,42,106,42,63,106,84,106,84,106,0,0,84,42,106
557,"(99, 98)",2,7.464811370677604,84,84,127,105,105,169,148,148,84,63,0,0,84,84,84,105,84,148,84,105,169,127,191,127,169,0,0,127,63,148
558,"(98, 443)",2,8.26009310685613,127,95,95,63,95,95,95,127,95,63,0,0,95,127,95,63,95,95,95,127,127,127,191,95,159,0,0,127,63,95
559,"(443, 442)",2,10.431563696277076,31,84,31,0,31,31,84,63,84,42,0,0,42,63,42,42,31,84,84,159,42,63,84,31,84,0,0,84,42,84
560,"(442, 441)",2,10.38060521348257,63,127,63,31,63,63,127,31,127,63,0,0,63,31,63,63,63,127,127,31,63,31,127,63,127,0,0,127,63,127
561,"(441, 440)",2,10.472784889771278,31,31,31,31,95,63,63,63,31,42,0,0,42,63,63,31,63,63,63,0,63,0,31,0,31,0,0,63,31,31
562,"(440, 439)",2,9.993451618327514,31,31,63,0,31,31,63,63,31,63,0,0,63,31,31,31,31,63,31,31,63,31,31,63,31,0,0,95,0,31
563,"(439, 85)",2,9.35982853066192,63,84,63,0,42,106,84,63,63,63,0,0,63,63,63,42,63,106,63,42,106,84,63,84,63,0,0,63,0,63
564,"(85, 84)",2,6.6807001779306905,127,127,0,0,63,191,127,0,0,0,0,0,0,0,0,63,127,191,0,63,191,191,0,127,127,0,0,0,0,0
565,"(590, 591)",2,14.966575480276052,63,95,63,63,63,127,63,63,63,127,159,0,63,63,63,63,63,63,63,63,95,63,63,63,63,191,0,63,63,63
566,"(591, 592)",2,16.755242675103144,63,63,63,63,63,191,63,63,63,63,0,0,63,63,63,63,63,63,63,63,63,63,63,63,63,0,0,63,0,63
567,"(592, 92)",2,15.927773386237368,63,63,63,63,63,0,63,63,63,63,0,0,0,63,63,63,63,63,63,63,63,63,63,0,63,0,0,63,0,63
568,"(92, 93)",2,6.721914018433103,31,31,31,31,31,31,31,31,31,31,31,0,63,31,31,31,31,31,31,31,31,31,31,63,31,31,0,31,0,31
569,"(93, 610)",2,9.811605473063347,63,63,63,63,63,63,63,63,63,63,63,0,84,63,63,63,63,63,63,63,63,63,63,84,63,63,0,63,0,63
570,"(610, 612)",2,15.311015240493708,63,63,63,63,63,63,63,63,63,63,63,0,63,63,63,63,63,63,63,63,63,63,63,63,63,63,0,63,31,63
571,"(612, 614)",2,10.221884133155672,63,63,63,63,63,63,63,63,63,63,63,0,63,63,63,63,63,63,63,63,63,63,63,63,63,0,0,63,63,63
572,"(614, 615)",2,9.406922304849756,63,63,63,63,63,63,63,63,63,63,63,0,63,63,63,63,63,63,63,63,63,63,63,63,63,0,0,63,63,63
573,"(615, 618)",2,8.37696196788092,0,0,0,0,0,0,0,0,0,0,0,0,0,0,0,0,0,0,0,0,0,0,0,0,0,0,0,0,0,0
574,"(618, 146)",2,8.923571093483623,0,0,0,0,0,0,0,0,0,0,0,0,0,0,0,0,0,0,0,0,0,0,0,0,0,0,0,0,0,0
575,"(146, 619)",2,8.316076305345202,31,31,31,31,31,31,31,31,31,31,31,0,31,31,31,31,31,31,31,31,31,31,31,31,31,0,0,31,31,31
576,"(619, 148)",2,7.504663340877219,42,42,42,42,42,42,42,42,42,42,31,0,42,42,42,42,42,42,42,42,42,42,42,42,42,0,0,42,42,42
577,"(148, 799)",2,9.165419621304226,63,63,63,63,63,63,63,63,63,63,0,0,63,63,63,63,63,63,63,63,63,63,63,63,63,0,0,63,63,63
578,"(799, 800)",2,10.563114463476605,63,63,63,63,63,63,63,63,63,63,0,0,63,63,63,63,63,63,63,63,63,63,63,63,63,0,0,63,63,63
579,"(800, 801)",2,10.436857562995037,63,63,63,63,63,63,63,63,63,63,0,0,63,63,63,63,63,63,63,63,63,63,63,63,63,0,0,63,63,63
580,"(795, 794)",2,10.274705188525633,63,63,63,42,63,63,63,63,63,63,0,0,63,63,63,63,63,63,63,63,63,63,63,63,63,0,0,63,0,63
581,"(794, 793)",2,10.130693029939994,63,63,63,63,63,63,63,63,63,63,0,0,63,63,63,63,63,63,63,63,63,63,63,63,63,0,0,63,0,63
582,"(793, 792)",2,11.394287947134305,63,63,63,63,63,63,63,63,63,63,0,0,63,63,63,63,63,63,63,63,63,63,63,63,63,0,0,63,0,63
583,"(792, 149)",2,8.77501137380156,63,63,63,63,63,63,63,63,63,63,0,0,63,63,63,63,63,63,63,63,63,63,63,63,63,0,0,63,0,63
584,"(149, 620)",2,7.673524843613906,63,63,63,63,63,63,63,63,63,63,0,0,63,63,63,63,63,63,63,63,63,63,63,63,63,0,0,63,0,63
585,"(620, 147)",2,7.516430754362341,63,63,63,63,63,63,63,63,63,63,0,0,63,63,63,63,63,63,63,63,63,63,63,63,63,0,0,63,0,63
586,"(147, 617)",2,8.667338444840565,42,42,42,42,42,42,42,42,42,42,0,0,42,42,42,42,42,42,42,42,42,42,42,42,42,0,0,42,0,42
587,"(617, 616)",2,8.59180743245764,63,63,63,63,63,63,63,63,63,63,0,0,63,63,63,63,63,63,63,63,63,63,63,63,63,0,0,63,0,63
588,"(616, 613)",2,10.239161786107926,63,63,63,63,63,63,63,63,63,63,0,0,63,63,63,63,63,63,63,63,63,63,63,63,63,0,0,63,0,63
589,"(613, 611)",2,9.406922304849804,63,63,63,63,63,63,63,63,63,63,0,0,63,63,63,63,63,63,63,63,63,63,63,63,63,0,0,63,0,63
590,"(611, 609)",2,11.149263015292307,63,63,63,63,63,63,63,63,63,63,0,0,63,63,63,63,63,63,63,63,63,63,63,63,63,0,0,63,0,63
591,"(609, 94)",2,11.751310605678169,63,63,63,63,63,63,63,63,63,63,0,0,63,63,63,63,63,63,63,63,63,63,63,63,63,0,0,63,0,63
592,"(94, 95)",2,9.770986876747397,63,63,63,63,63,63,63,63,63,63,0,0,0,63,63,63,63,63,63,63,63,63,63,0,63,0,0,63,0,63
593,"(95, 596)",2,13.415035959679884,42,42,42,42,42,42,42,42,42,42,0,0,42,42,42,42,42,42,42,42,42,42,42,42,42,0,0,42,0,42
594,"(596, 595)",2,14.601919622725509,63,63,63,63,63,63,63,63,63,63,0,0,63,63,63,63,63,63,63,63,63,84,63,63,63,0,0,63,0,63
595,"(595, 594)",2,15.762533650123123,63,105,63,63,63,63,63,63,63,63,0,0,63,63,63,63,84,84,63,63,84,148,63,63,63,0,0,63,0,84
596,"(93, 94)",2,3.798419155829688,63,63,63,63,63,63,63,63,63,63,63,0,127,63,63,63,63,63,63,63,63,63,63,127,63,63,0,63,0,63
597,"(94, 597)",2,10.911900284189661,63,105,105,63,63,63,63,63,63,63,0,0,42,63,105,63,63,105,63,63,105,105,105,42,105,0,0,63,0,63
598,"(597, 598)",2,11.833750657695829,63,127,127,0,63,63,63,63,63,0,0,0,63,63,127,0,63,127,63,63,127,127,127,63,127,0,0,63,0,63
599,"(598, 599)",2,10.556837480969108,63,84,127,0,63,105,63,105,105,42,0,0,63,105,84,84,105,127,63,63,169,84,127,63,127,0,0,63,0,148
600,"(599, 600)",2,10.021050266896069,63,63,127,0,95,127,95,95,127,63,0,0,95,127,95,127,127,127,95,95,127,63,95,95,127,0,0,95,0,127
601,"(600, 97)",2,9.12676717867386,42,63,42,0,63,84,95,42,63,63,84,0,63,63,63,127,63,63,127,63,95,63,42,95,63,0,0,63,0,84
602,"(97, 99)",2,14.513130264513258,63,42,105,63,84,191,127,127,42,42,127,0,63,42,63,148,63,127,127,63,127,63,127,106,127,0,0,84,31,148
603,"(99, 485)",2,8.415120006734098,63,63,84,127,127,255,191,191,63,63,0,0,63,63,63,84,63,191,63,127,191,127,191,127,191,0,0,127,63,191
604,"(485, 484)",2,10.556837480969234,63,63,63,0,84,127,105,191,63,63,0,0,63,63,63,63,63,148,63,127,105,84,105,127,105,0,0,84,0,105
605,"(484, 101)",2,9.611393999013014,42,42,42,63,63,63,63,42,42,42,0,0,42,42,42,42,42,95,42,42,95,63,63,63,63,0,31,63,31,63
606,"(101, 102)",2,7.117841685015856,63,63,63,0,0,0,0,63,63,63,0,0,63,63,63,63,63,0,63,63,0,63,0,0,63,0,63,63,63,63
607,"(103, 100)",2,7.257706849604574,31,31,31,42,31,95,31,63,42,42,0,0,31,31,31,0,42,31,31,42,31,63,63,31,63,0,0,31,0,31
608,"(100, 482)",2,9.280411086648959,31,31,31,63,31,95,31,63,63,63,0,0,31,31,31,0,63,31,31,63,31,63,63,31,63,0,0,31,0,31
609,"(482, 483)",2,10.226206283088027,106,63,63,63,63,106,84,84,84,42,0,0,63,63,84,31,84,84,63,42,84,63,127,63,106,0,0,63,0,84
610,"(483, 98)",2,8.294793925462363,127,127,127,63,127,127,127,127,127,63,0,0,127,127,127,31,127,127,127,84,191,127,255,127,191,0,0,127,31,127
611,"(98, 96)",2,14.938499735148024,159,148,127,95,127,148,127,169,127,63,0,0,148,127,127,63,105,127,127,84,148,127,169,127,148,0,0,127,63,148
612,"(96, 950)",2,8.904981591119322,42,127,105,0,63,127,63,148,148,31,0,0,127,127,63,63,63,127,127,63,63,63,105,63,84,0,0,84,0,105
613,"(950, 951)",2,9.77098687674738,63,148,63,0,105,105,105,84,191,63,0,0,84,105,127,63,42,105,105,84,42,42,169,105,105,0,0,127,0,63
614,"(951, 952)",2,10.887575007155851,0,148,63,0,63,63,63,127,0,63,0,0,127,84,127,63,63,63,63,105,63,63,127,84,63,0,0,127,0,95
615,"(952, 953)",2,9.942469942265495,0,63,42,0,42,42,42,84,0,0,0,0,84,127,84,0,42,42,42,63,42,42,84,127,42,0,0,0,0,127
616,"(953, 95)",2,6.036102759475283,0,63,63,0,63,63,63,127,0,0,0,0,127,127,127,0,63,63,63,63,63,63,127,127,63,0,0,0,0,127
617,"(95, 92)",2,5.940168369586122,0,0,0,0,0,0,0,0,0,0,0,0,0,0,0,0,0,0,0,0,0,0,0,0,0,0,0,0,0,0
618,"(148, 149)",2,4.996725809163708,63,63,63,63,63,63,63,63,63,63,0,0,63,63,63,63,63,63,63,63,63,63,63,63,63,0,0,63,63,63
619,"(149, 634)",2,8.871422325538655,63,95,63,63,63,63,105,95,63,63,0,0,63,63,63,63,63,105,63,63,63,63,63,63,95,0,0,63,0,63
620,"(634, 633)",2,10.80916185782809,63,31,63,0,63,63,127,31,63,0,0,0,63,63,63,0,63,127,63,63,63,63,63,0,31,0,0,63,0,63
621,"(633, 632)",2,10.147037261642403,31,0,31,0,0,0,0,0,0,0,0,0,0,31,0,0,0,31,0,31,0,0,0,0,0,0,0,31,0,0
622,"(632, 631)",2,10.431563696277042,63,31,63,0,31,63,95,63,0,0,0,0,31,63,63,0,63,63,31,63,63,63,31,31,31,0,0,63,0,63
623,"(631, 630)",2,11.297893606117201,0,0,0,0,0,0,0,0,0,0,0,0,0,0,0,0,0,63,0,0,0,0,0,0,0,0,0,0,0,0
624,"(630, 629)",2,10.679607629569249,42,42,63,0,42,31,31,42,42,42,0,0,42,42,42,42,84,31,42,31,42,42,42,42,42,0,0,84,0,42
625,"(629, 628)",2,9.534072289324646,63,63,31,0,63,63,95,63,63,63,0,0,63,63,63,63,127,63,63,63,63,63,63,63,63,0,0,127,0,63
626,"(628, 144)",2,7.596838311659219,0,42,127,0,63,95,95,95,63,0,0,0,63,63,95,63,63,95,63,127,95,95,95,63,63,0,0,63,0,63
627,"(144, 145)",2,8.132042791296392,0,63,191,0,127,191,191,191,127,0,0,0,127,127,191,127,127,191,127,191,191,191,191,127,127,0,0,127,0,127
628,"(145, 637)",2,8.415120006734098,42,42,42,42,42,42,42,63,42,31,42,0,42,42,42,42,42,31,42,42,42,63,42,42,42,0,42,84,42,63
629,"(637, 638)",2,8.923571093483602,63,63,63,63,63,63,63,127,63,63,63,0,63,63,63,63,63,63,63,63,63,127,63,63,63,0,63,127,63,127
630,"(638, 140)",2,11.507167523592143,63,95,63,63,63,95,95,159,63,63,63,0,95,63,63,63,63,63,63,127,63,159,63,95,95,0,63,127,63,127
631,"(140, 141)",2,7.117841685015828,31,95,63,63,63,95,95,95,63,63,63,0,95,63,63,63,63,63,63,191,63,95,63,95,95,0,63,63,63,63
632,"(139, 138)",2,7.0115059109010645,63,63,63,63,63,63,105,42,95,95,63,0,42,105,63,63,63,31,31,63,63,42,63,105,63,0,0,84,63,63
633,"(138, 636)",2,11.376822452489545,31,31,63,0,31,31,63,63,0,0,0,0,63,127,31,63,63,31,31,63,0,63,63,127,31,0,0,127,0,63
634,"(636, 635)",2,10.47805793017867,84,63,84,0,105,105,105,105,63,42,0,0,84,63,84,84,63,63,63,84,106,106,105,63,84,0,0,148,0,84
635,"(635, 143)",2,7.050786363406915,127,63,127,0,191,191,191,191,127,63,0,0,127,127,127,127,63,63,63,127,191,191,191,127,127,0,0,191,63,127
636,"(143, 142)",2,8.493523439472483,127,63,127,0,191,191,191,191,127,63,0,0,127,127,127,127,63,31,31,127,191,191,191,127,127,0,0,191,127,127
637,"(142, 627)",2,6.398585927061489,42,42,42,0,42,42,127,42,42,42,0,0,42,42,42,42,42,84,42,42,42,42,42,42,42,0,0,42,0,42
638,"(627, 626)",2,10.021050266896069,63,84,63,0,84,84,191,84,63,63,0,0,63,63,84,63,63,127,63,84,84,84,63,63,84,0,0,84,0,63
639,"(626, 625)",2,11.013680381937144,63,127,63,0,127,127,191,127,63,63,0,0,63,63,127,63,63,127,63,127,127,127,63,63,127,0,0,127,0,63
640,"(625, 624)",2,10.273629922425885,63,0,63,0,0,0,0,0,0,0,0,0,63,63,0,63,63,0,0,0,0,0,63,0,0,0,0,0,0,63
641,"(624, 623)",2,10.762045036782103,42,63,42,0,63,106,63,42,42,63,0,0,42,42,42,42,84,63,63,42,63,63,63,106,42,0,0,42,0,106
642,"(623, 622)",2,10.60486606679199,63,63,63,0,127,127,63,63,63,63,0,0,63,63,63,63,127,63,127,63,63,63,63,191,63,0,0,63,0,127
643,"(622, 621)",2,11.67585999825925,84,63,63,0,63,63,63,84,63,106,0,0,63,84,84,63,127,106,42,63,63,84,63,42,84,0,0,84,0,42
644,"(621, 147)",2,11.337913917003497,127,127,63,0,127,127,127,127,0,127,0,0,63,127,127,0,127,127,63,63,127,191,127,63,127,0,0,127,0,63
645,"(147, 146)",2,4.550049195183737,0,0,0,0,0,0,0,0,0,0,0,0,0,0,0,0,0,0,0,0,0,0,0,0,0,0,0,0,0,0
646,"(784, 785)",2,9.28690843310668,31,31,31,31,31,84,63,95,31,42,0,0,31,31,63,31,63,31,31,31,42,63,0,31,31,31,0,31,0,31
647,"(785, 786)",2,10.01811738515642,63,63,63,63,63,127,127,191,63,63,0,0,63,63,127,63,127,63,63,63,63,63,31,63,63,63,0,63,0,63
648,"(786, 787)",2,9.945802800041236,42,42,42,42,42,84,42,84,42,42,0,0,42,42,84,42,84,42,42,42,42,42,42,42,42,42,0,42,0,84
649,"(787, 788)",2,9.370020827224991,63,63,63,63,63,127,63,127,63,63,0,0,63,63,127,63,127,63,63,63,63,63,63,63,63,63,0,63,0,127
650,"(788, 789)",2,9.945802800041234,31,31,31,31,0,31,0,31,0,0,31,0,0,31,31,0,0,31,31,0,0,31,0,31,31,31,0,0,0,31
651,"(789, 150)",2,10.087657953967534,0,0,0,0,0,0,0,0,0,0,0,0,0,0,0,0,0,0,0,0,0,0,0,0,0,0,0,0,0,0
652,"(150, 790)",2,9.296883601083989,0,0,0,0,0,0,0,0,0,0,0,0,0,0,0,0,0,0,0,0,0,0,0,0,0,0,0,0,0,0
653,"(790, 152)",2,8.12558730497382,0,0,0,0,0,0,0,31,0,0,0,0,0,0,0,0,0,0,0,0,0,0,0,0,0,0,0,0,0,0
654,"(152, 909)",2,14.158719112461489,31,31,31,0,31,31,31,31,31,31,0,0,31,31,0,31,31,31,31,31,0,0,0,31,63,31,31,31,0,31
655,"(909, 910)",2,12.306863163626046,31,31,31,63,31,31,31,31,31,31,0,0,31,31,63,31,31,31,31,31,63,95,63,31,95,31,31,31,0,31
656,"(910, 184)",2,14.222604575098234,0,31,31,63,31,0,63,63,31,63,0,0,31,63,31,0,0,0,0,31,0,95,31,0,0,0,0,63,0,0
657,"(184, 185)",2,4.287537780896334,95,95,95,0,63,95,159,127,63,95,0,0,95,31,95,63,95,95,63,95,95,127,127,95,95,0,0,159,0,63
658,"(185, 889)",2,12.100084355095282,127,95,95,31,63,127,127,95,31,63,31,0,95,63,95,95,127,127,95,95,127,159,127,127,127,0,31,127,0,95
659,"(889, 897)",2,13.19359544473117,0,0,0,0,0,0,0,0,0,0,0,0,0,0,0,0,0,0,0,0,0,0,0,0,0,0,0,0,0,0
660,"(897, 896)",2,14.24068244236863,95,63,31,63,0,0,31,63,0,0,31,0,0,31,0,0,63,31,31,0,63,31,63,31,63,0,0,0,0,63
661,"(892, 891)",2,9.81343577365978,42,31,42,42,42,42,42,42,84,42,0,0,42,42,31,42,42,42,42,42,42,42,42,42,42,0,0,31,0,42
662,"(891, 890)",2,10.538251739639419,127,31,63,63,63,63,63,127,127,63,0,0,63,95,31,63,63,63,63,63,95,127,63,63,63,0,0,31,0,127
663,"(890, 186)",2,11.760466386441346,31,63,42,31,63,106,127,127,84,42,0,0,42,63,63,42,95,84,106,42,127,127,84,63,84,0,0,106,0,127
664,"(186, 187)",2,4.665137107298937,95,127,95,0,63,159,191,191,127,95,0,0,95,31,127,63,31,127,148,63,63,63,191,63,127,0,0,191,0,63
665,"(187, 911)",2,13.839947585622836,105,84,84,42,84,84,105,127,127,84,0,0,84,63,84,42,63,63,105,63,84,84,169,127,105,0,0,105,0,84
666,"(911, 912)",2,12.389385761190642,63,63,63,63,63,63,63,63,191,63,0,0,63,63,63,63,63,63,63,63,63,63,191,191,127,0,0,63,0,63
667,"(912, 153)",2,15.06229940165584,42,84,63,31,42,84,84,84,42,42,0,0,63,63,63,42,63,42,42,42,63,63,63,63,84,0,0,63,0,63
668,"(153, 791)",2,8.688547474717907,63,191,127,0,63,191,191,191,63,63,0,0,127,127,127,63,127,63,63,63,127,127,127,127,191,0,0,127,0,127
669,"(791, 151)",2,8.662059957935016,31,31,31,31,31,63,63,31,31,63,0,0,31,31,63,0,63,31,31,31,31,63,31,63,31,0,0,63,63,95
670,"(151, 776)",2,11.300826727262088,63,63,63,63,63,127,127,63,63,127,0,0,63,63,95,31,95,63,63,63,63,95,63,95,63,0,0,95,0,127
671,"(776, 777)",2,10.753059227605704,31,31,31,31,31,95,0,31,31,63,0,0,31,31,63,31,31,31,31,31,31,31,31,31,31,0,0,31,0,31
672,"(777, 778)",2,9.435417002103158,84,42,42,42,42,170,127,42,42,42,0,0,42,42,84,42,42,42,42,42,42,42,42,42,42,0,0,42,42,42
673,"(778, 779)",2,9.87837285103693,127,95,63,63,63,223,191,63,63,63,0,0,63,95,159,95,95,95,63,63,63,95,63,95,63,0,0,63,63,95
674,"(779, 780)",2,10.018117385156396,63,63,42,42,42,95,95,42,42,42,0,0,42,63,95,63,63,63,42,42,42,63,42,63,31,0,0,42,42,63
675,"(780, 781)",2,9.505989541167501,0,0,63,63,63,0,0,63,63,63,0,0,63,0,0,0,0,0,63,63,63,0,63,0,0,0,0,63,63,0
676,"(155, 154)",2,6.937056545498803,148,63,63,63,127,84,127,148,63,63,0,0,84,63,84,63,63,127,63,63,169,84,84,84,105,0,0,127,0,127
677,"(154, 775)",2,8.11027749889232,127,63,63,0,127,63,63,127,63,63,0,0,63,63,63,63,63,127,63,63,127,63,63,63,63,0,0,127,0,127
678,"(775, 774)",2,12.511697165380703,42,105,84,0,42,105,105,148,63,63,0,0,84,84,84,63,84,42,63,63,63,84,84,84,105,0,0,63,0,63
679,"(774, 153)",2,6.622569922777536,63,191,127,0,63,191,191,191,63,63,0,0,127,127,127,63,127,63,63,63,127,127,127,127,191,0,0,127,0,127
680,"(153, 152)",2,8.51949757790391,63,191,127,0,63,191,191,191,63,63,0,0,127,127,127,63,127,63,63,63,127,127,127,127,191,0,0,127,0,127
681,"(150, 151)",2,8.729570848379003,42,42,42,42,42,84,84,42,42,84,0,0,42,42,84,0,84,42,42,42,42,84,42,84,42,0,0,84,0,127
682,"(151, 772)",2,8.110277498892362,63,63,63,63,63,127,127,63,63,105,0,0,63,63,127,0,127,63,63,63,63,127,63,127,63,0,0,127,0,191
683,"(772, 773)",2,7.7779118843471196,31,31,31,42,31,63,31,31,42,63,0,0,31,31,31,0,31,31,42,31,31,63,31,31,31,0,0,31,0,31
684,"(773, 771)",2,6.726842710786774,63,63,63,63,63,127,63,63,63,63,0,0,63,63,63,0,63,63,63,63,63,127,63,63,63,0,0,63,0,63
685,"(771, 293)",2,7.276599333025822,105,105,63,63,105,169,191,148,63,63,0,0,105,105,105,31,105,105,63,105,148,169,105,105,191,0,31,148,31,148
686,"(293, 295)",2,6.487394606789125,127,127,63,63,127,191,255,191,63,63,0,0,127,127,127,63,127,127,63,127,191,191,127,127,255,0,63,191,63,191
687,"(295, 296)",2,3.960978968536596,31,31,42,42,31,31,31,31,42,42,0,0,31,31,63,42,31,31,42,31,31,31,84,84,0,0,31,31,0,31
688,"(765, 766)",2,9.838591374515916,31,31,63,63,31,31,31,63,63,63,31,0,63,31,63,63,63,31,31,63,31,31,63,31,31,0,63,31,63,31
689,"(766, 767)",2,10.309054486808492,42,42,42,42,42,42,42,42,42,42,42,0,42,42,84,42,42,42,42,42,42,42,42,42,42,0,42,42,42,42
690,"(767, 293)",2,12.89566162579068,84,84,63,63,84,105,127,105,63,63,63,0,84,84,127,63,84,84,63,84,105,105,84,84,127,0,63,105,63,105
691,"(293, 154)",2,15.867543817555589,127,95,63,63,127,127,159,159,63,63,0,0,95,95,95,63,95,127,63,95,159,127,95,95,159,0,63,159,63,159
692,"(154, 920)",2,11.718375071173746,127,63,63,42,95,63,95,159,63,63,31,0,63,63,63,63,63,95,63,63,159,95,63,63,95,0,31,95,31,95
693,"(920, 919)",2,9.55962581218477,63,31,63,63,31,31,63,95,63,63,31,0,31,63,31,31,31,31,31,31,95,63,31,31,63,0,31,31,31,31
694,"(919, 918)",2,9.933026333308486,0,0,31,31,0,0,0,170,31,31,0,0,0,31,0,0,0,0,0,0,0,0,0,0,0,0,0,0,0,0
695,"(918, 180)",2,8.987740256511206,95,95,42,42,95,127,127,255,42,63,0,0,63,42,95,127,84,95,63,63,170,170,95,127,95,0,0,84,0,95
696,"(180, 181)",2,4.225245785390595,0,63,63,63,0,0,0,223,95,95,0,0,0,63,0,127,95,95,63,0,223,223,95,191,0,0,0,159,0,95
697,"(181, 903)",2,9.521265806871828,0,127,0,0,0,0,0,191,127,0,0,0,0,0,0,63,63,191,127,0,191,191,191,0,0,0,0,191,0,191
698,"(903, 904)",2,10.8109945381256,0,0,0,0,0,0,0,0,0,0,0,0,0,0,0,0,0,0,0,0,0,0,0,0,0,0,0,0,0,0
699,"(904, 905)",2,9.800241232198522,63,63,31,31,63,63,31,31,31,31,0,0,31,31,63,31,63,31,31,31,31,31,31,31,63,0,0,63,0,31
700,"(901, 902)",2,9.923251333729072,42,42,42,42,42,127,84,84,42,42,42,0,42,42,42,42,84,84,42,42,84,127,84,84,127,0,42,42,0,127
701,"(902, 182)",2,11.278686799565463,95,127,127,95,105,212,212,169,105,63,95,0,127,105,127,63,159,169,127,148,169,191,127,159,191,0,63,105,0,223
702,"(182, 183)",2,4.434465701236214,0,31,127,31,127,255,255,191,95,31,84,0,0,95,127,63,95,191,95,191,191,191,191,0,191,0,42,191,0,127
703,"(183, 923)",2,9.786947177849946,42,63,63,63,42,42,42,42,63,42,105,0,42,63,63,42,42,42,42,42,63,42,84,63,42,0,63,63,0,42
704,"(923, 922)",2,8.79838610474115,63,63,63,63,63,63,63,63,63,63,63,0,63,63,63,63,63,63,63,63,127,63,127,127,63,0,63,63,0,63
705,"(922, 921)",2,9.800241232198523,31,31,31,31,31,31,31,31,31,31,31,0,31,31,31,31,31,31,31,31,31,31,31,31,63,0,31,31,31,31
706,"(921, 155)",2,11.88146604280662,84,42,42,42,63,63,106,84,42,42,31,0,63,42,63,42,42,63,42,42,106,63,63,63,106,0,31,63,31,63
707,"(155, 298)",2,11.081141207298021,127,63,63,63,95,95,159,127,63,63,31,0,95,63,95,63,63,95,63,63,159,95,95,95,127,0,31,95,31,95
708,"(298, 296)",2,5.068061990567978,31,31,31,31,31,31,31,31,31,31,0,0,31,31,0,31,31,31,31,31,31,31,63,63,0,0,0,31,0,31
709,"(294, 296)",2,6.157373141893787,42,42,31,42,31,31,31,42,31,42,0,0,31,42,0,42,42,31,42,31,31,31,63,63,0,0,31,31,0,42
710,"(667, 134)",1,8.519497577903952,0,0,0,0,0,0,0,0,0,0,0,0,0,0,0,0,0,0,0,0,0,0,0,0,0,0,0,0,0,0
711,"(134, 135)",1,4.204276694241703,0,0,0,0,0,0,0,0,0,0,0,0,0,0,0,0,0,0,0,0,0,0,0,0,0,0,0,0,0,0
712,"(135, 737)",1,7.690781667905129,0,0,0,0,0,0,0,0,0,0,0,0,0,0,0,0,0,0,0,0,0,0,0,0,0,0,0,0,0,0
713,"(737, 738)",1,8.729570848378923,0,0,0,0,0,0,0,0,0,0,0,0,0,0,0,0,0,0,0,0,0,0,0,0,0,0,0,0,0,0
714,"(738, 739)",1,10.62048060197276,63,63,42,42,63,42,63,42,42,42,0,0,42,42,63,42,42,63,63,42,42,42,42,42,95,0,0,63,0,42
715,"(739, 294)",1,8.360699861968786,31,31,63,63,0,63,0,63,63,63,0,0,63,63,0,63,63,0,31,63,63,63,63,63,0,0,31,0,0,63
716,"(294, 770)",2,9.498317246566167,0,0,0,0,0,0,0,0,0,0,0,0,0,0,0,0,0,0,0,0,0,0,0,0,0,0,0,0,0,0
717,"(770, 769)",2,9.97685578354078,0,0,0,0,0,0,0,0,0,0,0,0,0,0,0,0,0,0,0,0,0,0,0,0,0,0,0,0,0,0
718,"(769, 768)",2,8.446568711813585,0,0,0,0,0,0,0,0,0,0,0,0,0,0,0,0,0,0,0,0,0,0,0,0,0,0,0,0,0,0
719,"(768, 677)",2,9.841959409546279,0,0,0,0,0,0,0,0,0,0,0,0,0,0,0,0,0,0,0,0,0,0,0,0,0,0,0,0,0,0
720,"(297, 736)",1,9.86433072750461,63,63,63,63,63,63,63,63,63,63,0,0,63,63,127,63,63,63,63,63,63,63,63,63,127,0,0,63,0,63
721,"(736, 735)",1,10.512793663779537,84,42,0,0,42,84,84,42,42,31,0,0,42,42,31,42,42,42,84,42,95,42,84,42,84,0,0,42,0,42
722,"(735, 734)",1,8.30411167813592,127,84,0,63,84,127,127,84,63,0,31,0,63,84,0,63,84,84,105,84,0,105,148,63,105,0,0,84,0,105
723,"(734, 136)",1,7.9908912118611575,127,127,31,127,127,127,63,127,95,31,63,0,63,127,31,63,127,159,63,127,0,191,191,63,63,0,0,127,0,191
724,"(136, 137)",1,4.209528759617674,84,63,63,63,63,159,127,95,127,63,63,0,95,31,95,63,31,159,95,95,0,0,95,127,63,0,0,63,0,95
725,"(137, 668)",1,8.30943141710451,169,42,63,0,42,191,127,191,84,63,0,0,84,63,127,63,63,84,84,148,84,127,148,105,127,0,0,84,0,84
726,"(135, 136)",1,4.310665212700093,0,0,31,0,0,63,63,0,63,31,31,0,31,0,31,31,0,95,31,0,0,0,0,31,31,0,0,0,0,0
727,"(136, 720)",1,10.092453556075911,42,42,63,0,42,127,127,42,127,63,63,0,63,42,63,63,42,191,63,42,42,42,42,63,63,0,0,42,0,42
728,"(720, 721)",1,7.990891211861198,63,63,63,0,63,84,84,63,84,63,63,0,63,63,63,63,63,127,63,63,63,63,63,63,63,0,0,63,0,63
729,"(721, 722)",1,10.510691735604299,63,63,63,42,63,84,84,63,84,63,63,0,63,63,63,63,63,105,63,63,63,63,63,63,63,0,0,63,0,63
730,"(722, 723)",1,9.88005023146793,105,63,63,63,63,63,63,63,63,63,63,0,63,63,63,63,63,105,63,63,63,63,63,63,63,0,0,63,0,63
731,"(723, 724)",1,8.411180650971707,127,63,63,63,63,63,63,63,63,63,63,0,63,63,63,63,63,127,63,63,63,63,63,63,63,0,0,63,0,63
732,"(724, 725)",1,9.35510611435191,127,63,63,63,63,63,63,63,63,63,63,0,63,63,63,63,63,127,63,63,63,63,63,63,63,0,0,63,0,63
733,"(725, 726)",1,9.565306972501057,63,63,63,42,63,42,42,63,42,42,31,0,63,63,42,42,63,42,42,42,42,63,63,63,42,0,0,42,0,42
734,"(726, 131)",1,8.754844702215573,127,127,127,63,127,63,63,63,63,63,0,0,127,127,63,63,127,63,63,63,63,63,63,127,63,0,0,63,0,63
735,"(131, 132)",1,3.579812610775099,84,127,127,63,105,0,0,0,63,63,0,0,84,63,0,63,127,63,63,63,0,63,0,105,0,0,0,0,0,0
736,"(133, 130)",1,3.8903760466365305,127,63,63,0,0,63,63,127,63,63,0,0,127,63,63,63,63,63,63,63,127,63,63,127,63,0,0,63,0,63
737,"(130, 727)",1,8.621330425400306,84,63,95,31,42,42,42,84,63,63,0,0,84,42,42,63,42,63,63,63,31,63,42,127,63,0,0,63,0,42
738,"(727, 728)",1,9.888991455226796,105,63,105,63,63,63,63,127,84,63,0,0,105,63,63,63,63,105,63,63,63,63,63,127,105,0,0,105,0,63
739,"(728, 729)",1,9.468960789946564,63,63,63,0,63,63,63,127,127,63,0,0,63,63,63,63,63,63,63,63,63,63,63,127,63,0,0,63,0,63
740,"(729, 730)",1,8.838985572230992,63,63,84,0,84,63,63,105,105,63,0,0,63,84,63,63,63,63,63,63,63,63,84,105,63,0,0,84,0,63
741,"(730, 731)",1,9.287550780809266,84,63,105,0,105,63,63,63,63,63,0,0,63,105,63,63,63,63,63,63,63,63,127,63,63,0,0,127,0,63
742,"(731, 732)",1,10.410361309120983,127,63,84,0,63,63,63,63,105,84,0,0,63,63,63,63,84,63,84,63,84,63,127,63,84,0,0,127,0,63
743,"(732, 733)",1,8.724507291776453,127,63,127,0,63,63,63,63,191,127,0,0,63,63,63,63,127,63,127,63,127,63,127,63,127,0,0,127,0,63
744,"(733, 137)",1,8.621330425400306,63,0,31,0,0,95,63,95,63,31,0,0,63,31,63,31,31,63,63,95,0,0,95,95,0,0,0,63,0,0
745,"(137, 134)",1,4.520819454564268,127,0,63,0,0,191,127,191,127,63,0,0,127,63,127,63,63,127,127,191,0,0,191,191,0,0,0,127,0,0
746,"(296, 740)",1,10.044807713092023,63,63,63,63,63,63,63,63,63,63,0,0,63,63,31,63,63,63,63,63,63,63,127,127,31,0,0,63,0,63
747,"(740, 741)",1,9.565306972501057,63,63,63,42,63,63,42,42,42,42,0,0,42,42,42,63,42,63,42,63,84,63,42,63,42,0,0,84,0,63
748,"(741, 742)",1,8.519497577903907,127,105,63,63,105,127,84,84,63,63,0,0,84,63,63,127,63,105,63,105,169,127,63,127,63,0,0,191,0,127
749,"(742, 743)",1,9.888991455226792,127,63,63,63,63,127,127,127,63,63,0,0,127,63,63,127,63,63,63,63,127,127,63,127,63,0,0,191,0,127
750,"(743, 744)",1,8.110277498892405,0,0,0,0,0,0,0,0,0,0,0,0,0,0,0,0,0,0,0,0,0,0,0,0,0,0,0,0,0,0
751,"(744, 745)",1,8.51430908925098,0,0,0,0,0,0,0,0,0,0,0,0,0,0,0,0,0,0,0,0,0,0,0,0,0,0,0,0,0,0
752,"(745, 746)",1,8.964332305837289,42,42,42,42,42,42,42,42,42,42,0,0,42,84,42,84,42,42,42,42,42,84,42,42,42,0,0,42,0,42
753,"(746, 157)",1,10.104865115299189,63,63,63,63,63,63,63,63,63,63,0,0,63,95,63,84,63,63,63,63,63,95,63,95,63,0,0,95,0,63
754,"(157, 158)",1,4.585517397191326,0,0,63,63,0,0,0,0,0,0,0,0,0,0,0,63,0,0,63,63,0,0,0,0,0,0,0,0,0,0
755,"(155, 929)",1,10.195221557246164,191,63,63,63,127,127,255,191,63,63,0,0,127,63,127,63,63,127,63,63,255,127,127,127,191,0,0,127,0,127
756,"(929, 930)",1,10.30231399799369,148,63,63,63,105,105,191,148,63,63,0,0,105,63,105,63,63,105,63,63,191,105,105,105,148,0,0,105,0,105
757,"(930, 931)",1,12.141632638126747,63,63,63,84,63,63,63,63,63,63,0,0,105,63,63,63,63,63,63,63,63,63,63,63,105,0,0,63,0,63
758,"(931, 932)",1,10.984281360583124,63,63,63,95,63,95,63,63,63,63,0,0,159,63,63,63,63,95,63,95,63,63,63,63,127,0,0,95,0,95
759,"(932, 933)",1,11.561760909164684,63,63,63,63,63,127,63,63,63,63,0,0,84,63,63,63,63,84,63,84,63,63,63,63,105,0,0,84,0,84
760,"(933, 934)",1,9.365739998176148,63,63,63,63,63,127,63,63,63,63,0,0,63,63,63,63,63,63,63,63,63,63,63,63,127,0,0,63,0,63
761,"(934, 161)",1,10.174559811727965,0,0,31,0,0,0,0,0,31,31,0,0,0,0,0,31,0,0,31,31,0,0,0,0,0,0,0,0,0,0
762,"(160, 992)",1,10.478917922241534,63,63,63,0,0,63,63,0,63,63,0,0,0,63,0,63,0,0,63,63,0,63,0,63,127,0,0,0,0,0
763,"(992, 993)",1,9.251797212517435,0,0,0,0,0,0,0,0,0,0,0,0,0,0,0,0,0,0,0,0,0,0,0,0,0,0,0,0,0,0
764,"(993, 994)",1,11.667341271497074,0,0,0,0,0,0,0,0,0,0,0,0,0,0,0,0,0,0,0,0,0,0,0,0,0,0,0,0,0,0
765,"(994, 995)",1,10.931119405028397,0,0,0,0,0,0,0,0,0,0,0,0,0,0,0,0,0,0,0,0,0,0,0,0,0,0,0,0,0,0
766,"(995, 996)",1,11.984032417728592,0,0,0,0,0,0,0,0,0,0,0,0,0,0,0,0,0,0,0,0,0,0,0,0,0,0,0,0,0,0
767,"(996, 997)",1,10.302622716719931,0,0,0,0,0,0,0,0,0,0,0,0,0,0,0,0,0,0,0,0,0,0,0,0,0,0,0,0,0,0
768,"(997, 155)",1,10.31655315059496,95,31,31,31,63,63,127,95,31,31,0,0,63,31,63,31,31,63,31,31,127,63,63,63,95,0,0,63,0,63
769,"(156, 985)",1,10.012469389823483,0,0,0,0,0,0,0,0,0,0,0,0,0,0,0,0,0,0,0,0,0,0,0,0,0,0,0,0,0,0
770,"(985, 986)",1,9.287550780809266,0,0,0,0,0,0,0,0,0,0,0,0,0,0,0,0,0,0,0,0,0,0,0,0,0,0,0,0,0,0
771,"(986, 987)",1,8.514309089251022,0,0,0,0,0,0,0,0,0,0,0,0,0,0,0,0,0,0,0,0,0,0,0,0,0,0,0,0,0,0
772,"(987, 988)",1,8.222559221171405,0,0,0,0,0,0,0,0,0,0,0,0,0,0,0,0,0,0,0,0,0,0,0,0,0,0,0,0,0,0
773,"(988, 989)",1,9.888991455226792,0,0,0,0,0,0,0,0,0,0,0,0,0,0,0,0,0,0,0,0,0,0,0,0,0,0,0,0,0,0
774,"(989, 990)",1,8.30411167813592,0,0,0,0,0,0,0,0,0,0,0,0,0,0,0,0,0,0,0,0,0,0,0,0,0,0,0,0,0,0
775,"(990, 991)",1,9.672121059846674,0,0,0,0,0,0,0,0,0,0,0,0,0,0,0,0,0,0,0,0,0,0,0,0,0,0,0,0,0,0
776,"(991, 297)",1,10.576192915482078,31,31,31,31,31,31,31,31,31,31,0,0,31,31,63,31,31,31,31,31,31,31,31,31,63,0,0,31,0,31
777,"(801, 802)",2,10.351830830247986,63,63,63,63,63,63,63,63,63,63,0,0,63,63,63,63,63,63,63,63,63,63,63,63,63,0,0,63,63,63
778,"(802, 803)",2,10.535887197410158,63,63,63,63,63,63,63,63,63,63,0,0,63,63,63,63,63,63,63,63,63,63,63,63,63,0,0,63,0,63
779,"(803, 804)",2,10.925053861564082,84,63,63,63,63,63,63,63,63,63,0,0,63,63,63,63,63,63,63,63,63,63,63,63,84,0,0,63,0,63
780,"(804, 805)",2,11.152235227460974,105,63,63,63,63,63,63,63,63,63,0,0,63,63,63,63,63,63,63,63,63,63,63,63,105,0,0,63,0,63
781,"(805, 806)",2,11.035725801904231,63,63,63,63,63,63,63,63,63,63,0,0,63,63,63,63,63,63,63,63,63,63,63,63,63,0,0,63,0,63
782,"(806, 808)",2,13.414758020972716,95,63,63,63,63,63,63,63,63,63,0,0,63,63,63,63,63,63,63,63,63,63,63,63,31,0,0,63,0,63
783,"(808, 809)",2,13.404005731289734,63,42,42,42,42,42,42,42,42,42,0,0,42,42,42,42,42,42,42,42,42,42,42,42,42,0,0,42,31,42
784,"(809, 810)",2,10.539786473753672,63,63,63,63,63,63,63,105,63,63,0,0,63,63,63,63,63,63,63,63,63,63,63,63,63,0,0,63,63,63
785,"(810, 196)",2,11.730763957381287,63,63,63,63,63,63,63,95,63,63,0,0,63,63,63,63,63,63,63,63,63,63,63,63,63,0,0,63,0,63
786,"(196, 197)",2,5.8882658522867635,42,42,42,42,42,42,42,31,42,42,0,0,42,42,42,42,42,42,42,42,42,42,42,42,42,0,0,42,0,42
787,"(197, 814)",2,11.125785126143324,63,63,63,63,63,63,63,63,63,63,0,0,63,63,63,63,63,63,63,63,63,63,63,63,63,0,0,63,0,63
788,"(814, 816)",2,9.92325133372899,42,42,42,42,42,31,42,42,42,42,0,0,42,42,42,42,42,42,42,42,42,42,42,42,42,0,0,42,0,42
789,"(816, 274)",2,9.97083297191069,63,63,63,63,63,0,63,63,63,63,0,0,63,63,63,63,63,63,63,63,63,63,63,63,63,0,0,63,0,63
790,"(274, 275)",2,4.320904336894397,42,42,42,42,42,84,42,42,42,42,0,0,42,42,42,42,42,42,42,42,42,42,42,42,42,0,0,42,0,42
791,"(275, 278)",2,18.229915368342706,63,63,63,63,63,159,63,63,63,63,0,0,63,63,63,63,63,63,63,63,63,63,63,63,63,0,0,63,0,63
792,"(278, 817)",2,15.551562093685673,31,31,31,31,31,31,31,31,0,0,0,0,31,31,31,31,31,31,31,31,31,31,31,31,31,0,0,31,0,31
793,"(817, 280)",2,16.03836505220146,31,31,31,31,31,31,31,31,0,0,0,0,31,31,31,31,31,31,31,31,31,31,31,31,31,0,0,31,0,31
794,"(279, 818)",2,15.311015240493619,63,63,63,63,63,63,63,63,63,63,0,0,63,63,63,63,63,63,63,63,63,63,63,63,63,0,0,63,0,63
795,"(818, 277)",2,15.846414687541298,63,63,63,63,63,63,63,63,63,63,0,0,63,63,63,63,63,63,63,63,63,63,63,63,63,0,0,63,0,63
796,"(277, 276)",2,18.058824422596743,63,63,63,63,63,63,63,63,84,84,0,0,63,63,63,63,63,63,63,63,63,63,63,63,84,0,0,63,0,63
797,"(276, 273)",2,4.043543845763678,63,63,63,63,63,63,63,63,95,95,0,0,63,63,63,63,148,63,63,63,63,63,63,63,95,0,0,63,0,63
798,"(273, 200)",2,12.40318894280029,42,42,42,42,42,42,42,42,42,42,0,0,42,42,42,42,148,42,42,42,42,42,42,42,42,0,0,42,0,42
799,"(200, 815)",2,9.607362796147306,63,63,63,63,63,63,63,63,63,63,0,0,63,63,63,63,63,63,63,63,63,63,63,63,63,0,0,63,0,63
800,"(815, 198)",2,11.24853429821172,63,63,63,63,63,63,63,63,63,63,0,0,63,63,63,63,63,63,63,63,63,63,63,63,63,0,0,63,0,63
801,"(198, 201)",2,4.737691968324135,63,63,63,63,63,63,63,63,63,63,0,0,63,63,63,63,63,63,63,63,63,63,63,63,63,0,0,63,0,63
802,"(201, 195)",2,3.843808100081807,63,63,63,63,63,63,63,63,63,63,0,0,63,63,63,63,63,63,63,63,63,63,63,63,63,0,0,63,0,63
803,"(195, 813)",2,14.586219465951393,42,42,42,31,42,42,42,42,42,42,0,0,42,42,42,42,42,42,42,42,42,42,42,42,42,0,0,42,0,42
804,"(813, 812)",2,12.758569490184936,63,63,63,0,63,63,63,63,63,63,0,0,63,63,63,63,63,63,63,63,63,63,63,63,63,0,0,63,0,63
805,"(812, 811)",2,12.098762705000828,63,63,63,42,63,63,63,84,63,63,0,0,63,63,84,84,63,84,63,63,63,84,84,63,63,0,0,63,0,63
806,"(811, 807)",2,9.30434561053322,63,63,63,63,63,63,63,63,63,63,0,0,63,63,63,63,63,63,63,63,63,63,63,63,63,0,0,63,0,63
807,"(807, 798)",2,10.325116383570165,63,63,63,63,63,63,63,63,63,63,0,0,63,63,63,63,63,63,63,63,63,63,63,63,63,0,0,63,0,63
808,"(798, 797)",2,8.781303960751366,63,63,63,0,63,63,63,63,63,63,0,0,63,63,63,63,63,63,63,63,63,63,63,63,63,0,0,63,0,63
809,"(797, 796)",2,10.996615014488821,63,63,63,0,63,63,63,63,63,63,0,0,63,63,63,63,63,63,63,63,63,63,63,63,63,0,0,63,0,63
810,"(796, 795)",2,11.031720820534138,63,63,63,0,63,63,63,63,63,63,0,0,63,63,63,63,63,63,63,63,63,63,63,63,63,0,0,63,0,63
811,"(815, 199)",2,12.428558171446342,63,63,63,63,63,63,63,63,63,63,0,0,63,63,63,63,63,63,63,63,63,95,63,63,63,0,0,63,0,63
812,"(194, 195)",2,7.664285167822012,0,63,0,0,63,127,63,127,63,63,0,0,0,0,63,0,127,63,63,127,0,127,127,63,127,0,0,0,0,127
813,"(199, 913)",1,9.287610200486016,42,42,0,0,42,42,42,42,0,0,0,0,42,42,42,0,0,0,42,42,42,127,42,0,42,0,0,42,0,84
814,"(913, 914)",1,8.651936921164083,63,63,0,0,63,63,63,63,0,0,0,0,63,63,63,0,0,0,63,63,63,127,63,0,63,0,0,63,0,127
815,"(914, 915)",1,10.949250067652557,84,42,42,0,42,42,170,84,0,31,0,0,42,42,42,0,42,84,63,42,84,127,42,84,42,0,0,84,0,42
816,"(915, 916)",1,7.380787652683788,127,63,63,0,63,63,255,127,0,63,0,0,63,63,63,0,63,127,127,63,127,191,63,127,63,0,0,127,0,63
817,"(916, 185)",1,7.07265391897636,169,105,105,0,63,148,212,127,0,63,0,0,105,63,105,84,148,169,127,105,169,233,148,169,148,0,0,169,0,105
818,"(185, 186)",1,8.851475313620261,191,127,105,0,63,191,191,148,63,63,0,0,105,63,127,105,191,191,127,105,191,255,191,191,169,0,0,191,0,127
819,"(187, 184)",1,8.519497577903952,191,105,105,0,105,127,169,169,105,127,0,0,105,63,105,0,63,63,191,63,127,127,148,127,127,0,0,169,0,127
820,"(184, 968)",1,6.937183946653031,0,63,63,0,63,31,127,127,63,127,0,0,63,31,63,0,31,31,31,63,31,31,63,31,31,0,0,127,0,31
821,"(968, 967)",1,7.284826915055264,0,42,42,0,42,42,84,84,42,84,0,0,42,42,42,0,42,42,42,42,42,42,42,42,42,0,0,84,0,42
822,"(967, 966)",1,10.52691822903789,0,63,63,0,63,95,127,84,63,84,0,0,63,63,63,0,63,63,63,63,63,105,63,63,63,0,0,95,0,63
823,"(966, 965)",1,9.505989541167498,31,63,63,0,63,31,95,63,63,63,0,0,63,63,63,31,63,63,63,63,63,127,63,63,63,0,0,63,0,63
824,"(965, 194)",1,10.966051495950333,0,42,31,0,42,84,42,84,42,42,0,0,31,31,42,0,84,42,42,84,31,84,84,42,84,0,0,31,0,84
825,"(194, 201)",1,5.160220360840255,31,63,31,31,63,95,63,95,63,63,0,0,31,31,63,31,95,63,63,95,31,95,95,63,95,0,0,31,0,95
826,"(201, 196)",1,4.841004987099845,63,63,63,63,63,63,63,63,63,63,0,0,63,63,63,63,63,63,63,63,63,63,63,63,63,0,0,63,0,63
827,"(197, 198)",1,4.847319553472725,63,63,63,63,63,63,63,63,63,63,0,0,63,63,63,63,63,63,63,63,63,63,63,63,63,0,0,63,0,63
828,"(198, 199)",1,6.093926692958874,63,63,95,63,63,63,63,63,63,63,0,0,63,63,63,63,95,63,63,63,63,95,63,63,63,0,0,63,0,63
829,"(275, 276)",1,5.236392444885615,63,63,63,63,63,95,63,63,95,95,0,0,63,63,63,63,63,63,63,63,63,63,63,63,95,0,0,63,0,63
830,"(273, 274)",1,6.22531155677557,0,0,0,0,0,0,0,0,0,0,0,0,0,0,0,0,191,0,0,0,0,0,0,0,0,0,0,0,0,0
831,"(280, 281)",2,14.023011821802195,0,0,0,0,0,0,0,0,0,0,0,0,0,0,0,0,0,0,0,0,0,0,0,63,0,0,0,0,0,0
832,"(281, 819)",2,14.882931657627196,42,42,42,42,42,42,42,42,0,42,0,0,31,42,31,42,31,42,42,42,84,42,42,31,42,0,0,42,0,31
833,"(819, 821)",2,14.694683828897219,63,63,63,63,63,63,63,63,0,63,0,0,31,63,63,63,31,63,63,63,127,63,63,31,63,0,0,63,0,31
834,"(821, 823)",2,16.807250114924255,42,42,42,42,42,42,42,42,0,42,0,0,31,42,106,42,31,42,42,42,31,42,42,31,42,0,0,42,0,31
835,"(823, 826)",2,12.829934323048622,63,63,63,63,63,63,63,63,0,63,0,0,31,63,191,63,31,63,63,63,31,63,63,31,63,0,0,63,0,31
836,"(825, 824)",2,10.325116383570114,42,42,42,42,42,42,42,42,42,42,0,42,42,42,42,42,42,42,42,42,42,42,42,42,42,0,0,42,0,42
837,"(824, 822)",2,14.687916069949653,63,63,63,63,63,63,63,63,63,63,0,63,63,63,63,63,63,63,63,63,63,63,63,63,63,0,0,63,0,63
838,"(822, 820)",2,14.140689508550407,63,63,63,63,63,63,63,63,63,63,0,63,63,63,63,63,63,63,63,63,63,63,63,95,63,0,0,63,0,63
839,"(820, 282)",2,14.810754426930528,42,42,42,42,42,42,63,63,63,42,0,0,42,42,42,42,42,63,63,84,42,42,63,84,42,0,0,63,0,42
840,"(282, 279)",2,14.80030802722405,63,63,63,63,63,63,105,105,105,63,0,0,63,63,63,63,63,105,105,148,63,63,105,105,63,0,0,105,0,63
841,"(186, 1002)",1,8.198339553771298,0,127,63,0,42,191,191,191,127,63,0,0,63,42,127,63,42,191,127,63,127,127,191,42,127,0,0,191,0,127
842,"(1002, 181)",1,7.042947799156623,0,127,127,0,95,223,223,191,127,63,0,0,95,95,159,63,63,191,127,127,191,191,191,95,159,0,0,191,0,191
843,"(181, 182)",1,7.990891211861118,0,127,95,0,63,127,127,191,127,0,0,0,0,63,95,63,63,191,127,95,191,191,191,0,95,0,0,191,0,191
844,"(182, 998)",1,11.998772930579387,0,0,127,0,127,159,255,191,127,0,0,0,0,95,191,63,42,191,0,191,127,127,159,0,127,0,0,191,0,63
845,"(924, 183)",1,10.845240081425779,191,63,63,31,127,255,191,191,63,127,63,0,127,63,63,127,191,127,127,127,191,191,191,127,191,0,31,191,0,191
846,"(183, 180)",1,7.988125719059309,0,63,63,63,31,63,31,106,63,84,127,0,31,63,63,95,84,31,31,31,127,106,63,127,31,0,63,84,0,63
847,"(180, 917)",1,8.54321541832746,95,63,84,63,63,84,84,169,84,127,0,0,63,63,63,191,105,42,84,42,169,148,106,169,63,0,0,148,0,84
848,"(917, 187)",1,8.287166880010501,191,127,127,0,127,127,191,191,127,127,0,0,127,63,127,0,63,63,191,63,127,127,191,127,127,0,0,191,0,127
849,"(998, 937)",1,10.389349590209726,42,0,63,0,0,105,0,42,0,0,0,0,0,105,0,63,63,42,0,0,63,63,84,0,63,0,0,0,0,84
850,"(937, 1003)",1,12.401039644983138,63,31,95,0,31,95,31,63,31,42,0,0,31,84,31,63,63,63,31,31,95,95,63,31,95,0,0,31,0,63
851,"(1003, 936)",1,12.480444329305161,31,63,84,0,63,42,63,84,63,63,0,0,63,63,63,63,63,84,63,63,84,63,42,63,84,0,0,63,0,63
852,"(936, 935)",1,11.909174973744053,63,0,127,0,0,63,0,127,0,63,0,0,0,63,0,63,63,127,0,0,127,63,63,0,127,0,0,0,0,63
853,"(928, 927)",1,12.209219520077905,84,63,63,0,63,63,84,63,63,63,0,0,63,63,63,63,63,63,84,63,63,63,63,84,63,0,0,105,0,105
854,"(927, 926)",1,12.209219520077927,127,63,63,0,63,63,127,63,63,63,0,0,63,63,63,63,63,63,127,63,63,63,63,127,63,0,0,63,0,63
855,"(926, 925)",1,12.342297553718241,0,0,0,0,0,0,0,0,0,0,0,0,0,0,0,0,0,0,0,0,0,0,0,0,0,0,0,0,0,0
856,"(925, 924)",1,11.065336081850011,127,42,42,0,63,170,84,106,42,63,0,0,63,42,42,63,84,84,63,63,127,127,106,63,148,0,0,106,0,106
857,"(896, 895)",2,8.529555410911334,0,0,0,0,0,0,0,0,0,0,0,0,0,0,0,0,0,0,0,0,0,0,0,0,0,0,0,0,0,0
858,"(895, 894)",2,9.416427888915727,0,0,0,0,0,0,0,0,0,0,0,0,0,0,0,0,0,0,0,0,0,0,0,0,0,0,0,0,0,0
859,"(894, 188)",2,9.550770334679468,0,95,63,0,0,0,0,0,0,0,0,0,0,0,0,0,0,0,0,0,0,0,63,0,0,0,0,0,0,0
860,"(188, 189)",2,8.284132232205824,63,63,63,0,95,63,63,0,0,0,0,0,95,95,63,0,0,63,0,63,95,95,0,0,0,0,0,63,0,0
861,"(189, 190)",2,3.7190623849655005,127,127,127,42,191,127,127,31,31,42,0,0,191,191,127,42,63,127,31,127,191,191,31,63,63,0,0,127,0,106
862,"(190, 191)",2,4.617532421851911,127,127,95,63,159,127,127,0,0,63,0,0,159,169,127,63,0,127,0,127,159,159,0,127,127,0,0,127,0,127
863,"(191, 192)",2,5.278418740484605,63,127,84,31,148,127,127,31,31,31,0,0,148,148,63,31,63,63,0,63,148,148,31,63,127,0,0,63,0,127
864,"(192, 193)",2,2.2097463930576238,127,127,127,63,191,127,127,63,63,63,0,0,191,191,127,63,127,127,63,127,191,191,63,127,127,0,0,127,0,127
865,"(193, 188)",2,6.501353517162579,127,127,127,63,191,127,127,0,0,63,0,0,191,191,127,63,0,127,0,127,191,191,0,127,127,0,0,127,0,127
866,"(193, 908)",2,8.940064087013061,95,127,95,63,191,95,127,31,31,63,0,0,127,127,127,63,0,127,31,95,191,191,0,127,95,0,0,127,0,127
867,"(908, 893)",2,8.181103980052939,63,31,63,63,63,63,63,63,63,63,0,0,63,63,31,63,31,31,63,63,63,63,63,31,63,0,0,31,0,31
868,"(893, 892)",2,10.708774830505394,0,0,0,0,0,0,0,0,63,0,0,0,0,0,0,0,0,0,0,0,0,0,63,0,0,0,0,0,0,0
869,"(189, 193)",2,10.641264341229538,127,127,127,31,191,127,127,0,0,31,0,0,191,191,127,31,0,127,0,127,191,191,0,63,63,0,0,127,0,63
870,"(905, 906)",2,9.53930057484818,63,63,42,42,63,63,42,42,42,42,0,0,42,42,63,42,63,42,42,42,42,63,42,42,63,0,0,63,0,42
871,"(906, 907)",2,9.030630855010935,63,63,63,63,63,63,63,63,63,63,0,0,63,63,63,63,84,63,63,63,63,127,63,63,63,0,0,63,0,63
872,"(907, 192)",2,8.858886008429465,95,95,95,63,95,95,95,63,63,63,0,0,127,127,63,63,127,95,0,95,127,95,63,63,95,0,0,63,0,95
873,"(191, 898)",2,10.436329567433377,42,84,63,42,84,84,84,84,42,42,42,0,84,84,42,42,42,42,42,42,84,84,42,42,84,0,42,42,0,84
874,"(898, 899)",2,9.919990860063278,63,63,95,63,63,95,63,127,63,63,63,0,63,63,63,63,63,95,63,63,95,63,63,63,63,0,63,63,0,95
875,"(899, 900)",2,9.291930526914317,0,0,0,0,0,0,0,0,0,0,0,0,0,0,0,0,0,0,0,0,0,0,0,0,0,0,0,0,0,0
876,"(900, 901)",2,9.414710032860363,31,31,31,31,31,63,31,63,31,31,31,0,31,31,31,31,63,31,31,31,63,63,31,63,63,0,31,63,0,63
877,"(683, 684)",2,16.10449957574592,223,95,63,63,63,95,95,159,63,63,63,63,63,63,127,95,63,95,95,95,127,127,63,63,127,63,95,95,63,95
878,"(684, 685)",2,12.096276515937701,42,42,42,42,42,42,42,84,84,42,42,42,42,42,42,42,84,42,42,42,42,42,42,42,42,42,42,42,42,42
879,"(685, 116)",2,11.521146970644578,63,63,63,63,63,63,63,84,84,63,63,63,63,63,63,63,84,63,63,63,63,63,63,63,63,63,63,63,63,63
880,"(116, 696)",2,12.425362616802941,63,63,63,63,63,63,63,63,63,63,63,63,63,63,63,63,63,63,63,63,63,63,63,63,63,63,63,63,63,63
881,"(696, 124)",2,12.447215407133895,105,105,105,105,105,105,105,105,105,63,63,63,63,105,105,105,105,105,105,105,105,105,105,105,148,63,63,105,63,105
882,"(124, 694)",2,9.21807439962028,127,127,105,105,105,127,127,105,105,63,84,63,63,105,148,105,105,105,127,105,105,105,148,105,169,84,63,148,84,127
883,"(694, 698)",2,10.433903916593414,127,127,63,63,63,127,127,63,63,63,127,63,63,63,191,63,63,63,127,63,63,63,191,63,127,127,63,191,127,127
884,"(698, 699)",2,10.71265871865723,42,42,42,42,42,42,31,42,42,42,84,0,42,42,42,42,42,42,31,42,42,42,31,42,42,127,42,127,84,84
885,"(699, 700)",2,10.802005164397107,127,127,63,63,127,127,31,63,63,63,95,0,63,63,95,63,95,63,31,63,63,63,31,63,159,0,63,159,95,95
886,"(703, 702)",2,11.754130581866995,63,63,127,63,63,63,63,127,63,63,63,63,63,63,63,63,63,127,63,63,127,63,63,127,127,0,63,63,0,63
887,"(702, 695)",2,10.202909888451954,63,63,127,63,105,105,105,127,63,63,63,63,63,63,63,63,63,84,63,63,127,63,63,84,127,42,105,105,42,105
888,"(695, 125)",2,9.176815071412689,63,63,127,63,127,127,127,127,63,63,63,63,63,63,63,63,63,63,63,63,127,63,63,63,127,63,127,127,63,127
889,"(125, 697)",2,12.127443640148831,105,63,84,63,84,84,84,84,63,63,63,63,63,63,63,63,63,63,63,63,84,63,63,63,84,63,84,84,63,84
890,"(697, 117)",2,13.255561705571354,169,63,63,63,63,63,63,105,63,63,63,105,63,63,63,63,63,63,63,63,63,63,63,63,105,105,63,63,63,63
891,"(117, 689)",2,12.49909965888523,159,63,95,63,127,95,127,191,63,95,63,127,63,95,63,63,63,63,127,95,127,95,95,63,127,95,63,127,63,127
892,"(689, 688)",2,12.358651734126195,0,0,0,0,0,0,95,0,0,63,0,127,0,0,0,0,0,0,127,0,0,0,0,0,0,0,0,0,0,0
893,"(688, 687)",2,14.173417409500468,31,0,31,0,31,0,191,0,0,127,0,42,0,42,0,0,0,0,191,31,0,0,31,0,0,0,0,31,0,0
894,"(117, 116)",1,4.111279610585696,127,63,63,63,63,63,63,95,63,63,63,95,63,63,63,63,63,63,63,63,63,63,63,63,95,95,63,63,63,63
895,"(116, 691)",1,11.315100159517069,63,63,63,63,63,95,63,95,63,63,63,63,63,95,63,63,63,63,63,63,63,63,63,63,63,63,63,63,63,63
896,"(691, 690)",1,10.201902857246168,63,63,63,63,63,127,63,127,63,63,0,0,63,127,63,63,63,63,63,63,63,63,63,63,63,0,63,63,0,63
897,"(690, 656)",1,9.249623716255078,31,31,31,31,31,31,31,31,31,31,0,0,31,31,31,63,63,31,31,31,31,31,31,63,31,0,0,31,0,31
898,"(656, 655)",1,11.040729985629364,63,63,63,63,63,63,63,63,63,63,31,0,63,63,63,127,127,63,63,63,63,63,63,127,63,0,0,63,63,63
899,"(655, 654)",1,10.620480601972679,63,42,42,42,63,63,42,63,42,63,42,0,42,42,42,63,42,63,42,42,42,42,42,84,42,0,0,42,105,42
900,"(654, 653)",1,10.30262271671997,148,63,63,63,63,127,63,84,63,105,63,0,63,63,63,63,63,63,63,63,63,63,63,63,63,0,0,63,63,63
901,"(653, 652)",1,9.882286295824235,191,63,63,63,63,127,63,127,63,63,63,0,63,63,63,63,63,63,63,63,63,63,63,63,63,0,0,63,63,63
902,"(652, 651)",1,10.309054486808426,212,63,63,63,105,148,84,148,63,63,63,0,63,63,63,63,63,63,63,63,84,106,63,63,84,0,0,63,63,84
903,"(651, 119)",1,8.729570848378964,255,63,127,63,191,191,191,191,63,63,63,0,127,63,63,63,63,63,63,63,191,255,63,63,191,0,0,127,63,191
904,"(119, 118)",1,3.6802433285431615,255,0,127,63,191,191,191,191,63,0,0,0,0,0,0,0,0,0,0,63,191,255,0,0,191,0,0,127,63,191
905,"(120, 121)",1,3.99959097685977,95,95,31,63,95,95,63,95,63,31,0,0,31,0,95,31,31,63,95,31,95,63,63,31,127,0,0,0,0,0
906,"(121, 657)",1,8.201034160106639,127,159,63,95,127,127,95,127,95,63,31,31,63,63,127,63,63,95,127,63,127,95,95,63,159,31,31,63,31,31
907,"(657, 658)",1,11.036726820165779,63,127,63,63,63,63,63,63,63,63,63,63,63,127,63,63,63,63,63,63,63,63,63,63,63,63,63,127,63,63
908,"(658, 659)",1,10.410361309121026,63,95,63,63,63,63,95,63,63,63,63,63,63,95,63,63,63,95,63,63,63,63,63,63,63,63,63,95,63,95
909,"(659, 660)",1,10.933140505055883,95,63,63,63,63,63,127,63,63,63,63,63,63,63,63,63,63,127,63,63,63,63,63,63,63,63,63,63,63,95
910,"(660, 661)",1,9.990134656920112,42,63,42,42,63,42,42,63,42,42,42,31,42,42,42,63,42,63,42,42,42,63,63,42,42,63,31,31,63,42
911,"(661, 662)",1,9.775508388732431,63,63,63,63,63,63,63,63,63,63,63,63,63,63,63,84,63,84,63,63,63,63,84,63,63,63,63,105,63,63
912,"(662, 122)",1,8.934706229855895,63,63,63,63,63,63,63,63,63,63,63,63,63,63,63,63,63,63,63,63,63,63,63,63,63,63,0,84,63,63
913,"(122, 123)",1,4.419492786115576,84,84,84,63,127,95,105,95,63,63,63,0,105,63,84,63,63,63,84,31,84,105,84,63,63,63,0,84,63,105
914,"(123, 692)",1,9.146258763862418,84,105,84,63,191,127,105,127,63,84,63,0,105,84,84,63,84,84,84,63,84,148,84,63,84,0,0,105,0,105
915,"(692, 693)",1,9.25229871606881,63,63,63,63,63,127,63,63,63,127,63,0,63,127,63,63,127,127,63,63,63,63,63,63,63,42,0,127,0,63
916,"(693, 124)",1,8.487668304085838,95,95,95,95,95,127,95,95,95,95,63,31,63,127,95,95,127,127,95,95,95,95,95,95,127,63,31,127,31,95
917,"(124, 125)",1,4.419492786115481,95,95,127,95,127,127,127,127,95,63,63,63,63,95,95,95,95,95,95,95,127,95,95,95,159,63,95,127,63,127
918,"(122, 707)",1,10.512793663779577,63,63,63,63,0,0,63,0,63,63,63,0,63,63,63,63,63,63,63,0,63,63,63,63,0,63,0,63,63,63
919,"(707, 709)",1,11.149263015292272,0,0,0,0,0,0,0,0,0,0,0,0,0,0,0,0,0,0,0,0,0,0,0,0,0,0,0,0,0,0
920,"(709, 711)",1,11.246931300191632,0,0,0,0,0,0,0,0,0,0,0,0,0,0,0,0,0,0,0,0,0,0,0,0,0,0,0,0,0,0
921,"(711, 713)",1,10.729146083116639,0,0,0,0,0,0,0,0,0,0,0,0,0,0,0,0,0,0,0,0,0,0,0,0,0,0,0,0,0,0
922,"(713, 130)",1,11.035725801904272,0,31,31,0,0,0,0,0,31,31,0,0,0,95,0,31,0,0,31,31,0,31,0,63,0,0,0,0,0,0
923,"(130, 131)",1,4.132720588381864,0,95,95,31,63,0,0,0,63,63,0,0,0,0,0,63,63,0,63,63,0,63,0,127,0,0,0,0,0,0
924,"(131, 747)",1,7.803436549841871,84,84,84,63,127,84,42,42,63,63,0,0,42,42,84,63,84,84,63,63,84,63,84,84,84,0,0,84,0,84
925,"(747, 748)",1,8.934706229855895,127,63,63,63,127,127,63,63,63,63,0,0,63,63,127,63,63,127,63,63,127,63,127,63,127,0,0,127,0,127
926,"(750, 132)",1,8.201034160106637,84,95,63,42,42,63,63,95,42,42,31,0,63,42,63,42,84,63,42,42,63,63,63,42,63,0,0,95,0,95
927,"(132, 133)",1,3.99959097685977,127,42,95,63,63,31,31,63,63,63,31,0,127,63,31,63,95,95,63,63,63,31,31,84,31,0,0,31,0,42
928,"(133, 712)",1,11.117509976757118,127,63,63,31,63,63,63,95,63,63,31,63,127,63,63,63,63,63,63,63,95,63,95,127,95,0,31,63,0,95
929,"(712, 710)",1,10.30262271671989,127,95,63,63,95,63,63,63,63,63,63,127,127,63,63,63,63,63,63,63,63,63,127,127,127,0,63,95,0,127
930,"(710, 708)",1,11.801967084827123,148,105,63,63,84,63,63,63,63,63,63,0,105,63,63,63,63,63,63,63,84,63,105,127,105,0,0,105,0,127
931,"(708, 706)",1,10.933140505055844,159,95,95,63,127,127,127,127,63,63,63,0,127,63,95,63,63,63,95,63,127,95,95,95,95,0,0,95,0,159
932,"(706, 123)",1,10.512793663779576,63,63,63,31,127,95,95,95,31,31,31,0,95,31,63,31,31,31,63,31,63,95,63,31,63,0,0,63,0,95
933,"(935, 177)",1,9.852804845224579,63,31,84,0,31,105,31,127,31,105,0,0,31,63,31,63,63,84,31,31,84,63,105,31,84,0,0,31,0,63
934,"(177, 178)",1,4.707355016430201,63,63,63,0,63,127,63,127,63,127,0,0,63,63,63,63,63,63,63,63,63,63,127,63,63,0,0,63,0,63
935,"(178, 882)",1,10.892381525912139,63,63,63,31,63,105,63,105,63,105,0,0,63,63,63,63,63,63,63,63,63,63,105,63,63,0,0,63,0,63
936,"(882, 881)",1,9.943114381881673,63,63,63,63,63,63,63,63,63,63,0,0,63,63,63,63,63,63,63,63,63,63,63,63,63,0,0,63,0,63
937,"(881, 880)",1,9.14037455881484,127,63,63,63,63,105,84,84,63,63,0,0,84,105,84,84,63,63,63,105,95,127,84,63,63,0,0,63,0,84
938,"(880, 173)",1,11.38707260906944,191,63,63,63,63,191,127,95,63,63,0,31,127,191,127,95,63,63,63,191,95,127,95,63,63,0,31,63,0,127
939,"(173, 174)",1,5.0871748000325345,31,31,63,31,63,63,95,95,63,63,63,63,63,31,63,63,63,31,63,63,95,63,63,63,95,0,63,63,0,63
940,"(175, 172)",1,4.74840830830728,95,95,31,63,127,63,31,31,31,31,0,31,127,95,95,31,31,63,31,95,31,31,31,31,95,0,31,63,31,63
941,"(172, 883)",1,11.019092105760809,191,191,63,127,255,127,63,63,63,63,0,63,255,191,191,63,63,127,63,191,63,63,63,63,191,0,63,127,63,127
942,"(883, 884)",1,10.521837669751118,42,42,42,0,42,42,42,42,42,42,0,0,42,42,42,42,42,42,84,42,42,42,84,42,42,0,0,42,0,42
943,"(884, 885)",1,9.48064394551506,63,63,63,0,63,63,63,63,63,63,0,0,63,63,63,63,63,63,95,63,63,63,95,63,63,0,0,95,0,63
944,"(885, 179)",1,10.82894549176909,42,63,42,0,63,63,63,42,42,42,0,0,42,42,42,42,63,42,42,63,63,42,42,42,63,0,0,84,0,63
945,"(179, 176)",1,4.069739840025975,63,127,63,0,127,127,127,63,63,63,0,0,63,63,63,63,127,63,63,127,191,63,63,63,127,0,0,127,0,127
946,"(176, 928)",1,10.054412014696375,42,42,63,0,42,42,42,42,63,63,0,0,63,63,63,63,42,42,63,42,127,42,42,63,42,0,0,127,0,127
947,"(748, 749)",1,8.828981057907546,127,84,42,42,42,84,42,84,42,42,0,0,84,42,127,42,42,84,42,42,42,84,84,42,84,0,0,84,0,84
948,"(749, 156)",1,11.18716839966565,191,127,63,63,63,127,63,127,63,63,0,0,127,63,191,63,63,127,63,63,63,127,127,63,127,0,0,127,0,127
949,"(156, 157)",1,2.419752541000177,0,0,31,31,0,0,0,0,0,0,0,0,0,0,0,31,0,0,31,31,0,0,0,0,0,0,0,0,0,0
950,"(157, 753)",1,7.541354447096785,31,31,63,63,31,31,31,31,31,31,0,0,31,31,31,63,31,63,63,63,31,31,31,31,63,0,0,31,0,31
951,"(753, 160)",1,7.604564572878067,42,42,42,31,0,42,42,31,42,42,0,0,31,42,0,42,0,0,42,42,31,42,0,42,84,0,0,0,0,0
952,"(160, 161)",1,2.419752541000158,63,63,63,63,0,63,63,63,63,63,0,0,63,63,0,63,0,31,63,63,63,63,0,63,127,0,0,0,0,0
953,"(161, 879)",1,10.194772398323513,0,0,63,0,0,0,0,0,63,63,0,0,0,0,0,63,0,0,63,63,0,0,0,0,0,0,0,0,0,0
954,"(879, 878)",1,10.956255526318223,95,63,63,31,63,31,31,95,31,31,0,0,31,31,63,31,31,95,31,63,95,95,31,63,31,0,0,63,0,31
955,"(878, 877)",1,9.945802800041312,31,31,31,0,31,31,31,31,31,31,0,0,31,31,31,31,31,63,31,31,31,31,63,31,31,0,0,31,0,31
956,"(877, 176)",1,8.60198119636484,0,0,31,0,0,0,0,0,31,31,0,0,31,31,31,31,0,0,31,0,170,0,0,31,0,0,0,63,0,63
957,"(176, 177)",1,3.9446112168322527,31,31,63,0,31,63,31,63,63,95,0,0,63,63,63,63,31,31,63,31,159,31,63,63,31,0,0,95,0,95
958,"(178, 179)",1,3.849146192713907,63,95,63,0,95,127,95,95,63,95,0,0,63,63,63,63,95,63,63,95,95,63,95,63,95,0,0,95,0,95
959,"(179, 971)",1,9.19099335953774,63,127,63,0,127,127,127,63,63,63,0,0,63,63,63,63,127,63,63,127,127,63,63,63,127,0,0,127,0,127
960,"(971, 970)",1,10.309054486808366,0,63,42,0,84,63,63,63,42,31,0,0,42,42,63,0,63,42,42,84,63,63,63,31,84,0,0,63,0,63
961,"(970, 969)",1,10.195912757375256,0,63,63,0,127,63,63,127,63,63,0,0,63,63,127,0,63,63,63,127,63,127,127,63,127,0,0,63,0,63
962,"(969, 162)",1,10.171409330391187,0,0,0,0,0,0,0,0,0,0,0,0,0,0,0,0,0,0,0,0,0,0,0,0,0,0,0,0,0,0
963,"(162, 163)",1,2.165786629518927,31,31,31,63,0,31,31,0,31,31,0,0,31,31,31,31,31,31,0,63,31,0,0,31,31,0,0,31,0,31
964,"(163, 754)",1,7.889206469959765,31,31,31,31,63,31,31,95,31,31,0,0,31,31,31,31,31,31,63,31,31,84,63,31,31,0,0,31,0,31
965,"(754, 158)",1,7.382074477627162,63,31,31,31,31,95,63,95,63,31,0,0,31,31,31,31,63,63,0,31,127,159,63,31,63,0,0,63,0,63
966,"(158, 159)",1,2.6737931355998543,0,31,0,0,0,0,0,0,0,0,0,0,0,0,0,0,0,0,0,0,0,0,0,0,0,0,0,0,0,0
967,"(159, 752)",1,10.036787715335208,31,31,31,31,63,95,31,63,31,31,0,0,31,31,31,31,31,31,31,31,63,95,63,31,95,0,0,63,0,63
968,"(752, 751)",1,8.828981057907585,31,31,0,0,63,95,31,63,0,0,0,0,0,0,31,0,31,0,0,0,63,95,63,0,95,0,0,63,0,63
969,"(751, 750)",1,9.888991455226796,95,127,31,31,95,159,95,159,31,31,31,0,31,31,95,31,95,31,31,31,127,159,127,31,159,0,0,159,0,159
970,"(158, 763)",1,10.10335474308634,42,42,31,31,95,95,42,42,42,42,0,0,42,31,63,0,42,31,31,31,31,31,42,63,63,0,0,31,0,42
971,"(763, 761)",1,7.990891211861179,63,63,63,42,42,63,63,63,63,63,0,0,63,63,42,0,63,42,42,42,42,42,63,95,31,0,0,63,0,63
972,"(761, 762)",1,9.149736759525393,63,63,127,63,63,127,63,63,63,63,0,0,63,127,63,0,63,63,63,63,63,63,63,191,63,0,0,127,0,63
973,"(762, 165)",1,10.055370643893813,148,84,42,63,106,84,84,63,63,63,42,0,84,106,106,42,31,42,42,42,42,84,63,63,63,31,31,106,31,106
974,"(165, 166)",1,3.944611216832232,255,127,63,127,191,63,63,63,63,63,63,0,63,191,127,63,0,63,63,63,63,63,63,63,127,63,63,191,63,127
975,"(167, 164)",1,3.9487095153057945,127,63,63,95,95,127,159,95,63,63,63,31,63,127,127,63,63,31,31,63,127,95,31,63,159,31,63,95,31,63
976,"(164, 982)",1,10.364923592847266,255,127,63,127,191,63,63,63,63,63,63,63,63,191,127,63,63,63,63,63,63,63,63,63,127,63,63,191,63,127
977,"(982, 983)",1,8.91707883940124,0,0,0,0,0,0,0,0,0,0,0,0,0,0,0,0,0,0,0,0,0,0,0,0,0,0,0,0,0,0
978,"(983, 984)",1,8.39383842005352,0,0,0,0,0,0,0,0,0,0,0,0,0,0,0,0,0,0,0,0,0,0,0,0,0,0,0,0,0,0
979,"(984, 159)",1,9.695706761134328,0,0,0,0,0,0,0,0,0,0,0,0,0,0,0,0,0,0,0,0,0,0,0,0,0,0,0,0,0,0
980,"(159, 156)",1,4.578457320029215,0,0,0,0,0,0,0,0,0,0,0,0,0,0,0,0,0,0,0,0,0,0,0,0,0,0,0,0,0,0
981,"(161, 162)",1,4.961625666864536,0,0,63,0,0,0,0,0,63,63,0,0,0,0,0,63,0,0,63,63,0,0,0,0,0,0,0,0,0,0
982,"(162, 945)",1,8.05438978037555,0,0,0,0,0,0,0,0,0,0,0,0,0,0,0,0,0,0,0,0,0,0,0,0,0,0,0,0,0,0
983,"(945, 946)",1,6.629239179173244,0,0,0,0,0,0,0,0,0,0,0,0,0,0,0,0,0,0,0,0,0,0,0,0,0,0,0,0,0,0
984,"(946, 947)",1,10.406115647725352,0,0,0,0,0,0,0,0,0,0,0,0,0,0,0,0,0,0,0,0,0,0,0,0,0,0,0,0,0,0
985,"(947, 169)",1,11.36400523727339,127,95,95,31,0,0,0,0,31,31,31,0,0,127,0,31,0,31,0,31,0,0,0,0,0,31,31,95,31,0
986,"(169, 170)",1,4.496469747730316,191,127,127,63,31,95,63,31,63,63,159,0,31,159,31,63,31,63,31,63,63,31,31,63,95,63,63,191,63,95
987,"(171, 168)",1,4.263829450256557,191,127,127,63,127,191,127,127,63,63,159,0,95,159,127,63,63,31,95,63,127,95,95,159,191,31,63,95,31,191
988,"(168, 979)",1,11.471550974621632,255,191,191,63,191,191,127,191,63,63,63,0,127,255,191,63,0,63,127,63,127,127,127,191,191,63,63,191,63,191
989,"(979, 980)",1,9.91999086006336,0,0,0,0,0,0,0,0,0,0,0,0,0,0,0,0,0,0,0,0,0,0,0,0,0,0,0,0,0,0
990,"(980, 981)",1,7.2503396127258215,0,0,0,0,0,0,0,0,0,0,0,0,0,0,0,0,0,0,0,0,0,0,0,0,0,0,0,0,0,0
991,"(981, 163)",1,8.155361606724629,0,0,0,0,0,0,0,0,0,0,0,0,0,0,0,0,0,0,0,0,0,0,0,0,0,0,0,0,0,0
992,"(163, 160)",1,4.721079112654332,31,31,31,0,0,31,31,0,31,31,0,0,0,31,0,31,0,0,31,31,0,31,0,31,63,0,0,0,0,0
993,"(700, 701)",2,9.078220200437512,42,42,42,42,42,42,31,42,42,42,42,31,31,42,42,42,63,42,42,42,31,42,42,31,42,0,42,63,42,42
994,"(701, 126)",2,7.360486657086282,127,95,127,95,127,95,31,127,63,63,63,31,31,63,95,95,63,95,95,127,31,127,127,31,127,0,95,63,95,63
995,"(126, 127)",2,4.629479485602485,106,84,127,63,127,63,63,106,42,42,42,31,42,42,106,63,63,106,84,84,63,106,106,63,127,31,106,84,84,42
996,"(127, 755)",2,7.567698049635051,127,127,191,63,191,63,127,127,63,63,63,0,63,63,191,63,63,191,127,63,127,127,127,127,191,63,191,127,127,63
997,"(755, 756)",2,9.359828530661959,63,127,191,31,191,63,63,63,63,63,63,0,63,63,95,63,31,95,127,63,63,63,63,63,191,63,169,127,127,63
998,"(756, 757)",2,10.200245912163831,31,63,31,31,63,31,31,31,31,31,31,63,63,31,31,31,63,31,63,31,63,31,31,31,95,31,95,95,31,31
999,"(757, 164)",2,9.903091648625066,106,84,42,63,106,42,42,42,42,42,42,63,63,84,63,42,63,42,63,42,63,42,42,42,106,42,42,127,42,63
1000,"(164, 165)",2,2.303316353966055,255,127,63,127,191,63,63,63,63,63,63,63,63,191,127,63,63,63,63,63,63,63,63,63,127,63,63,191,63,127
1001,"(165, 876)",2,7.818520601504533,255,148,105,127,191,105,84,105,63,63,63,0,84,212,148,63,0,63,84,63,84,84,84,105,148,63,63,191,63,148
1002,"(876, 168)",2,8.336422481620835,255,191,191,42,191,191,127,191,63,63,63,0,127,255,191,63,0,63,127,63,127,127,127,191,191,63,63,191,63,191
1003,"(168, 169)",2,2.303316353966055,255,191,191,63,191,191,127,191,63,63,63,31,127,255,191,63,31,63,127,63,127,127,127,191,191,63,63,191,63,191
1004,"(169, 874)",2,13.094131935777899,212,191,105,63,42,42,42,42,63,63,63,42,42,127,42,63,42,63,42,63,42,42,42,42,84,63,63,148,63,42
1005,"(874, 872)",2,14.68753247024584,191,191,63,105,105,63,63,63,63,63,0,63,191,63,63,63,63,63,63,63,63,63,63,63,84,0,63,127,63,63
1006,"(872, 172)",2,10.659981177795931,127,191,63,127,212,84,63,63,63,63,0,63,255,127,127,63,63,84,63,127,63,63,63,63,148,0,63,127,63,84
1007,"(172, 173)",2,5.087174800032554,191,191,63,127,255,127,63,63,63,63,0,63,255,191,191,63,63,127,63,191,63,63,63,63,191,0,63,127,63,127
1008,"(173, 202)",2,8.434763633669643,0,0,63,0,0,0,0,63,63,63,0,63,0,0,0,63,63,0,63,0,63,63,63,63,0,0,63,0,0,0
1009,"(205, 174)",2,8.713355558820275,42,42,42,42,84,84,127,84,42,42,84,42,84,42,84,42,42,42,42,84,84,42,42,42,127,0,0,84,0,84
1010,"(174, 175)",2,4.467599659525547,63,63,63,63,127,127,191,127,63,63,127,63,127,63,127,63,63,63,63,127,127,63,63,63,191,0,0,127,0,127
1011,"(175, 871)",2,11.068150470391698,0,31,31,31,0,0,0,31,31,31,0,31,31,31,31,31,31,0,0,0,31,31,0,0,0,0,0,63,0,0
1012,"(871, 873)",2,15.032067809123625,84,63,63,63,63,63,95,63,63,63,0,63,63,63,63,63,63,63,63,63,63,63,63,31,127,0,0,127,0,63
1013,"(873, 170)",2,13.631271982975301,127,63,63,63,42,127,84,63,63,63,170,0,63,63,63,63,63,31,42,42,84,63,42,84,191,0,42,31,0,127
1014,"(170, 171)",2,2.9278889735636713,127,63,63,63,63,191,127,63,63,63,255,0,63,63,63,63,63,0,63,63,127,63,63,127,191,0,63,0,0,191
1015,"(171, 875)",2,7.297532170764883,127,63,63,63,105,191,212,105,63,63,127,0,63,63,105,63,63,42,105,63,169,105,148,84,191,0,63,42,0,233
1016,"(875, 166)",2,7.4695955157534035,127,63,63,63,127,191,255,127,63,63,63,0,63,63,127,63,63,63,127,63,191,127,191,63,191,0,63,63,0,255
1017,"(166, 167)",2,3.436197356421246,63,31,42,42,63,127,170,84,42,42,42,0,42,42,84,42,42,31,63,42,127,84,95,42,127,0,42,31,0,127
1018,"(167, 758)",2,8.879512999655681,31,63,63,63,127,191,255,127,63,63,63,0,63,63,127,63,63,63,31,63,223,127,31,63,191,0,63,63,0,63
1019,"(758, 759)",2,9.985710327802847,31,63,31,31,127,95,127,63,31,31,31,0,31,31,63,31,31,63,31,31,127,63,31,31,95,0,31,63,0,63
1020,"(759, 760)",2,9.775508388732412,63,63,63,63,95,127,127,95,95,63,31,0,31,31,95,31,31,95,63,95,127,95,95,63,95,0,31,63,0,95
1021,"(760, 128)",2,7.259228860075223,63,63,63,63,95,127,127,95,127,63,31,0,31,31,95,31,31,95,63,127,170,95,95,63,95,0,31,63,0,95
1022,"(128, 129)",2,4.730978991515229,0,0,0,0,0,0,0,0,191,63,31,0,31,31,0,31,0,0,0,127,255,0,0,63,0,0,84,0,0,0
1023,"(129, 705)",2,7.259228860075219,42,42,42,42,31,84,31,31,84,84,42,42,42,42,31,42,63,63,42,31,31,31,31,84,42,0,127,31,0,31
1024,"(705, 704)",2,9.98902875835503,63,63,63,63,63,159,95,95,127,127,63,63,63,63,63,63,42,31,63,106,95,63,95,127,63,0,42,63,0,95
1025,"(704, 703)",2,11.460992446760908,63,63,84,63,42,42,42,84,105,42,63,63,63,63,42,63,63,84,63,84,63,42,42,127,84,0,63,42,0,42
1026,"(132, 719)",1,9.882286295824235,84,42,127,63,63,63,42,63,63,63,0,0,127,63,42,63,84,127,63,63,42,42,42,63,42,0,0,63,0,42
1027,"(719, 718)",1,7.673524843613842,63,63,31,63,63,31,63,31,63,63,0,0,31,63,63,63,63,31,63,63,63,63,63,63,63,0,0,31,0,63
1028,"(718, 717)",1,10.302622716719931,105,148,63,63,63,105,105,105,63,63,0,0,63,63,63,63,105,63,105,63,63,63,105,63,105,0,0,63,0,105
1029,"(717, 127)",1,9.565306972501018,105,169,127,84,127,127,148,148,63,84,31,0,84,63,127,84,127,148,127,84,84,105,127,105,148,31,95,105,63,105
1030,"(127, 128)",1,4.5208194545641875,127,127,191,63,191,63,127,127,127,63,63,0,63,63,191,63,63,191,127,127,191,127,127,127,191,63,191,127,127,63
1031,"(129, 126)",1,4.624704363665882,0,0,0,0,0,0,0,0,0,0,0,0,0,0,0,0,0,0,0,0,0,0,0,0,0,0,127,0,0,0
1032,"(126, 716)",1,9.173853134406144,31,31,31,31,31,63,95,63,31,31,0,0,31,31,31,31,31,63,63,31,31,31,31,31,31,0,0,63,0,31
1033,"(716, 715)",1,8.51430908925098,63,63,63,63,63,127,191,127,63,63,0,0,63,63,63,63,63,127,127,63,63,63,63,63,63,0,0,127,0,63
1034,"(715, 714)",1,10.62048060197272,84,63,63,0,63,105,42,127,63,63,0,0,84,63,63,63,63,42,42,63,84,63,63,84,63,0,0,105,0,63
1035,"(714, 133)",1,9.149736759525373,127,63,63,0,63,63,63,127,63,63,0,0,127,63,63,63,63,63,63,63,127,63,63,127,63,0,0,63,0,63
1036,"(202, 203)",2,2.4150019542059002,31,31,42,31,31,31,42,42,42,42,31,42,31,31,31,42,42,31,42,31,42,42,42,42,31,0,42,42,0,31
1037,"(203, 206)",2,11.619058799192503,42,42,63,42,42,42,84,63,63,63,42,63,42,42,42,63,63,42,63,42,63,63,63,63,42,0,63,63,0,63
1038,"(206, 207)",2,3.369173307139183,63,63,63,63,63,63,127,63,63,63,63,63,63,63,63,63,63,63,63,63,63,63,63,63,63,0,63,63,0,127
1039,"(207, 870)",2,9.38391106031301,42,42,63,42,42,42,84,63,63,63,42,63,42,42,42,63,63,42,63,42,63,63,63,63,42,0,63,63,0,42
1040,"(870, 868)",2,13.077573131941888,63,84,63,63,63,63,105,63,63,63,63,63,84,63,63,63,63,63,63,63,63,63,63,63,63,0,63,63,0,105
1041,"(868, 866)",2,13.296527721294169,63,127,63,63,63,63,63,63,63,63,63,63,127,63,63,63,63,63,63,63,63,63,63,63,63,0,63,63,0,127
1042,"(866, 864)",2,11.45139744003305,0,0,0,0,127,0,0,31,31,31,0,0,0,0,0,31,0,0,0,0,0,0,0,0,31,0,0,0,0,0
1043,"(864, 210)",2,12.857050139822556,84,170,42,84,255,127,42,63,63,63,42,42,127,127,127,63,84,84,127,84,127,84,84,84,63,0,42,84,0,127
1044,"(210, 211)",2,3.5002295028783297,127,159,63,127,159,127,63,63,63,63,63,95,159,127,127,63,127,127,127,127,159,127,127,127,63,0,95,127,0,159
1045,"(211, 862)",2,12.429492308765798,31,31,63,31,31,31,31,31,31,31,0,63,63,31,31,31,63,31,31,31,63,95,63,95,31,0,63,63,0,63
1046,"(862, 860)",2,13.348992304564849,31,31,31,31,31,31,31,42,42,42,0,31,31,31,31,42,31,31,31,31,31,31,31,31,42,0,31,31,0,31
1047,"(859, 861)",2,13.048506287721134,63,63,63,63,63,191,95,63,63,63,63,63,63,127,63,63,63,63,63,63,95,63,63,95,127,0,0,63,0,255
1048,"(861, 212)",2,12.607755489666687,127,127,63,95,63,191,95,95,95,63,95,95,127,159,127,127,63,95,95,95,159,127,95,127,191,0,95,63,0,223
1049,"(212, 213)",2,4.206235357361252,84,84,42,63,42,84,31,63,63,42,63,106,84,84,84,84,42,63,63,63,84,84,63,84,84,0,106,42,0,84
1050,"(213, 863)",2,12.29375362837057,63,63,63,63,63,63,31,63,63,63,63,148,63,63,63,63,63,63,63,63,63,63,63,105,63,0,105,63,0,63
1051,"(863, 865)",2,11.564073030157495,63,63,63,63,63,63,63,63,63,63,63,63,63,63,63,63,63,63,63,63,63,63,63,63,63,0,63,63,0,63
1052,"(865, 867)",2,13.413635913563716,84,42,42,42,84,42,42,42,42,42,42,42,42,42,84,42,42,42,42,42,42,42,42,42,42,0,42,42,0,42
1053,"(867, 869)",2,12.607091691436986,95,63,63,63,127,63,63,63,63,63,63,63,63,63,95,63,63,63,63,63,63,63,63,63,63,0,63,63,0,63
1054,"(869, 208)",2,9.874097567481327,31,31,31,31,31,31,31,31,31,31,31,31,31,31,31,31,31,31,31,31,31,31,31,42,31,0,31,31,0,31
1055,"(208, 209)",2,3.244893834978742,0,0,0,0,0,0,0,0,0,0,0,0,0,0,0,0,0,0,0,0,0,0,0,63,0,0,0,0,0,0
1056,"(209, 204)",2,11.191784560071387,31,31,31,31,63,63,95,63,31,31,63,31,63,31,63,31,31,31,31,63,63,31,31,63,95,0,0,63,0,63
1057,"(204, 205)",2,2.415001954205956,63,63,63,63,127,127,191,127,63,63,127,63,127,63,127,63,63,63,63,127,127,63,63,63,191,0,0,127,0,127
1058,"(860, 858)",2,11.400103832471082,31,31,31,31,31,31,31,63,63,63,0,31,31,31,31,63,63,31,31,31,31,31,31,31,63,0,31,31,0,31
1059,"(858, 214)",2,12.13345431008888,31,31,31,31,31,31,31,31,31,31,0,31,31,31,31,31,63,31,31,31,31,31,31,31,31,0,31,31,0,31
1060,"(214, 215)",2,3.6480754411263425,42,42,42,42,42,42,42,42,42,42,0,42,42,42,42,42,63,42,42,42,42,42,42,42,42,0,42,42,0,42
1061,"(215, 856)",2,8.561756542341895,63,63,63,63,63,63,63,63,63,63,0,63,63,63,63,63,63,63,63,63,63,63,63,63,63,0,63,63,0,63
1062,"(856, 218)",2,10.238400163749436,63,63,31,63,63,63,63,63,63,63,0,63,63,63,63,63,63,63,63,63,63,63,63,63,63,0,63,63,0,63
1063,"(218, 219)",2,2.6617277951002825,63,63,42,63,42,42,63,63,63,63,0,63,63,63,63,63,63,63,63,63,63,63,63,63,42,0,63,63,0,63
1064,"(219, 854)",2,10.94204759245629,63,63,63,63,63,63,63,63,63,63,0,63,63,63,63,63,63,63,63,63,63,63,63,63,63,0,63,63,0,63
1065,"(854, 851)",2,11.989562233796715,63,63,63,63,95,95,63,63,63,63,0,63,63,63,63,63,63,63,63,63,63,63,63,63,63,0,63,63,0,63
1066,"(851, 223)",2,7.942889039727558,63,63,63,63,127,127,63,63,63,63,0,63,63,63,63,63,63,63,63,63,63,63,63,63,63,0,63,63,0,63
1067,"(223, 224)",2,5.381956858711367,31,31,31,31,63,127,31,31,31,31,0,31,31,31,31,31,31,31,31,31,31,31,31,31,31,0,31,31,0,31
1068,"(224, 849)",2,7.478586345245654,127,84,42,42,170,127,84,42,42,42,0,42,84,42,42,42,84,84,84,42,84,84,84,84,84,0,42,84,0,84
1069,"(850, 225)",2,7.194514889061224,105,84,63,63,84,105,84,84,63,63,0,63,84,63,84,63,84,84,84,63,84,105,63,84,105,0,0,63,0,84
1070,"(225, 222)",2,5.737495398103985,63,63,63,63,63,63,63,63,63,63,0,63,63,63,63,63,63,63,63,63,63,63,63,63,63,0,0,63,0,63
1071,"(222, 852)",2,8.513198666337816,63,63,63,63,63,63,63,63,63,63,0,63,63,63,63,63,63,63,63,63,63,63,63,63,63,0,0,63,0,63
1072,"(852, 853)",2,12.12425490479533,42,42,63,63,42,42,42,42,63,63,0,63,42,63,42,63,42,42,42,63,42,42,63,42,42,0,0,63,0,42
1073,"(853, 220)",2,10.8783298594348,63,63,63,63,63,63,63,63,63,63,0,63,63,63,63,63,63,63,63,63,63,63,63,63,63,0,0,63,0,63
1074,"(220, 221)",2,3.522524183716621,63,63,63,63,63,63,63,63,63,63,0,63,63,63,63,63,63,63,63,63,63,63,63,63,63,0,0,63,0,63
1075,"(221, 855)",2,9.824858934361924,63,63,63,63,63,63,63,63,63,63,0,63,63,63,63,63,63,63,63,63,63,63,63,63,63,0,0,63,0,63
1076,"(855, 216)",2,8.531656860953442,63,63,63,63,63,63,63,63,63,63,0,63,63,63,63,63,63,63,63,63,63,63,63,63,63,0,0,63,0,105
1077,"(216, 217)",2,3.9271045474762225,42,42,42,42,42,42,42,42,42,42,31,42,42,63,42,42,42,42,42,42,42,42,42,42,42,0,0,42,0,105
1078,"(217, 857)",2,11.55675305182809,63,63,63,63,63,63,63,63,63,63,63,63,63,105,63,63,63,63,63,63,63,63,63,63,63,0,0,63,0,63
1079,"(857, 859)",2,11.678698193009657,63,63,63,63,63,105,63,63,63,63,63,63,63,84,63,63,63,63,63,63,63,63,63,63,63,0,0,63,0,127
1080,"(203, 204)",1,5.044069136910437,31,31,63,31,63,63,127,95,63,63,63,63,63,31,63,63,63,31,63,63,95,63,63,63,95,0,63,95,0,63
1081,"(205, 202)",1,5.044069136910454,0,0,0,0,0,0,0,0,0,0,0,0,0,0,0,0,0,0,0,0,0,0,0,0,0,0,0,0,0,0
1082,"(207, 208)",1,4.764730584941644,0,0,63,0,0,0,0,63,63,63,0,63,0,0,0,63,63,0,63,0,63,63,63,63,0,0,63,63,0,0
1083,"(209, 206)",1,4.618730300813313,31,31,31,31,31,31,63,31,31,31,31,31,31,31,31,31,31,31,31,31,31,31,31,63,31,0,31,31,0,63
1084,"(211, 212)",1,4.8984038702909185,0,0,0,0,0,0,0,0,0,0,0,0,0,0,0,0,0,0,0,0,0,0,0,0,0,0,0,0,0,0
1085,"(213, 210)",1,5.067295978725257,95,159,63,95,159,127,31,63,63,63,63,127,127,127,127,63,95,95,127,95,127,95,95,127,63,0,95,95,0,127
1086,"(215, 216)",1,3.917124596024969,63,63,63,63,63,63,63,63,63,63,0,63,63,63,63,63,63,63,63,63,63,63,63,63,63,0,63,63,0,95
1087,"(217, 214)",1,4.485448883698589,63,63,63,63,63,63,63,63,63,63,63,63,63,127,63,63,63,63,63,63,63,63,63,63,63,0,0,63,0,63
1088,"(219, 220)",1,3.800471984044045,63,63,63,63,63,63,63,63,63,63,0,63,63,63,63,63,63,63,63,63,63,63,63,63,63,0,63,63,0,63
1089,"(221, 218)",1,4.357076865390163,63,63,63,63,63,63,63,63,63,63,0,63,63,63,63,63,63,63,63,63,63,63,63,63,63,0,31,63,0,63
1090,"(224, 225)",1,6.209297489814823,31,31,31,31,31,31,31,31,31,31,0,31,31,31,31,31,31,31,31,31,31,31,31,31,31,0,0,31,0,31
1091,"(222, 223)",1,5.43262872016877,63,63,63,63,63,95,63,63,63,63,0,63,63,63,63,63,63,63,63,63,63,63,63,63,63,0,0,63,0,63
1092,"(849, 227)",2,8.799367847426604,148,127,63,63,191,148,127,63,63,63,0,63,127,63,63,63,105,105,105,84,105,105,105,105,105,0,63,105,0,105
1093,"(227, 228)",2,6.256397766463086,105,148,127,63,105,105,159,63,63,95,0,63,127,63,63,95,63,63,105,127,63,84,63,63,95,0,31,84,0,159
1094,"(229, 226)",2,6.026960434192807,31,31,31,31,31,31,31,31,31,31,0,31,31,31,63,31,31,31,31,31,31,31,31,63,31,0,31,31,0,31
1095,"(226, 850)",2,8.944539888449007,148,105,63,63,105,148,105,105,63,63,0,63,105,63,127,63,105,105,105,63,105,148,63,127,148,0,63,63,0,105
1096,"(226, 227)",2,5.76811373504142,63,84,63,63,63,63,84,63,63,63,0,63,84,63,105,63,63,63,63,84,63,63,63,105,63,0,63,63,0,63
1097,"(227, 846)",2,8.82164707964051,63,127,63,63,63,63,127,63,63,63,0,63,127,63,63,63,63,63,63,127,63,63,63,63,63,0,0,63,0,63
1098,"(846, 847)",2,10.448494628410383,63,105,63,63,63,63,105,63,63,63,0,63,105,63,63,63,63,63,63,105,63,63,63,63,63,0,0,63,0,63
1099,"(847, 848)",2,10.029865795556582,63,63,63,63,63,63,63,63,63,63,0,63,63,63,63,63,63,63,63,63,63,63,63,63,63,0,0,63,0,63
1100,"(848, 233)",2,9.738143130451318,84,63,63,63,84,63,63,63,63,63,0,63,63,63,84,63,63,63,63,63,63,63,63,63,63,0,0,63,0,63
1101,"(233, 230)",2,3.4669353779362257,127,63,63,63,127,63,63,63,63,63,0,63,63,63,127,63,63,63,63,63,63,63,63,63,63,0,0,63,0,63
1102,"(232, 843)",2,9.901272454145584,63,63,84,63,63,63,63,63,63,63,0,0,63,63,84,63,63,63,63,63,63,63,63,63,63,0,0,63,0,84
1103,"(843, 844)",2,11.802903117432352,63,63,63,63,63,63,63,63,63,63,0,0,63,63,63,63,63,63,63,63,63,63,63,63,63,0,0,63,0,63
1104,"(844, 845)",2,8.91861768144857,63,105,105,63,63,63,63,105,63,63,0,0,63,105,95,105,63,105,105,95,105,63,63,63,63,0,0,63,0,95
1105,"(845, 228)",2,8.440356287017032,42,127,127,42,42,42,0,127,42,63,0,0,42,127,0,127,42,127,127,0,127,42,0,42,63,0,0,42,0,0
1106,"(228, 229)",2,4.554726325090039,63,127,0,63,63,63,0,0,63,127,0,0,63,0,0,0,63,0,127,0,0,63,0,63,127,0,0,63,0,0
1107,"(242, 838)",2,9.843081831789743,63,63,63,63,63,63,63,63,63,63,0,0,63,63,63,63,63,63,63,63,63,63,63,63,63,0,0,63,0,63
1108,"(838, 839)",2,8.830232242078461,63,63,63,63,63,63,63,63,63,63,0,0,63,63,63,63,63,63,63,63,63,63,63,63,63,0,0,63,0,63
1109,"(839, 241)",2,9.693798503745684,63,63,63,63,63,63,63,63,63,63,0,0,63,63,63,63,63,63,63,63,63,63,63,63,63,0,0,63,0,63
1110,"(241, 240)",2,2.2296544203621806,63,63,63,63,63,63,63,63,63,63,0,0,63,63,63,63,63,63,63,63,63,63,63,63,63,0,0,63,0,63
1111,"(240, 239)",2,4.132720588381806,63,63,63,63,63,63,63,63,63,63,0,0,63,63,63,63,63,63,63,63,63,63,63,63,63,0,0,63,0,63
1112,"(239, 238)",2,1.8624993207763036,63,63,63,63,63,63,63,63,63,63,0,0,63,63,63,63,63,63,63,63,63,63,63,63,63,0,0,63,0,63
1113,"(238, 231)",2,12.753935120438241,63,63,84,63,63,63,63,63,63,63,0,0,63,63,84,63,63,63,63,63,63,63,63,63,63,0,0,63,0,84
1114,"(231, 232)",2,3.340350088965415,63,63,127,63,63,63,63,63,63,63,0,0,63,63,127,63,63,63,63,63,63,63,63,63,63,0,0,63,0,127
1115,"(230, 234)",2,12.450623113551154,127,63,63,63,127,63,63,63,63,63,0,63,63,63,127,63,63,63,63,63,63,63,63,63,63,0,0,63,0,63
1116,"(234, 235)",2,1.8144267124011435,95,63,63,63,95,63,63,63,63,63,0,63,63,63,95,63,63,63,63,63,63,63,63,63,63,0,0,63,0,63
1117,"(235, 236)",2,3.9579418969832965,63,63,63,63,63,63,63,63,63,63,0,63,63,63,63,63,63,63,63,63,63,63,63,63,63,0,0,63,0,63
1118,"(236, 237)",2,1.862499320776316,63,63,63,63,63,63,63,63,63,63,0,63,63,63,63,63,63,63,63,63,63,63,63,63,63,0,0,63,0,63
1119,"(237, 840)",2,9.646960007016775,63,63,63,63,63,63,63,63,63,63,0,63,63,63,63,63,63,63,63,63,63,63,63,63,63,0,0,63,0,63
1120,"(840, 841)",2,9.202709362318602,63,63,63,63,63,63,63,63,63,63,0,63,63,63,63,63,63,63,63,63,63,63,63,63,63,0,0,63,0,63
1121,"(841, 243)",2,10.316553150594903,63,63,63,63,63,63,63,63,63,63,0,63,63,63,63,63,63,63,63,63,63,63,63,63,63,0,0,63,0,63
1122,"(230, 231)",1,5.443280137203461,95,63,95,63,95,63,63,63,63,63,0,63,63,63,127,63,63,63,63,63,63,63,63,63,63,0,0,63,0,95
1123,"(232, 233)",1,5.359422226120405,95,63,95,63,95,63,63,63,63,63,0,31,63,63,127,63,63,63,63,63,63,63,63,63,63,0,0,63,0,95
1124,"(235, 239)",1,5.940168369586125,63,63,63,63,63,63,63,63,63,63,0,63,63,63,63,63,63,63,63,63,63,63,63,63,63,0,0,63,0,63
1125,"(238, 234)",1,6.144935492914124,95,63,31,63,95,63,63,63,63,63,0,31,63,63,63,63,63,63,63,63,63,63,63,63,63,0,0,63,0,31
1126,"(237, 241)",1,6.514933382647704,63,63,63,63,63,63,63,63,63,63,0,63,63,63,63,63,63,63,63,63,63,63,63,63,63,0,0,63,0,63
1127,"(240, 236)",1,6.195069830142017,63,63,63,63,63,63,63,63,63,63,0,31,63,63,63,63,63,63,63,63,63,63,63,63,63,0,0,63,0,63
1128,"(242, 243)",1,7.915883793966608,63,63,63,63,63,63,63,63,63,63,0,31,63,63,63,63,63,63,63,63,63,63,63,63,63,0,0,63,0,63
1129,"(831, 286)",2,7.497931738973627,63,63,63,63,63,63,63,63,0,63,0,0,63,95,63,63,63,63,63,63,63,63,63,63,127,0,0,63,0,63
1130,"(286, 287)",2,4.596087178553805,0,0,0,0,0,0,0,0,0,0,0,0,0,0,0,0,0,0,0,0,0,0,0,0,0,0,0,0,0,0
1131,"(287, 833)",2,15.412512589838366,31,0,42,42,0,31,42,42,0,42,0,0,0,0,0,42,31,42,42,42,0,42,42,0,0,0,0,42,0,42
1132,"(833, 835)",2,14.691676320918768,42,31,63,63,127,42,63,63,0,63,0,0,42,42,42,63,42,63,63,63,42,63,63,42,42,0,0,63,0,63
1133,"(835, 292)",2,18.650770925356905,84,84,63,63,148,84,63,63,0,63,0,0,84,84,84,63,84,63,63,63,63,63,63,63,84,0,0,63,0,63
1134,"(292, 837)",2,11.50181774163486,105,105,63,63,105,105,63,63,31,63,0,0,105,105,105,63,105,63,63,63,63,63,63,63,105,0,0,63,0,63
1135,"(837, 242)",2,11.048731965288782,63,63,63,63,63,63,63,63,63,63,0,0,63,63,63,63,63,63,63,63,63,63,63,63,63,0,0,63,0,63
1136,"(243, 244)",2,12.218650888059617,63,63,63,63,84,63,63,63,63,63,0,63,63,63,63,63,63,105,63,63,105,105,63,105,105,0,0,63,0,105
1137,"(244, 291)",2,9.182679534852252,63,63,63,31,127,63,63,63,31,63,0,63,63,63,63,63,95,127,63,63,127,127,63,127,127,0,0,63,0,127
1138,"(291, 290)",2,6.356424403719494,63,63,63,63,127,63,63,63,63,63,0,127,63,63,63,63,127,127,63,63,127,127,63,127,127,0,0,63,0,127
1139,"(290, 836)",2,9.537659174300533,63,63,63,0,127,63,63,63,63,63,0,84,63,63,63,63,84,84,63,63,84,84,63,84,84,0,0,63,0,84
1140,"(836, 834)",2,14.425326108522789,63,63,63,31,105,63,63,63,63,63,0,63,63,63,63,63,63,63,63,63,63,63,63,63,63,0,0,63,0,63
1141,"(834, 288)",2,16.259143386248184,63,63,63,63,63,63,63,63,63,63,0,63,63,63,63,63,63,63,63,63,63,63,63,63,63,0,0,63,0,63
1142,"(288, 285)",2,5.3142109386569505,63,63,63,63,63,63,63,63,63,63,0,63,63,63,63,63,63,105,63,63,105,63,63,63,63,0,0,63,0,63
1143,"(285, 832)",2,6.432894547709909,63,63,63,63,63,63,63,63,63,63,0,63,63,63,63,63,63,105,63,63,105,63,63,63,63,0,0,63,0,63
1144,"(259, 260)",2,3.2600092701093297,63,63,63,63,63,63,63,63,63,63,0,0,63,63,63,63,63,63,63,63,63,63,127,63,63,0,0,127,0,63
1145,"(260, 255)",2,13.245139845554931,63,63,63,63,63,63,63,63,63,63,0,0,63,63,63,63,63,63,63,63,63,63,95,63,63,0,0,95,0,63
1146,"(255, 256)",2,2.9317106015427563,31,31,31,31,31,31,31,31,31,31,0,0,31,31,31,31,31,31,31,31,31,31,31,31,31,0,0,31,0,31
1147,"(256, 251)",2,6.526792587282235,63,63,63,63,63,63,63,63,63,63,0,0,63,63,63,63,63,63,63,63,63,63,63,63,63,0,0,63,0,63
1148,"(251, 252)",2,3.064366894592844,63,63,63,63,63,63,63,63,63,63,0,0,63,63,63,105,63,63,63,105,63,63,63,63,63,0,0,63,0,63
1149,"(252, 247)",2,12.9669735573915,0,0,0,0,0,0,0,0,0,0,0,0,0,0,0,127,0,0,0,127,0,0,0,0,0,0,0,0,0,0
1150,"(247, 248)",2,4.1300465534280075,0,0,0,0,0,0,0,0,0,0,0,0,0,0,0,0,0,0,0,0,0,0,0,0,0,0,0,0,0,0
1151,"(248, 289)",2,4.240175627845775,0,0,0,0,0,0,0,0,0,0,0,0,0,0,0,0,0,0,0,0,0,0,0,0,0,0,0,0,0,0
1152,"(289, 291)",2,5.347586271199823,31,31,31,42,63,31,31,31,31,31,0,63,31,31,31,31,63,63,31,31,63,63,31,63,63,0,0,31,0,63
1153,"(291, 292)",2,4.748408308307269,95,95,63,63,127,95,63,63,63,63,0,127,95,95,95,63,127,95,63,63,95,95,63,95,127,0,0,63,0,95
1154,"(289, 290)",2,4.553660850478069,42,42,42,0,84,42,42,42,42,42,0,84,42,42,42,42,84,84,42,42,84,84,42,63,63,0,0,42,0,63
1155,"(244, 842)",2,7.917279278119122,63,95,63,0,127,63,63,63,0,63,0,0,63,63,63,63,63,127,63,95,127,127,63,127,127,0,0,63,0,127
1156,"(842, 246)",2,8.509117436884667,0,127,0,0,0,0,0,0,0,0,0,0,0,0,0,0,0,0,0,127,0,0,0,0,0,0,0,0,0,0
1157,"(246, 245)",2,3.3237725668417504,31,31,31,31,31,31,31,31,31,63,0,31,31,31,31,31,31,31,31,127,31,31,31,31,31,0,0,31,0,31
1158,"(245, 250)",2,14.22714436568777,42,42,42,42,42,42,42,42,42,84,0,42,42,42,42,42,42,42,42,84,42,42,42,42,42,0,0,42,0,42
1159,"(250, 249)",2,3.0643668945928,63,63,63,105,63,63,63,63,63,169,0,63,63,63,63,63,63,105,63,127,63,63,63,63,95,0,0,63,0,63
1160,"(249, 254)",2,5.114723348547895,42,42,42,127,42,42,42,42,42,191,0,0,42,42,42,42,42,127,42,42,42,42,42,42,84,0,0,42,0,42
1161,"(254, 253)",2,2.8861371958678004,63,63,63,127,63,63,63,63,63,191,0,0,63,63,63,63,63,127,63,63,63,63,63,63,127,0,0,63,0,63
1162,"(253, 258)",2,12.404397593264292,42,42,42,63,42,42,42,42,42,63,0,0,42,84,42,42,42,63,42,42,42,42,42,42,95,0,0,42,0,63
1163,"(258, 257)",2,3.369984135010229,63,63,63,63,63,63,63,63,63,63,0,0,63,191,63,63,63,63,63,63,63,63,63,63,191,0,0,63,0,127
1164,"(248, 246)",1,8.38882269241004,0,0,0,0,0,0,0,0,0,0,0,0,0,0,0,0,0,0,0,63,0,0,0,0,0,0,0,0,0,0
1165,"(245, 247)",1,8.207766805654131,0,0,0,0,0,0,0,0,0,0,0,0,0,0,0,0,0,0,0,0,0,0,0,0,0,0,0,0,0,0
1166,"(252, 250)",1,7.977054160420275,31,31,31,31,31,31,31,31,31,63,0,31,31,31,31,95,31,31,31,127,31,31,31,31,31,0,0,31,0,31
1167,"(249, 251)",1,7.977054160420172,31,31,31,95,31,31,31,31,31,127,0,0,31,31,31,31,31,95,31,31,31,31,31,31,31,0,0,31,0,31
1168,"(256, 254)",1,8.502623413625491,63,63,63,95,63,63,63,63,63,127,0,0,63,63,63,63,63,95,63,63,63,63,63,63,95,0,0,63,0,63
1169,"(253, 255)",1,8.710567333680647,0,0,0,0,0,0,0,0,0,0,0,0,0,0,0,0,0,0,0,0,0,0,0,0,0,0,0,0,0,0
1170,"(260, 258)",1,9.048966998059962,63,63,63,63,63,63,63,63,63,63,0,0,63,127,63,63,63,63,63,63,63,63,95,63,127,0,0,95,0,95
1171,"(257, 259)",1,8.739689160495654,63,63,63,63,63,63,63,63,63,63,0,0,63,127,63,63,63,63,63,63,63,63,95,63,127,0,0,95,0,95
1172,"(188, 887)",2,10.568689061915101,0,0,0,0,0,0,0,0,0,0,0,0,0,0,0,0,0,0,0,0,0,0,0,0,0,0,0,0,0,0
1173,"(887, 886)",2,9.919990860063278,95,95,31,31,63,63,63,31,31,31,0,0,31,63,31,31,31,31,31,31,31,63,31,31,31,0,0,95,0,31
1174,"(886, 270)",2,9.993682658952004,63,63,31,63,63,63,31,31,31,31,0,0,95,63,31,63,63,63,63,63,63,63,63,63,63,0,0,95,0,63
1175,"(270, 269)",2,2.312352181832901,63,63,31,63,63,63,31,31,31,31,0,0,95,63,31,63,63,63,63,63,63,63,63,63,63,0,0,95,0,63
1176,"(269, 268)",2,5.255345867802189,0,0,0,0,0,0,0,0,0,0,0,0,0,0,0,0,0,0,0,0,0,0,0,0,0,0,0,0,0,0
1177,"(268, 266)",2,4.643775390404501,0,0,0,0,0,0,0,0,0,0,0,0,0,0,0,0,0,0,0,0,0,0,0,0,0,0,0,0,0,0
1178,"(266, 263)",2,16.925151210344186,0,0,0,0,0,0,0,0,0,0,0,0,0,0,0,0,0,0,0,0,0,0,0,0,0,0,0,0,0,0
1179,"(263, 264)",2,2.972872560482847,42,42,42,42,42,42,42,42,42,42,0,0,42,42,42,42,42,42,42,42,42,42,84,42,42,0,0,63,0,42
1180,"(264, 259)",2,9.061167309651713,63,63,63,63,63,63,63,63,63,63,0,0,63,63,63,63,63,63,63,63,63,63,127,63,63,0,0,127,0,63
1181,"(257, 262)",2,9.425693932009283,63,63,63,63,63,63,63,63,63,63,0,0,63,191,63,63,63,63,63,63,63,63,63,63,191,0,0,63,0,127
1182,"(262, 261)",2,3.2600092701092467,31,31,31,31,31,63,31,31,31,31,0,0,31,0,31,31,31,31,31,31,31,31,31,31,127,0,0,63,0,127
1183,"(261, 265)",2,16.81842056211604,42,84,84,42,42,127,127,84,42,42,0,0,127,127,84,42,84,84,84,42,127,42,84,84,127,0,0,127,0,170
1184,"(265, 267)",2,4.434465701236171,63,84,84,63,63,191,148,127,63,63,0,0,105,148,127,105,127,127,84,105,148,105,84,127,148,0,0,148,0,212
1185,"(267, 271)",2,4.204276694241724,63,63,63,63,63,191,127,127,63,63,0,0,63,127,127,127,127,127,63,127,127,127,63,127,127,0,0,127,0,191
1186,"(271, 272)",2,3.1811125559618945,63,63,63,63,63,191,127,127,63,63,0,0,63,127,127,127,127,127,63,127,127,127,63,127,127,0,0,127,0,191
1187,"(272, 888)",2,10.126524302616252,42,42,42,42,42,84,63,63,42,42,0,0,42,63,63,63,84,84,42,63,84,63,42,84,63,0,0,63,0,127
1188,"(888, 299)",2,10.081258077540623,63,63,63,63,63,63,63,63,63,63,0,0,63,63,63,63,127,127,63,63,127,63,63,127,63,0,0,63,0,191
1189,"(299, 189)",2,4.907491384187633,63,63,63,0,95,63,63,0,0,0,0,0,95,95,63,0,0,63,0,63,95,95,0,0,0,0,0,63,0,0
1190,"(299, 190)",2,7.752303178664406,63,63,63,42,95,63,63,0,31,42,0,0,95,95,63,42,0,63,31,63,95,95,31,63,63,0,0,63,0,63
1191,"(269, 271)",1,8.411180650971646,31,31,31,31,31,95,63,63,31,31,0,0,31,63,63,63,63,63,31,63,63,63,31,63,63,0,0,63,0,95
1192,"(272, 270)",1,8.012980794325841,0,0,0,0,0,0,0,0,0,0,0,0,0,0,0,0,0,0,0,0,0,0,0,0,0,0,0,0,0,0
1193,"(266, 265)",1,9.308937007674333,31,63,63,31,31,95,95,63,31,31,0,0,95,95,63,31,63,63,63,31,95,31,63,63,95,0,0,95,0,127
1194,"(267, 268)",1,8.450491570781349,63,63,63,63,63,191,127,127,63,63,0,0,63,127,127,127,127,127,63,127,127,127,63,127,127,0,0,127,0,191
1195,"(264, 262)",1,8.241347531793679,63,63,63,63,63,63,63,63,63,63,0,0,63,63,63,63,63,63,63,63,63,63,127,63,63,0,0,127,0,63
1196,"(261, 263)",1,8.800154724400624,0,0,0,0,0,0,0,0,0,0,0,0,0,0,0,0,0,0,0,0,0,0,0,0,0,0,0,0,0,0
1197,"(826, 827)",2,12.394597026208949,31,31,31,31,31,31,31,31,0,31,0,0,31,31,84,31,31,31,31,31,31,31,31,31,31,0,0,31,0,31
1198,"(827, 284)",2,11.158624881881742,31,31,31,31,31,31,31,31,0,31,0,0,31,31,127,31,31,31,31,31,31,31,31,31,31,0,0,31,0,31
1199,"(284, 830)",2,12.50782217745985,31,0,31,31,31,31,31,31,0,31,0,0,31,0,0,31,31,31,31,31,63,31,31,0,0,0,0,31,0,31
1200,"(830, 831)",2,12.373187025437515,63,31,63,63,63,63,63,63,0,63,0,0,63,31,31,63,63,63,63,63,95,63,63,31,63,0,0,63,0,63
1201,"(832, 829)",2,13.362227149609687,63,63,63,0,63,63,63,63,63,63,0,63,63,63,63,63,63,63,63,63,63,63,63,63,63,0,0,63,0,63
1202,"(829, 283)",2,12.311257356438048,63,63,63,0,63,63,63,63,63,63,0,63,63,63,63,63,63,63,63,63,63,63,63,63,63,0,0,63,0,63
1203,"(283, 828)",2,10.49397927201122,63,63,63,0,63,63,63,63,63,63,0,63,63,63,63,63,63,63,63,63,63,63,63,63,63,0,0,63,0,63
1204,"(828, 825)",2,10.852002905045664,63,63,63,0,63,63,63,63,63,63,0,63,63,63,63,63,63,63,63,63,63,63,63,63,63,0,0,63,0,63
1205,"(285, 286)",1,5.587214230440683,63,63,63,63,63,63,63,63,63,63,0,63,63,95,63,63,63,95,63,63,95,63,63,63,95,0,0,63,0,63
1206,"(287, 288)",1,4.987636988850563,31,31,31,31,31,31,31,31,31,31,0,31,31,31,31,31,31,31,31,31,31,31,31,31,31,0,0,31,0,31
