Nodo,BC,CC,DC,DiBC,DiCC,DiDC
0,0.00039580122711996356,0.022457570193900857,0.0019940179461615153,0.023364371290652334,0.020802223328355733,0.0019940179461615153
1,0.010866601356624692,0.022848941841128095,0.002991026919242273,0.023364371290652334,0.021242799051169096,0.002991026919242273
2,0.024081687998662088,0.023361982624088697,0.003988035892323031,0.029154161410834552,0.021616379310344828,0.003988035892323031
3,0.003014504906312123,0.022952995560437547,0.002991026919242273,0.023364371290652334,0.020379551365409622,0.002991026919242273
4,0.04615364511392838,0.026697543187202216,0.003988035892323031,0.07001300300220915,0.024483718205341013,0.003988035892323031
5,0.06268428832876237,0.02729623077969792,0.003988035892323031,0.07885152640169038,0.0246691917949727,0.003988035892323031
6,0.014377358300044982,0.026164762351959095,0.002991026919242273,0.06422321288202684,0.02395738785649453,0.002991026919242273
7,0.016131570963704777,0.026739536123700346,0.002991026919242273,0.06422321288202684,0.023398497643820276,0.002991026919242273
8,0.02112934644854932,0.02720368863574722,0.002991026919242273,0.03024978386767287,0.024678296385601456,0.002991026919242273
9,0.03928848728358887,0.027825556233701382,0.003988035892323031,0.05170988685430377,0.023463085992327125,0.003988035892323031
10,0.012532735095178285,0.026819616022247177,0.0019940179461615153,0.03024978386767287,0.024093780777823152,0.0019940179461615153
11,0.027131064630115404,0.027848733896046203,0.002991026919242273,0.03908830726715396,0.021535620732597585,0.002991026919242273
12,0.028049506803956344,0.023842917251051893,0.003988035892323031,0.029738900871759802,0.020848056537102474,0.003988035892323031
13,0.014389964766945472,0.02369421936642177,0.003988035892323031,0.0301270449851651,0.021699154100772344,0.003988035892323031
14,0.005846897948584097,0.02316664741887054,0.002991026919242273,0.023949110751577574,0.02126667090727901,0.002991026919242273
15,0.013186664865433883,0.023308777393042227,0.002991026919242273,0.023949110751577574,0.020825114714614953,0.002991026919242273
16,0.0028233904403361263,0.022650798310787923,0.002991026919242273,0.012417338801957403,0.020229115404783993,0.002991026919242273
17,0.008004031933730796,0.023154881455317775,0.003988035892323031,0.01859527303554504,0.020768625502132772,0.003988035892323031
18,0.0026364262756468702,0.022804265284314396,0.002991026919242273,0.012417338801957403,0.02107939977302341,0.002991026919242273
19,0.00023964557834239928,0.022315171201637483,0.0019940179461615153,0.012417338801957403,0.02064550656621794,0.0019940179461615153
20,0.023336695189471547,0.026427423392090216,0.003988035892323031,0.027471643618711395,0.023230498425050955,0.003988035892323031
21,0.027871470751229435,0.02701392442565111,0.003988035892323031,0.03197305465441184,0.023846885401806944,0.003988035892323031
22,0.01372046728410851,0.026537901838867575,0.002991026919242273,0.021293709385123736,0.02421769364496813,0.002991026919242273
23,0.013685468276441555,0.025971671974934617,0.002991026919242273,0.021293709385123736,0.02364673708034704,0.002991026919242273
24,0.04987460424280898,0.02732746641963872,0.003988035892323031,0.04966475916798576,0.024003829125284194,0.003988035892323031
25,0.06260411598099665,0.02795507121157223,0.003988035892323031,0.07112486215461687,0.024489696259400333,0.003988035892323031
26,0.0425861254334091,0.02775087845502587,0.003988035892323031,0.05455431431709167,0.025014340224954485,0.003988035892323031
27,0.03303155604410121,0.027132307192901776,0.003988035892323031,0.05005290328139159,0.024477145715889402,0.003988035892323031
28,0.05972384270510875,0.03015906425714887,0.002991026919242273,0.08603592321599979,0.026111631781734874,0.002991026919242273
29,0.08349427163302407,0.030775367432726828,0.002991026919242273,0.08603592321599979,0.025449101796407185,0.002991026919242273
30,0.059735530959944,0.030528077918125094,0.003988035892323031,0.0602549551530451,0.026549843824448093,0.003988035892323031
31,0.06916547404932681,0.029921541720115748,0.003988035892323031,0.06946537537847443,0.026475556963361842,0.003988035892323031
32,0.06355152230790943,0.029261603991014382,0.003988035892323031,0.07266684880251381,0.025445873607834183,0.003988035892323031
33,0.07451923250856543,0.029841420963375085,0.003988035892323031,0.0634564285770843,0.026155210180452696,0.003988035892323031
34,0.039803477671251176,0.029261603991014382,0.003988035892323031,0.06591932085570928,0.026366982124079917,0.003988035892323031
35,0.030415301476198017,0.028703889190968147,0.003988035892323031,0.061987503533225706,0.025789365422194795,0.003988035892323031
36,0.005743976579824103,0.026707495673012914,0.002991026919242273,0.012202912221419573,0.023105275282193045,0.002991026919242273
37,0.01697358425032343,0.027189677139526688,0.003988035892323031,0.01613472954390322,0.024651002752654347,0.003988035892323031
38,0.006552140185991335,0.026547735634313546,0.002991026919242273,0.012202912221419573,0.024221202608065685,0.002991026919242273
39,0.001085357516591852,0.02608786121153796,0.0019940179461615153,0.012202912221419573,0.02365008252770573,0.0019940179461615153
40,0.01263982714421151,0.027544351073762838,0.002991026919242273,0.024463038031613742,0.0244371893577624,0.002991026919242273
41,0.015067035245137183,0.028009718227261303,0.002991026919242273,0.024463038031613742,0.023855960422414613,0.002991026919242273
42,0.015638084184071158,0.027328955614288438,0.003988035892323031,0.025275636828702187,0.025160545855910096,0.003988035892323031
43,0.014894155668730725,0.02688575564252399,0.003988035892323031,0.020531220709130094,0.02457851401685944,0.003988035892323031
44,0.003370563168630977,0.025362227223303918,0.002991026919242273,0.00990773521086773,0.022271072031263876,0.002991026919242273
45,0.007570892310753232,0.025766839644453577,0.003988035892323031,0.014652151330439817,0.022969816333073788,0.003988035892323031
46,0.0026241220794359496,0.025134065052874254,0.002991026919242273,0.009907735210867729,0.023306069337299007,0.002991026919242273
47,0.0005236106674756793,0.02474893281022528,0.0019940179461615153,0.009907735210867729,0.0227768189663003,0.0019940179461615153
48,0.050672375709416295,0.03158259336230241,0.003988035892323031,0.04547620326929106,0.027147729118172467,0.003988035892323031
49,0.040870919538522094,0.03200382897255903,0.003988035892323031,0.048198075412838284,0.0289733664567566,0.003988035892323031
50,0.030180904111997756,0.031118143459915613,0.003988035892323031,0.045501718397701126,0.0282233102594406,0.003988035892323031
51,0.037531241154179405,0.030719754977029095,0.003988035892323031,0.04628880206637953,0.027526208902793788,0.003988035892323031
52,0.021234474098681434,0.02827741753594587,0.003988035892323031,0.020587770951947883,0.02462074721390348,0.003988035892323031
53,0.013947839365424769,0.028614629693027503,0.003988035892323031,0.01980068728326948,0.026181153745758287,0.003988035892323031
54,0.0047551094308407585,0.027836367673179395,0.002991026919242273,0.01584335483237579,0.02554112554112554,0.002991026919242273
55,0.008553629524538137,0.027517146776406036,0.002991026919242273,0.01584335483237579,0.02490687856965483,0.002991026919242273
56,0.010661035982774503,0.028888248847926266,0.003988035892323031,0.013763658648614547,0.025583471495982654,0.003988035892323031
57,0.00506796050406997,0.0291045209215948,0.002991026919242273,0.009806326197720875,0.026552655265526554,0.002991026919242273
58,0.0008650949203619808,0.02829975735003668,0.0019940179461615153,0.009806326197720875,0.025867849589931397,0.0019940179461615153
59,0.0036423222565562744,0.028095238095238097,0.002991026919242273,0.009806326197720875,0.025217478754965557,0.002991026919242273
60,0.03668765624926413,0.03234649122807018,0.003988035892323031,0.0328932508882181,0.028294169087985557,0.003988035892323031
61,0.03253750572582101,0.032617886178861785,0.002991026919242273,0.026239561422187203,0.029449762170415172,0.002991026919242273
62,0.017067211376336804,0.03169837557676506,0.002991026919242273,0.026239561422187186,0.028609732443379544,0.002991026919242273
63,0.025351740250175267,0.031442006269592475,0.003988035892323031,0.03019689387308099,0.02791849913711518,0.003988035892323031
64,0.09132129213679162,0.035138733183856505,0.003988035892323031,0.09645511689693519,0.030232698336146613,0.003988035892323031
65,0.08926918924585607,0.03566095427718126,0.003988035892323031,0.10023812106949063,0.03107187112763321,0.003988035892323031
66,0.061644153681131235,0.03483606557377049,0.003988035892323031,0.10163988131910724,0.031168427594779367,0.003988035892323031
67,0.06837383912122548,0.034337555631633,0.003988035892323031,0.09891800917555993,0.03045299975710469,0.003988035892323031
68,0.07379724185174065,0.03608692523566237,0.002991026919242273,0.09076473455268227,0.031278261140736584,0.002991026919242273
69,0.09026021900926354,0.03642504357931435,0.002991026919242273,0.09076473455268229,0.030332355520609672,0.002991026919242273
70,0.08773505030031702,0.03556485355648536,0.003988035892323031,0.08551280533626913,0.031624416698196496,0.003988035892323031
71,0.06338866564103107,0.035242445537596624,0.003988035892323031,0.09216649480230006,0.03095679012345679,0.003988035892323031
72,0.12798861927532654,0.03676955788547547,0.003988035892323031,0.09734492657893119,0.031214988173783143,0.003988035892323031
73,0.07469496544454973,0.03734177215189873,0.002991026919242273,0.07534696268853067,0.0323914096560633,0.002991026919242273
74,0.042217004772463325,0.03685602998456677,0.002991026919242273,0.07534696268853065,0.03137806976380416,0.002991026919242273
75,0.05264987048476998,0.036298494499131445,0.003988035892323031,0.07156395851597674,0.03162840565085772,0.003988035892323031
76,0.06163619970755375,0.03711927759890456,0.002991026919242273,0.1141530873072774,0.03137806976380416,0.002991026919242273
77,0.09629728109984394,0.03770251475397512,0.003988035892323031,0.11344822100175721,0.032181473994930536,0.003988035892323031
78,0.1191340416067316,0.037647323774491405,0.003988035892323031,0.09215512341687702,0.03235379503886971,0.003988035892323031
79,0.08997158442026094,0.037065779748706576,0.002991026919242273,0.1141530873072774,0.0323914096560633,0.002991026919242273
80,0.06982034489215454,0.03728624535315985,0.003988035892323031,0.08424311877425582,0.03129778138359285,0.003988035892323031
81,0.08529205786822329,0.037874782871384335,0.003988035892323031,0.09081805666646983,0.03220524017467249,0.003988035892323031
82,0.08950607811857743,0.037813383600377004,0.003988035892323031,0.09615983205588603,0.031915232125242624,0.003988035892323031
83,0.07838837096919526,0.03722673792821883,0.003988035892323031,0.09686469836140585,0.03212889999359344,0.003988035892323031
84,0.04293099613448601,0.0364979440340599,0.002991026919242273,0.08675690532157063,0.03232772513375878,0.002991026919242273
85,0.07378650484602356,0.03706167091601079,0.003988035892323031,0.09333184321378425,0.03206419232121735,0.003988035892323031
86,0.05473020600732857,0.0359459556320109,0.002991026919242273,0.08675690532157063,0.031318303878099044,0.002991026919242273
87,0.09964444980657108,0.036492632344915406,0.003988035892323031,0.07504520315025939,0.031216931216931216,0.003988035892323031
88,0.031622650586732734,0.03437050236447125,0.002991026919242273,0.08352035898766988,0.030600726118924854,0.002991026919242273
89,0.025634018353536278,0.03486997635933806,0.002991026919242273,0.08352035898766988,0.02969476270835184,0.002991026919242273
90,0.0995904469884205,0.0358227079538555,0.003988035892323031,0.08643697033602168,0.029679824820974136,0.003988035892323031
91,0.0932295825591155,0.035295773656614,0.003988035892323031,0.09814867250733315,0.031216931216931216,0.003988035892323031
92,0.027204953279735104,0.03445314646881011,0.002991026919242273,0.05377423475225883,0.030614736585068067,0.002991026919242273
93,0.03394913050751456,0.03472270303953472,0.002991026919242273,0.05377423475225883,0.029707955689828803,0.002991026919242273
94,0.06504528143866471,0.035653348499928905,0.003988035892323031,0.058717484084198315,0.029613227044582226,0.003988035892323031
95,0.06729232496626028,0.035369207983637775,0.003988035892323031,0.05669084610061093,0.030252759847982143,0.003988035892323031
96,0.05677998708325365,0.03785762814222088,0.003988035892323031,0.060060894038900275,0.03310995939656026,0.003988035892323031
97,0.0658205224407876,0.038253241800152556,0.003988035892323031,0.06208753202248773,0.0324165346950648,0.003988035892323031
98,0.043537907483329856,0.0384910584081664,0.003988035892323031,0.07834753410242518,0.033765359367109914,0.003988035892323031
99,0.06417791355137561,0.038900093080980455,0.003988035892323031,0.09366667944452528,0.03301622831561276,0.003988035892323031
100,0.042123514182163896,0.039365752188076454,0.003988035892323031,0.03441428486055092,0.03292518793290221,0.003988035892323031
101,0.050292940737952624,0.03979369172783178,0.003988035892323031,0.04973343020265099,0.033676929792163315,0.003988035892323031
102,0.02958408719398249,0.03972591888466413,0.002991026919242273,0.03975606024996765,0.033886279941889925,0.002991026919242273
103,0.028342581701164805,0.039299427944518454,0.002991026919242273,0.03975606024996764,0.032778848981992875,0.002991026919242273
104,0.03979112711274152,0.040190735694822885,0.002991026919242273,0.08665178372478624,0.033886279941889925,0.002991026919242273
105,0.057493487904540154,0.04034593724859212,0.002991026919242273,0.08665178372478624,0.032778848981992875,0.002991026919242273
106,0.09042938801949736,0.04027950684711457,0.003988035892323031,0.05830589547910625,0.03303362645324902,0.003988035892323031
107,0.06127280967650333,0.04012481497779734,0.003988035892323031,0.07667441377210259,0.03378241832266757,0.003988035892323031
108,0.09539327669539849,0.0397779099742217,0.003988035892323031,0.11546551125240172,0.033548516573569255,0.003988035892323031
109,0.10001259637738345,0.039929933516461645,0.003988035892323031,0.09709699295940634,0.03401845068511735,0.003988035892323031
110,0.11151640891530666,0.03986803402496224,0.003988035892323031,0.08594297757944572,0.033719952933266094,0.003988035892323031
111,0.1143559839678381,0.03971648055753544,0.003988035892323031,0.09417241366752094,0.033601340033500834,0.003988035892323031
112,0.11875554583494113,0.03751215498541402,0.003988035892323031,0.10693178799742335,0.03211861150249776,0.003988035892323031
113,0.11188966241261296,0.037647323774491405,0.003988035892323031,0.09870235190934766,0.03270083463745436,0.003988035892323031
114,0.05442771745947907,0.03672916361505786,0.002991026919242273,0.10167985878101048,0.03263274336283186,0.002991026919242273
115,0.06995781544162218,0.03660049627791563,0.002991026919242273,0.10167985878101048,0.031604487017897656,0.002991026919242273
116,0.09380344729963014,0.03562548838530937,0.003988035892323031,0.08145097072625863,0.03128313891834571,0.003988035892323031
117,0.0447139362152441,0.034802220680083276,0.002991026919242273,0.0844284775979214,0.029189220650718817,0.002991026919242273
118,0.04880685604254638,0.03872885937138003,0.002991026919242273,0.05305094601188357,0.032101136181789086,0.002991026919242273
119,0.07679423849418779,0.038657211130810144,0.003988035892323031,0.041896930631923256,0.029194318314122714,0.003988035892323031
120,0.05017455311985972,0.038194973343488196,0.002991026919242273,0.053050946011883586,0.030173580818868267,0.002991026919242273
121,0.0693098625021726,0.03802699423718532,0.003988035892323031,0.0577951299603708,0.03015090482775206,0.003988035892323031
122,0.025491798442751564,0.03481913490245088,0.002991026919242273,0.028168772837461387,0.025004986039090547,0.002991026919242273
123,0.04382229469680656,0.034579052609804865,0.002991026919242273,0.03985532271602205,0.028928241808952468,0.002991026919242273
124,0.0941140569395827,0.03520039306520671,0.003988035892323031,0.10903571993326674,0.031288018217549986,0.003988035892323031
125,0.040641211259495914,0.03439643347050755,0.002991026919242273,0.08442847759792141,0.030989309769511215,0.002991026919242273
126,0.05345627005615293,0.03362386858866912,0.003988035892323031,0.07405727641711281,0.02972908886122473,0.003988035892323031
127,0.052446339861690804,0.03347685324254865,0.003988035892323031,0.06652885654414013,0.02985563327876172,0.003988035892323031
128,0.032367355030185264,0.032748881705684525,0.002991026919242273,0.04945003408176774,0.02948525737131434,0.002991026919242273
129,0.03355733614331429,0.032889559286463796,0.002991026919242273,0.04945003408176775,0.028643230430933548,0.002991026919242273
130,0.027970832127054875,0.03417842295372453,0.003988035892323031,0.049391102900783614,0.02964298380423218,0.003988035892323031
131,0.03092282885864896,0.03407160812555201,0.003988035892323031,0.03917348088800796,0.028904899135446686,0.003988035892323031
132,0.03617343563879447,0.03384168972265335,0.003988035892323031,0.05354923290637102,0.02946706622010694,0.003988035892323031
133,0.03955110141254215,0.03394706559263521,0.003988035892323031,0.06107765277934426,0.029616724738675958,0.003988035892323031
134,0.05643251776737975,0.037236412236412234,0.002991026919242273,0.036201176908396575,0.02881190394116971,0.002991026919242273
135,0.0777793819637194,0.03712614746816701,0.002991026919242273,0.036201176908396575,0.028007371830671285,0.002991026919242273
136,0.03693889645269847,0.03683302118908597,0.003988035892323031,0.030727738844108343,0.028362176224409005,0.003988035892323031
137,0.044911007749858595,0.0369415491142131,0.003988035892323031,0.04094536085688378,0.027762400354295835,0.003988035892323031
138,0.09057607647252106,0.03990451561567535,0.003988035892323031,0.08532119465367627,0.03280887115239933,0.003988035892323031
139,0.05769798058425628,0.03983478295404901,0.002991026919242273,0.05697530640799625,0.03181097367586426,0.002991026919242273
140,0.09681809022419019,0.03974008478941321,0.003988035892323031,0.11040482438817446,0.033585587998928475,0.003988035892323031
141,0.04179517103630161,0.039670925127556066,0.002991026919242273,0.05697530640799625,0.032852931542744844,0.002991026919242273
142,0.06565597633464947,0.03807318554509566,0.003988035892323031,0.07687624280987906,0.03322072072072072,0.003988035892323031
143,0.07619073574462472,0.03871391076115486,0.003988035892323031,0.10845539023191672,0.033673537903713156,0.003988035892323031
144,0.06943813304133267,0.03792347247428917,0.003988035892323031,0.07884468876940556,0.032406061193499404,0.003988035892323031
145,0.08296268634913594,0.0385591265569737,0.003988035892323031,0.13353901996641446,0.03286584966249426,0.003988035892323031
146,0.03657050453376886,0.03311542525092446,0.002991026919242273,0.05663806508428331,0.029474859678509508,0.002991026919242273
147,0.051291673361195764,0.03395281134694154,0.003988035892323031,0.061581314416222874,0.028466013906626935,0.003988035892323031
148,0.04470897752723447,0.032806724887973045,0.002991026919242273,0.05663806508428329,0.02784177654406662,0.002991026919242273
149,0.04913224935741954,0.033628377925300074,0.003988035892323031,0.0635497603757495,0.028512948801773887,0.003988035892323031
150,0.04780868485850955,0.03626043888507285,0.002991026919242273,0.056576098664802614,0.025835200783040982,0.002991026919242273
151,0.06322364277187859,0.036841138659320476,0.003988035892323031,0.12449131278854686,0.031191690508769746,0.003988035892323031
152,0.048483511146397,0.03575120299411869,0.002991026919242273,0.048423271458059344,0.031079573624194348,0.002991026919242273
153,0.06763473304695661,0.03631557985444803,0.003988035892323031,0.11633848558180347,0.030606328766287265,0.003988035892323031
154,0.09227586597347227,0.03736959761549925,0.003988035892323031,0.09072790226843044,0.03227155727155727,0.003988035892323031
155,0.11152378841515419,0.037279316112246795,0.004985044865403788,0.04841769282459181,0.028087370484458134,0.004985044865403788
156,0.03777259466160543,0.034152819395260145,0.003988035892323031,0.05059186569177532,0.029336063176367357,0.003988035892323031
157,0.04624647951611612,0.034376392363848235,0.003988035892323031,0.07058863585302241,0.0299286843911318,0.003988035892323031
158,0.03305015253448628,0.034116806694105245,0.003988035892323031,0.06418692348448009,0.029593131325052372,0.003988035892323031
159,0.034546715897175215,0.03390116947204759,0.003988035892323031,0.06496761771013834,0.029748487365049234,0.003988035892323031
160,0.038409668035284436,0.034291770658825944,0.003988035892323031,0.055947874938060124,0.029228348292341763,0.003988035892323031
161,0.031790474600210776,0.03414351851851852,0.003988035892323031,0.030136820971651757,0.028862478777589132,0.003988035892323031
162,0.025001234232310647,0.033880556681529526,0.003988035892323031,0.04520356589418865,0.028410378427373668,0.003988035892323031
163,0.026371257331826933,0.0340311471516303,0.003988035892323031,0.04954616256951778,0.028648139156265174,0.003988035892323031
164,0.05160186508831325,0.03283679816663938,0.003988035892323031,0.06258840150966194,0.029029550519521868,0.003988035892323031
165,0.05239406213133011,0.032934918237341564,0.003988035892323031,0.061807707284002984,0.029395387005070193,0.003988035892323031
166,0.028794305537910642,0.032230077120822626,0.002991026919242273,0.04550957904728932,0.028992628992628992,0.002991026919242273
167,0.03028388761941115,0.03213610586011342,0.002991026919242273,0.04550957904728931,0.028178114903778622,0.002991026919242273
168,0.05360511149706087,0.03280350601779173,0.003988035892323031,0.061909284502731816,0.02863178327766835,0.003988035892323031
169,0.06041478063085597,0.03262531307940019,0.003988035892323031,0.05756668782740273,0.028333333333333332,0.003988035892323031
170,0.027593786047154022,0.03193352223884874,0.002991026919242273,0.045611156266018055,0.027946503204235165,0.002991026919242273
171,0.027597286478454993,0.032104218679982074,0.002991026919242273,0.04561115626601806,0.027188940092165898,0.002991026919242273
172,0.06366301421092055,0.03151115300031417,0.003988035892323031,0.07361853703218835,0.027420854065285143,0.003988035892323031
173,0.08220258878537,0.030930060441593684,0.003988035892323031,0.06485898259977223,0.027989395842053857,0.003988035892323031
174,0.026249571059520516,0.030307608629963137,0.002991026919242273,0.06166300547080363,0.027443362153879828,0.002991026919242273
175,0.02541336491184045,0.030865337272279664,0.002991026919242273,0.06166300547080363,0.02671247469905188,0.002991026919242273
176,0.050943183213604235,0.032729645945504975,0.003988035892323031,0.053704095393697256,0.027942610391419417,0.003988035892323031
177,0.0425029641303697,0.03210319111480972,0.002991026919242273,0.060011285883817975,0.028639141111301468,0.002991026919242273
178,0.04119300695568392,0.031866560762509925,0.002991026919242273,0.060011285883817975,0.027844095275109657,0.002991026919242273
179,0.03382268506286019,0.03248372575055867,0.003988035892323031,0.0687708403162341,0.028237612612612612,0.003988035892323031
180,0.0812951115500319,0.035369207983637775,0.003988035892323031,0.10572970978013355,0.03042620961625967,0.003988035892323031
181,0.05259761079332302,0.03463876225998066,0.003988035892323031,0.0945101156941685,0.03024637375229939,0.003988035892323031
182,0.0949964954845287,0.03455879819453537,0.003988035892323031,0.07041719390824766,0.029561731851808187,0.003988035892323031
183,0.10808505800971649,0.0352858399296394,0.003988035892323031,0.06411000341812703,0.029556505083247385,0.003988035892323031
184,0.07200453927461256,0.03409824919258882,0.003988035892323031,0.07629726067496594,0.029778516715159433,0.003988035892323031
185,0.07245426544795179,0.033418851830873286,0.003988035892323031,0.0721521728891834,0.02918497395757558,0.003988035892323031
186,0.04895066511766338,0.033911485275721,0.003988035892323031,0.09667446429838888,0.028651412574627933,0.003988035892323031
187,0.07764615963522066,0.03461127023016667,0.003988035892323031,0.10789405838435409,0.029946555996775447,0.003988035892323031
188,0.028050583151224297,0.029224090207161796,0.003988035892323031,0.054253772282619676,0.026069553464677445,0.003988035892323031
189,0.009889047553601689,0.029282106676787434,0.003988035892323031,0.04310713899552176,0.025601102659655928,0.003988035892323031
190,0.051522135054370546,0.029498264807952472,0.002991026919242273,0.018522230097086367,0.025031820110309716,0.002991026919242273
191,0.05339320963526791,0.029791784239760002,0.002991026919242273,0.018522230097086367,0.024423503055981687,0.002991026919242273
192,0.012235900336579248,0.029840533142925146,0.002991026919242273,0.042615151883006894,0.026432298529489275,0.002991026919242273
193,0.01667367539832931,0.029593131325052372,0.003988035892323031,0.07877606369182528,0.026214683359034003,0.003988035892323031
194,0.021747130937673907,0.03135746889264053,0.002991026919242273,0.03740993064907558,0.025976380399875685,0.002991026919242273
195,0.030831187483325938,0.03125973945022752,0.002991026919242273,0.0490614886639388,0.0265210608424337,0.002991026919242273
196,0.03978711290160563,0.030582997926576413,0.002991026919242273,0.06379556795822981,0.02725099168613813,0.002991026919242273
197,0.0328686813945848,0.030035335689045935,0.002991026919242273,0.06379556795822981,0.02653018039464635,0.002991026919242273
198,0.02375935246268932,0.030445604662457503,0.003988035892323031,0.048100925812999185,0.026102797657774887,0.003988035892323031
199,0.037569957526471964,0.030529007122420404,0.002991026919242273,0.03326484286329302,0.0255144870392511,0.002991026919242273
200,0.047607363863446,0.02941866604094562,0.0019940179461615153,0.04210929136362416,0.02300828114605556,0.0019940179461615153
201,0.02926114530816228,0.031008470908303963,0.003988035892323031,0.05345804142557599,0.02683827464411859,0.003988035892323031
202,0.07210059082053526,0.030140938185533553,0.002991026919242273,0.05133352437696892,0.027443362153879828,0.002991026919242273
203,0.06686420138120136,0.02939969515769727,0.002991026919242273,0.05133352437696892,0.02671247469905188,0.002991026919242273
204,0.029143151411817433,0.028836754643206255,0.002991026919242273,0.048137547248000324,0.026227707755870508,0.002991026919242273
205,0.02774962351940154,0.02954953893291695,0.002991026919242273,0.048137547248000324,0.02555934967636716,0.002991026919242273
206,0.06212403472086989,0.0286973191038883,0.002991026919242273,0.048782295827089615,0.026227707755870508,0.002991026919242273
207,0.05775095565497216,0.028030853501760662,0.002991026919242273,0.048782295827089615,0.02555934967636716,0.002991026919242273
208,0.031058575083051064,0.02751865671641791,0.002991026919242273,0.04558631869812102,0.0251435160813216,0.002991026919242273
209,0.030216409898046026,0.028160709773422804,0.002991026919242273,0.04558631869812102,0.02452862488078061,0.002991026919242273
210,0.04712783781857906,0.02515234345612759,0.002991026919242273,0.04611863013753154,0.023240187219055564,0.002991026919242273
211,0.04411425715729753,0.024653426408416085,0.002991026919242273,0.04611863013753154,0.022713891027673353,0.002991026919242273
212,0.02392115345512771,0.024256348246674726,0.002991026919242273,0.04292265300856295,0.022393391382004912,0.002991026919242273
213,0.024316152516260566,0.024739165823940014,0.002991026919242273,0.04292265300856295,0.02190434592705831,0.002991026919242273
214,0.03657401211953223,0.02286196207148067,0.002991026919242273,0.035969436998386076,0.02123290571150345,0.002991026919242273
215,0.03445389782966316,0.022459078797106968,0.002991026919242273,0.035969436998386076,0.020792736017247813,0.002991026919242273
216,0.016989372256378855,0.022129067843353556,0.002991026919242273,0.032773459869417515,0.020523838755882956,0.002991026919242273
217,0.018152836771625245,0.022520095199604833,0.002991026919242273,0.032773459869417515,0.020112291959093642,0.002991026919242273
218,0.030991269954063427,0.02170056252704457,0.002991026919242273,0.02799983283681888,0.020189210950080517,0.002991026919242273
219,0.029388547602404943,0.02134360436660779,0.002991026919242273,0.02799983283681888,0.019790844514601422,0.002991026919242273
220,0.012490347331675419,0.02104534295725886,0.002991026919242273,0.024803855707850316,0.019560808175364694,0.002991026919242273
221,0.014032442066586156,0.02139231327048586,0.002991026919242273,0.024803855707850316,0.019186624837401484,0.002991026919242273
222,0.00782546609484904,0.020145011950430818,0.002991026919242273,0.020612835952744376,0.01824565233209634,0.002991026919242273
223,0.025391551915357285,0.020418134071616148,0.002991026919242273,0.02380881308171294,0.019014578475421335,0.002991026919242273
224,0.024941987476645562,0.020170534529220126,0.002991026919242273,0.02380881308171294,0.018660812294182216,0.002991026919242273
225,0.005940558955051813,0.019903953008414035,0.002991026919242273,0.020612835952744376,0.018583710071889126,0.002991026919242273
226,0.003052302316748182,0.019534521375012173,0.002991026919242273,0.017904252265539666,0.017798835888699602,0.002991026919242273
227,0.025020433816470736,0.019791235028315476,0.003988035892323031,0.02110022939450823,0.018417186926184357,0.003988035892323031
228,0.005665241837238317,0.01954479909583382,0.002991026919242273,0.017904252265539666,0.01845378274948484,0.002991026919242273
229,0.00019760435345745735,0.019294398276392736,0.0019940179461615153,0.017904252265539666,0.01812039312039312,0.0019940179461615153
230,0.016915504120616775,0.01966435321334745,0.002991026919242273,0.019270887082124034,0.01789824943343029,0.002991026919242273
231,0.008019972631337639,0.019451932587320364,0.002991026919242273,0.01607490995315546,0.01818511467681987,0.002991026919242273
232,0.006696057995788631,0.01941352946869254,0.002991026919242273,0.01607490995315546,0.01786127682307898,0.002991026919242273
233,0.01814765151249074,0.019628180039138944,0.002991026919242273,0.019270887082124034,0.01822344155962136,0.002991026919242273
234,0.01635065609011167,0.019724680432645036,0.002991026919242273,0.01641269519073234,0.01818511467681987,0.002991026919242273
235,0.01633157179312048,0.01981430264717503,0.002991026919242273,0.01641269519073234,0.01786127682307898,0.002991026919242273
236,0.016808947850998048,0.019924909116192217,0.002991026919242273,0.019546294108834034,0.01821781458878233,0.002991026919242273
237,0.017912768282543984,0.020067224200712257,0.002991026919242273,0.019546294108834034,0.017892821464250034,0.002991026919242273
238,0.009146545829578289,0.01951247981635313,0.002991026919242273,0.013216718061763763,0.017892821464250034,0.002991026919242273
239,0.010142406993376894,0.019600179782307076,0.002991026919242273,0.013216718061763765,0.01821781458878233,0.002991026919242273
240,0.011002970026450398,0.01970840210642144,0.002991026919242273,0.016350316979865467,0.017982000071712863,0.002991026919242273
241,0.01173472767668424,0.019847630355199368,0.002991026919242273,0.016350316979865467,0.01831027054656979,0.002991026919242273
242,0.015369534846194011,0.020631492337755835,0.002991026919242273,0.023736508372421,0.01862131704509589,0.002991026919242273
243,0.025650785402977303,0.020868877699637967,0.002991026919242273,0.026932485501389568,0.018576482136573258,0.002991026919242273
244,0.026526764840763623,0.02122931041781315,0.002991026919242273,0.026932485501389568,0.018239348256987507,0.002991026919242273
245,0.02643014121531642,0.022051225678795208,0.002991026919242273,0.01924006992424495,0.019032980378762002,0.002991026919242273
246,0.024866383574668093,0.021743843218869234,0.002991026919242273,0.01924006992424495,0.019401137374753376,0.002991026919242273
247,0.012035966411908688,0.02189478279851561,0.002991026919242273,0.01881070030096009,0.019941547209575125,0.002991026919242273
248,0.01123119884702582,0.02159171635846985,0.002991026919242273,0.01881070030096009,0.01955280035869544,0.002991026919242273
249,0.02995268881041571,0.022758730230763996,0.002991026919242273,0.02174453258416937,0.01955280035869544,0.002991026919242273
250,0.028107999695230382,0.02238039985719386,0.002991026919242273,0.02174453258416937,0.019941547209575125,0.002991026919242273
251,0.01417964090334673,0.022592125416704207,0.002991026919242273,0.02131516296088445,0.020579846933541254,0.002991026919242273
252,0.013043710026799353,0.02221926851421103,0.002991026919242273,0.02131516296088447,0.020166073546856466,0.002991026919242273
253,0.033986047443290986,0.02358612580834803,0.002991026919242273,0.024839041472673518,0.020166073546856466,0.002991026919242273
254,0.03192779634485841,0.023163972286374134,0.002991026919242273,0.024839041472673518,0.020579846933541254,0.002991026919242273
255,0.01649507387767245,0.023407234539089848,0.002991026919242273,0.024409671849388588,0.021278401255913612,0.002991026919242273
256,0.015359456287469176,0.022991404011461318,0.002991026919242273,0.024409671849388595,0.02083636288094397,0.002991026919242273
257,0.03838083522361921,0.024486706867508118,0.002991026919242273,0.027957430815622714,0.02083636288094397,0.002991026919242273
258,0.03613415357430814,0.0240268295604264,0.002991026919242273,0.027957430815622714,0.021278401255913612,0.002991026919242273
259,0.01860977801826531,0.024293949522840672,0.002991026919242273,0.02752806119233772,0.02202411014250895,0.002991026919242273
260,0.017580774349638197,0.023841217019253624,0.002991026919242273,0.027528061192337718,0.021550890612578158,0.002991026919242273
261,0.043225991806676904,0.025469134861989283,0.002991026919242273,0.031117610953850745,0.021550890612578158,0.002991026919242273
262,0.040738619846726054,0.024967017648669505,0.002991026919242273,0.031117610953850745,0.02202411014250895,0.002991026919242273
263,0.020463910794322526,0.025260665894323277,0.002991026919242273,0.030688241330565767,0.022820868694682715,0.002991026919242273
264,0.019574054957128415,0.024766655143463875,0.002991026919242273,0.030688241330565764,0.022313185468621387,0.002991026919242273
265,0.04587128427252463,0.02599455747051963,0.002991026919242273,0.034313611773746346,0.022820868694682715,0.002991026919242273
266,0.021266820720429902,0.025777435106656386,0.002991026919242273,0.033884242150461374,0.02313458655287741,0.002991026919242273
267,0.04872200064923627,0.026544925234881566,0.002991026919242273,0.034313611773746346,0.022313185468621387,0.002991026919242273
268,0.021965437567139243,0.02631855156127001,0.002991026919242273,0.033884242150461374,0.023680793294770394,0.002991026919242273
269,0.0225339110091607,0.02688575564252399,0.002991026919242273,0.040680221477947955,0.024016473912314727,0.002991026919242273
270,0.022933051441590156,0.027480957860704695,0.002991026919242273,0.04068022147794795,0.024605647278168927,0.002991026919242273
271,0.05187307119996992,0.027122035639923204,0.002991026919242273,0.041109591101232947,0.023680793294770394,0.002991026919242273
272,0.0556102125516477,0.02772786332347331,0.002991026919242273,0.041109591101232947,0.02313458655287741,0.002991026919242273
273,0.046550033208454425,0.028732668729231123,0.002991026919242273,0.04442171536905298,0.023544048261777892,0.002991026919242273
274,0.03438820432697245,0.028361374240067863,0.002991026919242273,0.04165510786336942,0.02505996402158705,0.002991026919242273
275,0.039354980336690264,0.027724797523288276,0.002991026919242273,0.04165510786336942,0.024449102964118563,0.002991026919242273
276,0.0376728438886037,0.028077935166004143,0.002991026919242273,0.04442171536905298,0.02410999735583279,0.002991026919242273
277,0.02902682036756749,0.027437356384724807,0.0019940179461615153,0.037269519262761085,0.015481739882073287,0.0019940179461615153
278,0.03715929351794585,0.027101515847496555,0.0019940179461615153,0.03450291175707752,0.023883226973997522,0.0019940179461615153
279,0.025755363945085083,0.0262565445026178,0.0019940179461615153,0.037269519262761085,0.015960663250692213,0.0019940179461615153
280,0.03389774884988105,0.0259515123289089,0.0019940179461615153,0.03450291175707749,0.02282658170232135,0.0019940179461615153
281,0.03229117865528577,0.025420077552778975,0.0019940179461615153,0.03450291175707749,0.022332561453509085,0.0019940179461615153
282,0.024144055156878848,0.025711356062548065,0.0019940179461615153,0.037269519262761085,0.01621141102311298,0.0019940179461615153
283,0.014824338231237185,0.022951945080091532,0.0019940179461615153,0.03726951926276108,0.017898568828295085,0.0019940179461615153
284,0.022997262685339803,0.022725727880367055,0.0019940179461615153,0.0345029117570775,0.019765883651269116,0.0019940179461615153
285,0.0109505650876044,0.02185518488658401,0.002991026919242273,0.038382945451261447,0.01888106622491623,0.002991026919242273
286,0.01977463378836057,0.021652778377444844,0.002991026919242273,0.03561633794557787,0.01978694022489643,0.002991026919242273
287,0.018539155015103836,0.021315481882902988,0.002991026919242273,0.03561633794557787,0.019404140065776745,0.002991026919242273
288,0.008726324185187073,0.02151068027794458,0.002991026919242273,0.038382945451261447,0.019243313763861708,0.002991026919242273
289,0.009663489551814662,0.02134814720217951,0.002991026919242273,0.015715196393520738,0.019181854692191476,0.002991026919242273
290,0.006809138172807086,0.021149628879892038,0.002991026919242273,0.01641329220209345,0.019104761904761906,0.002991026919242273
291,0.008744405002941042,0.02109092438388426,0.003988035892323031,0.01950959212468099,0.019165727170236752,0.003988035892323031
292,0.017216002145710396,0.020961337513061652,0.002991026919242273,0.023736508372421,0.01933792199278925,0.002991026919242273
293,0.08666619531818572,0.037823365261331926,0.003988035892323031,0.08154523735565046,0.03061847487636608,0.003988035892323031
294,0.09288083500133713,0.037992424242424244,0.002991026919242273,0.024565425480046886,0.025261938343743705,0.002991026919242273
295,0.019069082414902003,0.03723502988454542,0.0019940179461615153,0.02356765365911582,0.029733495390270655,0.0019940179461615153
296,0.09721304825716104,0.03767419148856252,0.003988035892323031,0.039088757577005466,0.03330234411315492,0.003988035892323031
297,0.0069296321342961625,0.03312526833779187,0.0019940179461615153,0.01909198741575866,0.02386390673328575,0.0019940179461615153
298,0.06579253657418144,0.03712202524149672,0.0019940179461615153,0.004852510894564374,0.027333424172230548,0.0019940179461615153
299,0.05768683085374985,0.029031231005238935,0.002991026919242273,0.040724518773306545,0.022121258904744052,0.002991026919242273
300,0.003887313748992274,0.023421445918176725,0.0019940179461615153,0.021014302402174723,0.019979283693876738,0.0019940179461615153
301,0.00564252715070329,0.023913976443660293,0.0019940179461615153,0.021014302402174723,0.019594436195983434,0.0019940179461615153
302,0.007413660855377697,0.024432427165546135,0.0019940179461615153,0.021014302402174723,0.01922413462644229,0.0019940179461615153
303,0.009200714863015425,0.02497883149872989,0.0019940179461615153,0.021014302402174723,0.018867569601203914,0.0019940179461615153
304,0.01100368917361655,0.025555442315532,0.0019940179461615153,0.02101430240217472,0.018523990691833192,0.0019940179461615153
305,0.031150923430605465,0.026063456591222098,0.0019940179461615153,0.02680409252235689,0.023908276125095346,0.0019940179461615153
306,0.029347949120004314,0.025463962019853258,0.0019940179461615153,0.0268040925223569,0.023359262191997764,0.0019940179461615153
307,0.027560895112366517,0.024896368555613474,0.0019940179461615153,0.026804092522356913,0.022834896639650305,0.0019940179461615153
308,0.025789761407692024,0.024358258250965346,0.0019940179461615153,0.02680409252235693,0.02233355600089067,0.0019940179461615153
309,0.024034548005981003,0.02384745238831166,0.0019940179461615153,0.026804092522356944,0.02185375631863343,0.0019940179461615153
310,0.01942183184275398,0.02700228832951945,0.0019940179461615153,0.039088307267153954,0.024085102295648832,0.0019940179461615153
311,0.0189925920351509,0.026850488555748897,0.0019940179461615153,0.03908830726715396,0.02352803190241614,0.0019940179461615153
312,0.01908810619638951,0.026939915661679782,0.0019940179461615153,0.03908830726715396,0.022996148202494498,0.0019940179461615153
313,0.019558143356021747,0.027169054906953437,0.0019940179461615153,0.03908830726715396,0.02248778081700372,0.0019940179461615153
314,0.020314446871878836,0.02744937055281883,0.0019940179461615153,0.03908830726715396,0.022001403878213564,0.0019940179461615153
315,0.011752909116741452,0.02654914105720109,0.0019940179461615153,0.030249783867672863,0.023536313504634518,0.0019940179461615153
316,0.011203520598048761,0.026327532351628737,0.0019940179461615153,0.03024978386767287,0.023004059539918808,0.0019940179461615153
317,0.010944074037106951,0.026239372138652715,0.0019940179461615153,0.030249783867672866,0.022495346177136832,0.0019940179461615153
318,0.01099593390034151,0.026242118207268256,0.0019940179461615153,0.030249783867672863,0.022008645469905427,0.0019940179461615153
319,0.011479013247181261,0.026397515527950312,0.0019940179461615153,0.030249783867672863,0.021542558903756524,0.0019940179461615153
320,0.010286507152295189,0.023112196695624122,0.0019940179461615153,0.018280926159834357,0.021171950859121037,0.0019940179461615153
321,0.00958528713805354,0.022933052862630327,0.0019940179461615153,0.018280926159834357,0.020745428973277073,0.0019940179461615153
322,0.009138316210751462,0.022815677532358226,0.0019940179461615153,0.018280926159834357,0.02033575280807753,0.0019940179461615153
323,0.008811893597063672,0.022730363051262293,0.0019940179461615153,0.018280926159834357,0.019941943693335455,0.0019940179461615153
324,0.00865736619651809,0.022709262571603234,0.0019940179461615153,0.018280926159834354,0.01956309732787205,0.0019940179461615153
325,0.008693801955402267,0.022718521370812476,0.0019940179461615153,0.01828092615983435,0.01919837684710206,0.0019940179461615153
326,0.008914171363636474,0.022783027439578413,0.0019940179461615153,0.01828092615983435,0.018847006651884702,0.0019940179461615153
327,0.009356606074492704,0.022904772779173327,0.0019940179461615153,0.01828092615983435,0.01850826690286389,0.0019940179461615153
328,0.009973611982386494,0.02307444556915432,0.0019940179461615153,0.01828092615983435,0.018181488598049522,0.0019940179461615153
329,0.010707392895579123,0.02326660326149992,0.0019940179461615153,0.01828092615983435,0.017866049162807266,0.0019940179461615153
330,0.0116262511201456,0.023512037319205793,0.0019940179461615153,0.01828092615983435,0.017561368491088,0.0019940179461615153
331,0.009242039382101512,0.0226099501814657,0.0019940179461615153,0.012491136039652132,0.017035514717122138,0.0019940179461615153
332,0.008541985850800796,0.022438478747203578,0.0019940179461615153,0.012491136039652132,0.017322073122290726,0.0019940179461615153
333,0.008095628752372465,0.022326099053978855,0.0019940179461615153,0.012491136039652132,0.017618437000474274,0.0019940179461615153
334,0.007772474498992283,0.022244400088711466,0.0019940179461615153,0.012491136039652132,0.01792511839871325,0.0019940179461615153
335,0.007620890768693703,0.02222419179721256,0.0019940179461615153,0.01249113603965213,0.01824266564813299,0.0019940179461615153
336,0.007657895954218875,0.022233059206880502,0.0019940179461615153,0.012491136039652129,0.01857166663580647,0.0019940179461615153
337,0.007878777981590191,0.02229483417800302,0.0019940179461615153,0.012491136039652169,0.018912752437161767,0.0019940179461615153
338,0.008321342439322869,0.022411404567189524,0.0019940179461615153,0.012491136039652188,0.019266601356153594,0.0019940179461615153
339,0.008938348347216653,0.02257382066978754,0.0019940179461615153,0.012491136039652188,0.01963394342762063,0.0019940179461615153
340,0.009672119568666381,0.022757697456492636,0.0019940179461615153,0.012491136039652188,0.020015565444712738,0.0019940179461615153
341,0.010590618835538279,0.022992458106961922,0.0019940179461615153,0.012491136039652188,0.020412316584244052,0.0019940179461615153
342,0.003960013581559107,0.02334784329244163,0.0019940179461615153,0.009554199317245542,0.02124414885730625,0.0019940179461615153
343,0.0034002346568893153,0.02320094376720409,0.0019940179461615153,0.009554199317245543,0.0208078335373317,0.0019940179461615153
344,0.0029200941810136162,0.023077100062121804,0.0019940179461615153,0.009554199317245543,0.020389079747118493,0.0019940179461615153
345,0.0019841677022031305,0.02257636122177955,0.0019940179461615153,0.003376265083657876,0.019833109230404176,0.0019940179461615153
346,0.002465093425858638,0.022694874985858128,0.0019940179461615153,0.0033762650836578747,0.019452309840580273,0.0019940179461615153
347,0.0030256476809693215,0.022835416524372196,0.0019940179461615153,0.0033762650836578747,0.019085857817019332,0.0019940179461615153
348,0.008329245743524684,0.023631694272318166,0.0019940179461615153,0.01708314842564787,0.020353084415584415,0.0019940179461615153
349,0.010084459145235723,0.024133201799764203,0.0019940179461615153,0.01708314842564787,0.01995384554171806,0.0019940179461615153
350,0.011855592849910179,0.024661306582085516,0.0019940179461615153,0.01708314842564787,0.01956996800124873,0.0019940179461615153
351,0.013642646857547947,0.025218112790083725,0.0019940179461615153,0.01708314842564787,0.019200581951835827,0.0019940179461615153
352,0.015445621168149057,0.02580595363676126,0.0019940179461615153,0.017083148425647874,0.01884488200811664,0.0019940179461615153
353,0.0036978464869326364,0.02326660326149992,0.0019940179461615153,0.010905214192060204,0.02118447176107802,0.0019940179461615153
354,0.005453059888643573,0.023752575366471688,0.0019940179461615153,0.010905214192060208,0.021635030198446936,0.0019940179461615153
355,0.007224193593317913,0.024263976582722502,0.0019940179461615153,0.010905214192060215,0.022105170361881255,0.0019940179461615153
356,0.009011247600955674,0.024802789386483344,0.0019940179461615153,0.010905214192060215,0.022596197170406417,0.0019940179461615153
357,0.010814221911556808,0.025371208863481143,0.0019940179461615153,0.010905214192060215,0.02310953412285148,0.0019940179461615153
358,0.012124678823538395,0.024193742914344982,0.0019940179461615153,0.026127128092937157,0.02184851983357658,0.0019940179461615153
359,0.01387989222524943,0.02471965495995071,0.0019940179461615153,0.0261271280929372,0.022328087086218026,0.0019940179461615153
360,0.015651025929923842,0.025274033009953383,0.0019940179461615153,0.026127128092937227,0.022829179469671106,0.0019940179461615153
361,0.017438079937561524,0.025859179622038313,0.0019940179461615153,0.026127128092937248,0.02335327947100049,0.0019940179461615153
362,0.019241054248162602,0.026477653705023627,0.0019940179461615153,0.026127128092937255,0.023902008912613494,0.0019940179461615153
363,0.03177860289907676,0.026663476619613474,0.0019940179461615153,0.025738983979531803,0.01891025641025641,0.0019940179461615153
364,0.02997562858847562,0.026036393842639463,0.0019940179461615153,0.025738983979531803,0.019268451992161987,0.0019940179461615153
365,0.028188574580837865,0.025443291646584307,0.0019940179461615153,0.025738983979531803,0.019640479360852198,0.0019940179461615153
366,0.026417440876163507,0.024881545980005457,0.0019940179461615153,0.025738983979531803,0.02002715546503734,0.0019940179461615153
367,0.02466222747445249,0.024348797125725245,0.0019940179461615153,0.025738983979531803,0.020429362880886426,0.0019940179461615153
368,0.005322696482993772,0.02667907966484905,0.0019940179461615153,0.005195538752054835,0.021735361678151953,0.0019940179461615153
369,0.004764009139839327,0.026487442892228062,0.0019940179461615153,0.005195538752054833,0.022211887678270884,0.0019940179461615153
370,0.00428497629351317,0.0263261502926586,0.0019940179461615153,0.005195538752054833,0.02270977675134719,0.0019940179461615153
371,0.003758559474071727,0.026908115358819585,0.0019940179461615153,0.00969694978775522,0.023289293426521467,0.0019940179461615153
372,0.004235907142549972,0.027076640660853604,0.0019940179461615153,0.009696949787755219,0.023837250754569005,0.0019940179461615153
373,0.004792938446798845,0.02727693018955155,0.0019940179461615153,0.009696949787755213,0.024411614379244044,0.0019940179461615153
374,0.025993713252634446,0.027737064793562125,0.0019940179461615153,0.04190563361269802,0.0229403961392434,0.0019940179461615153
375,0.025907191894898558,0.02770718232044199,0.0019940179461615153,0.04190563361269802,0.022440486844460355,0.0019940179461615153
376,0.025903559948381845,0.027705651621457376,0.0019940179461615153,0.04190563361269802,0.021961900591197722,0.0019940179461615153
377,0.026039473648723725,0.02773859896567936,0.0019940179461615153,0.04190563361269802,0.021503301603636053,0.0019940179461615153
378,0.014877935196782509,0.02712056891003975,0.0019940179461615153,0.020445530626066882,0.023457049977782456,0.0019940179461615153
379,0.014740205004095125,0.027089072543617997,0.0019940179461615153,0.020445530626066907,0.022934626026113004,0.0019940179461615153
380,0.014741006194887765,0.027090535868625757,0.0019940179461615153,0.020445530626066924,0.022434965441653434,0.0019940179461615153
381,0.014825038689493534,0.027119102338785995,0.0019940179461615153,0.020445530626066938,0.02195661215822771,0.0019940179461615153
382,0.04157123965685695,0.028388667176134273,0.0019940179461615153,0.04881198055865671,0.02391169599008249,0.0019940179461615153
383,0.04291252518152044,0.028940762327956834,0.0019940179461615153,0.04881198055865671,0.02336035028880194,0.0019940179461615153
384,0.04427769116062898,0.0295251832445321,0.0019940179461615153,0.04881198055865671,0.022833856941219324,0.0019940179461615153
385,0.034376398231712395,0.028178114903778622,0.0019940179461615153,0.032241432721131426,0.02455083957507221,0.0019940179461615153
386,0.03571901044828951,0.028721972452106184,0.0019940179461615153,0.032241432721131426,0.025160545855910096,0.0019940179461615153
387,0.03708550311931175,0.029297502555863882,0.0019940179461615153,0.032241432721131426,0.02580130678602665,0.0019940179461615153
388,0.026251395548688862,0.027507336203823052,0.0019940179461615153,0.027436936410614177,0.02329849012775842,0.0019940179461615153
389,0.027602631262704503,0.028028503562945367,0.0019940179461615153,0.027436936410614177,0.022774750227066303,0.0019940179461615153
390,0.02897774743116518,0.0285795697392791,0.0019940179461615153,0.027436936410614177,0.022274039529202753,0.0019940179461615153
391,0.012095077710691727,0.02701392442565111,0.0019940179461615153,0.01675759114132617,0.023959677034064306,0.0019940179461615153
392,0.013446711432281459,0.02751639186853584,0.0019940179461615153,0.01675759114132616,0.024540027402622823,0.0019940179461615153
393,0.014822225608316237,0.02804731411314001,0.0019940179461615153,0.016757591141326186,0.02514919011082694,0.0019940179461615153
394,0.015314313121247765,0.027826328200860034,0.0019940179461615153,0.015377520134208155,0.02505996402158705,0.0019940179461615153
395,0.01703041412360203,0.028499985792629218,0.0019940179461615153,0.015377520134208155,0.02569686411149826,0.0019940179461615153
396,0.008330952346322914,0.02797066287403441,0.0019940179461615153,0.011445702811724507,0.022095431114244172,0.0019940179461615153
397,0.006616771796941961,0.027321511263653946,0.0019940179461615153,0.011445702811724507,0.022589072564298904,0.0019940179461615153
398,0.04013493825453904,0.02944371055335388,0.0019940179461615153,0.04885405564505978,0.02482120319730753,0.0019940179461615153
399,0.0406390863040748,0.029663147310206132,0.0019940179461615153,0.048854055645059784,0.024226467959711118,0.0019940179461615153
400,0.007709532894528456,0.026574464139045652,0.0019940179461615153,0.01099446172460662,0.024065454196458565,0.0019940179461615153
401,0.007831046854395066,0.026664185452998725,0.0019940179461615153,0.01099446172460662,0.023507077903815506,0.0019940179461615153
402,0.009007955250961788,0.027091267590416766,0.0019940179461615153,0.01099446172460662,0.02297402537908287,0.0019940179461615153
403,0.004973926705787836,0.025960916267632975,0.0019940179461615153,0.007062644402122973,0.022911051212938006,0.0019940179461615153
404,0.00518989054901002,0.026046535784771997,0.0019940179461615153,0.007062644402122973,0.02344115172478265,0.0019940179461615153
405,0.006370693733980345,0.026453910061980748,0.0019940179461615153,0.007062644402122973,0.02399636346236662,0.0019940179461615153
406,0.013351408251360107,0.027111771861062305,0.0019940179461615153,0.054154616276633434,0.02287969341667047,0.0019940179461615153
407,0.014404971257806978,0.027509599561162917,0.0019940179461615153,0.054154616276633434,0.022383396563267127,0.0019940179461615153
408,0.01549833502166226,0.02793482801838184,0.0019940179461615153,0.054154616276633434,0.021908173517976498,0.0019940179461615153
409,0.01663152717121832,0.02838947070478347,0.0019940179461615153,0.054154616276633434,0.021452709928562262,0.0019940179461615153
410,0.01780531158225281,0.02887577371527278,0.0019940179461615153,0.05415461627663344,0.021015798516531868,0.0019940179461615153
411,0.019025815054998507,0.02940141877235153,0.0019940179461615153,0.05415461627663344,0.020596328391309704,0.0019940179461615153
412,0.020293579804785255,0.029966239431149354,0.0019940179461615153,0.05415461627663344,0.020193275619085967,0.0019940179461615153
413,0.021598471327347064,0.030568084847007192,0.0019940179461615153,0.05415461627663344,0.01980569487776944,0.0019940179461615153
414,0.022955390494756926,0.03122081802901077,0.0019940179461615153,0.05415461627663344,0.019432712054868833,0.0019940179461615153
415,0.024375382017195576,0.03192843954924556,0.0019940179461615153,0.05415461627663344,0.019073517666299014,0.0019940179461615153
416,0.0551201516424525,0.027684239580458184,0.0019940179461615153,0.06878292979629705,0.02290268073252044,0.0019940179461615153
417,0.05617371464889935,0.02809917355371901,0.0019940179461615153,0.06878292979629701,0.02342253981598244,0.0019940179461615153
418,0.05726707841275461,0.028542970973249857,0.0019940179461615153,0.06878292979629701,0.023966547192353645,0.0019940179461615153
419,0.05840027056231061,0.02901779256473311,0.0019940179461615153,0.068782929796297,0.024536425461128237,0.0019940179461615153
420,0.05957405497334514,0.02952605239917574,0.0019940179461615153,0.06878292979629698,0.025134065052874254,0.0019940179461615153
421,0.060794558446090906,0.030075864343758432,0.0019940179461615153,0.06878292979629698,0.025761545179020906,0.0019940179461615153
422,0.062062323195877706,0.030667155873540023,0.0019940179461615153,0.06878292979629697,0.026421158000105367,0.0019940179461615153
423,0.06336721471843958,0.03129778138359285,0.0019940179461615153,0.06878292979629695,0.0271154366044877,0.0019940179461615153
424,0.06472413388584942,0.03198239852045534,0.0019940179461615153,0.06878292979629695,0.027847187517352434,0.0019940179461615153
425,0.06614412540828812,0.03272537440046983,0.0019940179461615153,0.06878292979629695,0.02861952861952862,0.0019940179461615153
426,0.025834278780000962,0.03269017665080503,0.0019940179461615153,0.05415461627663344,0.01872736099182195,0.0019940179461615153
427,0.02731705599725139,0.03350257198209633,0.0019940179461615153,0.05415461627663344,0.018393544837704015,0.0019940179461615153
428,0.06760302217109351,0.03352608884580673,0.0019940179461615153,0.06878292979629695,0.029435933556377296,0.0019940179461615153
429,0.06908579938834397,0.03438110581702259,0.0019940179461615153,0.06878292979629695,0.030300283970757055,0.0019940179461615153
430,0.037171489696083686,0.03652319568858787,0.0019940179461615153,0.05459441076929928,0.02947312744262584,0.0019940179461615153
431,0.03761644325404761,0.0368208516886931,0.0019940179461615153,0.05459441076929928,0.030358061684675686,0.0019940179461615153
432,0.05548037207115582,0.03739467601222877,0.0019940179461615153,0.06116934866151258,0.030151811212986622,0.0019940179461615153
433,0.05503473250258452,0.03708770891879899,0.0019940179461615153,0.06116934866151258,0.031078610603290677,0.0019940179461615153
434,0.04172849713837086,0.03630112196887441,0.0019940179461615153,0.0359156689318897,0.03028655977292629,0.0019940179461615153
435,0.0418664468133824,0.03638804237411116,0.0019940179461615153,0.0359156689318897,0.029410039878020173,0.0019940179461615153
436,0.04222129346690789,0.036643285108870376,0.0019940179461615153,0.0359156689318897,0.028582827505628225,0.0019940179461615153
437,0.04274268338895812,0.03699741792696422,0.0019940179461615153,0.0359156689318897,0.027800875880037695,0.0019940179461615153
438,0.0433277545228618,0.03740304295942721,0.0019940179461615153,0.0359156689318897,0.027060569270200997,0.0019940179461615153
439,0.01999962374106899,0.03688313598587924,0.0019940179461615153,0.05420230899541456,0.02895914537317742,0.0019940179461615153
440,0.020161923010882706,0.03697286936007078,0.0019940179461615153,0.05420230899541456,0.029807720883235758,0.0019940179461615153
441,0.02053521683560533,0.037236412236412234,0.0019940179461615153,0.05420230899541456,0.030707528396044455,0.0019940179461615153
442,0.02105660675765554,0.03760215940616331,0.0019940179461615153,0.05420230899541456,0.03166335195883448,0.0019940179461615153
443,0.02164167789155922,0.03802122820318423,0.0019940179461615153,0.05420230899541456,0.032680590401094785,0.0019940179461615153
444,0.025600555885288104,0.03768551568664287,0.0019940179461615153,0.022962180760343193,0.031216931216931216,0.0019940179461615153
445,0.025767172952422833,0.03777920072319108,0.0019940179461615153,0.022962180760343183,0.030287474332648872,0.0019940179461615153
446,0.02614398236190914,0.03805440679895284,0.0019940179461615153,0.022962180760343183,0.029411764705882353,0.0019940179461615153
447,0.02666537228395936,0.038436482084690554,0.0019940179461615153,0.022962180760343173,0.028585271317829456,0.0019940179461615153
448,0.023400830039528434,0.0376247280366119,0.0019940179461615153,0.028303956149760053,0.02823045962453207,0.0019940179461615153
449,0.023569372572529654,0.03771811070998796,0.0019940179461615153,0.028303956149760053,0.029036273629968447,0.0019940179461615153
450,0.02394768930614172,0.037992424242424244,0.0019940179461615153,0.028303956149760053,0.029889441845218582,0.0019940179461615153
451,0.02446907922819193,0.03837324967480297,0.0019940179461615153,0.028303956149760053,0.03079426483681803,0.0019940179461615153
452,0.06381174576092241,0.037513557990799265,0.0019940179461615153,0.06556761822566223,0.03094055588117346,0.0019940179461615153
453,0.06357861901461259,0.03734872463228449,0.0019940179461615153,0.06556761822566223,0.03002364773849792,0.0019940179461615153
454,0.06355881757808358,0.03731815306767868,0.0019940179461615153,0.06556761822566223,0.029159519725557463,0.0019940179461615153
455,0.04760746178344667,0.036746656896867555,0.0019940179461615153,0.06627248453118148,0.030435442269761796,0.0019940179461615153
456,0.047629743529797715,0.03677629890367763,0.0019940179461615153,0.06627248453118148,0.029547797908381204,0.0019940179461615153
457,0.04786404349240198,0.036936107530841464,0.0019940179461615153,0.06627248453118148,0.028710462287104624,0.0019940179461615153
458,0.025077931266144708,0.03615717375630858,0.0019940179461615153,0.018983634591899615,0.016693296052193596,0.0019940179461615153
459,0.023523048343389356,0.03516706987833526,0.0019940179461615153,0.018983634591899615,0.016965780882626565,0.0019940179461615153
460,0.02204975697332124,0.03427770752879259,0.0019940179461615153,0.018983634591899615,0.017247308869553255,0.0019940179461615153
461,0.02060651991328192,0.03344559671879689,0.0019940179461615153,0.018983634591899615,0.017538337792232774,0.0019940179461615153
462,0.02967426369785234,0.036109011052309466,0.0019940179461615153,0.031605214179049476,0.031166490584798957,0.0019940179461615153
463,0.028125350888708246,0.035125196988268256,0.0019940179461615153,0.03160521417904946,0.03026006154588789,0.0019940179461615153
464,0.026652059518640157,0.03423792456050521,0.0019940179461615153,0.03160521417904946,0.029404866608032834,0.0019940179461615153
465,0.02520882245860079,0.03340772074742697,0.0019940179461615153,0.03160521417904945,0.028596681302389234,0.0019940179461615153
466,0.04148762853307642,0.039779487586261604,0.0019940179461615153,0.07118141174027398,0.030516931876958652,0.0019940179461615153
467,0.05830473969246715,0.03993152321044669,0.0019940179461615153,0.052812893447277603,0.031990559117149875,0.0019940179461615153
468,0.05794913966803166,0.03963956843062087,0.0019940179461615153,0.052812893447277603,0.031011347123025074,0.0019940179461615153
469,0.041143488160179334,0.03948974369069649,0.0019940179461615153,0.07118141174027398,0.03146469241145654,0.0019940179461615153
470,0.04098760812063758,0.03944315545243619,0.0019940179461615153,0.07118141174027398,0.03247320879334348,0.0019940179461615153
471,0.057782859564045885,0.03959262621876604,0.0019940179461615153,0.052812893447277603,0.03009030090300903,0.0019940179461615153
472,0.04707946437164068,0.03925175126208273,0.0019940179461615153,0.06369742377019946,0.02705618947425211,0.0019940179461615153
473,0.04644427745070024,0.03877527351451657,0.0019940179461615153,0.06369742377019946,0.027793942416936848,0.0019940179461615153
474,0.0458622673385451,0.03834537599877662,0.0019940179461615153,0.06369742377019946,0.028573056433923025,0.0019940179461615153
475,0.045367961353321794,0.037970849895892486,0.0019940179461615153,0.06369742377019946,0.029397110114598904,0.0019940179461615153
476,0.0450229733942018,0.037767820160409686,0.0019940179461615153,0.06369742377019946,0.030270107137467934,0.0019940179461615153
477,0.044875424420450304,0.037691180338957575,0.0019940179461615153,0.06369742377019946,0.031196541320643215,0.0019940179461615153
478,0.06431673489343177,0.03771243796059558,0.0019940179461615153,0.04240432618531848,0.028846706931262584,0.0019940179461615153
479,0.0646631471559836,0.037914871096998565,0.0019940179461615153,0.04240432618531848,0.029686852542473215,0.0019940179461615153
480,0.06515861557602648,0.038288288288288286,0.0019940179461615153,0.04240432618531848,0.030577403816840435,0.0019940179461615153
481,0.0657406256881816,0.038716899559947504,0.0019940179461615153,0.04240432618531848,0.03152303727449871,0.0019940179461615153
482,0.014877695327351908,0.038845855925639036,0.0019940179461615153,0.01851056554610559,0.03188682244476236,0.0019940179461615153
483,0.014431329833016548,0.038511749347258484,0.0019940179461615153,0.018510565546105584,0.03091194871636823,0.0019940179461615153
484,0.02520222222328082,0.039262506850387534,0.0019940179461615153,0.03382971088820603,0.03099218243055341,0.0019940179461615153
485,0.02475585672894546,0.038921226232052776,0.0019940179461615153,0.033829710888206035,0.03197220362755411,0.0019940179461615153
486,0.020926448718527817,0.02933091589659609,0.0019940179461615153,0.05114054528102824,0.02459780262899745,0.0019940179461615153
487,0.02201616028907232,0.029811264675286074,0.0019940179461615153,0.05114054528102825,0.025203538044024525,0.0019940179461615153
488,0.023145672617025267,0.03032593578037129,0.0019940179461615153,0.051140545281028266,0.025839859851607583,0.0019940179461615153
489,0.02431517917829068,0.030877689868546623,0.0019940179461615153,0.05114054528102828,0.026509144729886882,0.0019940179461615153
490,0.025528648992843465,0.03146962851405623,0.0019940179461615153,0.05114054528102827,0.0272140221402214,0.0019940179461615153
491,0.026791527025412425,0.032111413478469665,0.0019940179461615153,0.05114054528102826,0.027957408852714905,0.0019940179461615153
492,0.028098418062215524,0.03280350601779173,0.0019940179461615153,0.05114054528102826,0.028742549289316827,0.0019940179461615153
493,0.029439703586879064,0.03354402862780509,0.0019940179461615153,0.051140545281028245,0.02957306286118646,0.0019940179461615153
494,0.045230091812816876,0.02991351028929317,0.0019940179461615153,0.0486776530024033,0.02550345809601302,0.0019940179461615153
495,0.04632013505633979,0.03041329330786258,0.0019940179461615153,0.0486776530024033,0.024883397836657734,0.0019940179461615153
496,0.04744997905727114,0.030949148358430018,0.0019940179461615153,0.0486776530024033,0.024292772718465413,0.0019940179461615153
497,0.04861981729151495,0.03152402803532703,0.0019940179461615153,0.0486776530024033,0.023729535345888144,0.0019940179461615153
498,0.049833618779046136,0.03214125488688073,0.0019940179461615153,0.0486776530024033,0.023191823899371068,0.0019940179461615153
499,0.05109682848459351,0.032811017697667574,0.0019940179461615153,0.0486776530024033,0.02267794157547255,0.0019940179461615153
500,0.05240405119437502,0.03353393513874958,0.0019940179461615153,0.0486776530024033,0.022186338701114847,0.0019940179461615153
501,0.05374566839201694,0.03430819223533436,0.0019940179461615153,0.0486776530024033,0.02171559712479432,0.0019940179461615153
502,0.014656544281442146,0.02847167026229136,0.0019940179461615153,0.019034214721106144,0.02330931907971183,0.0019940179461615153
503,0.0158493729809723,0.028965835908395184,0.0019940179461615153,0.019034214721106144,0.02278716830243548,0.0019940179461615153
504,0.01708200243791089,0.02949479503617009,0.0019940179461615153,0.019034214721106144,0.022287898315630418,0.0019940179461615153
505,0.01835443265225794,0.03006144163045107,0.0019940179461615153,0.01903421472110614,0.021810037401061147,0.0019940179461615153
506,0.019807775645224644,0.030669031311154598,0.0019940179461615153,0.019034214721106137,0.02135223740792779,0.0019940179461615153
507,0.009349347864631546,0.027768549280177187,0.0019940179461615153,0.019846813518194582,0.024245793850319088,0.0019940179461615153
508,0.010538660830590631,0.02823840761282694,0.0019940179461615153,0.019846813518194582,0.024837799019365062,0.0019940179461615153
509,0.011767774553958128,0.028740902057424494,0.0019940179461615153,0.019846813518194582,0.02545943750634582,0.0019940179461615153
510,0.013036689034734036,0.02927868756750445,0.0019940179461615153,0.019846813518194582,0.026112991408487374,0.0019940179461615153
511,0.014416255357974738,0.029854744612453864,0.0019940179461615153,0.019846813518194582,0.02680098332620778,0.0019940179461615153
512,0.03545685991774526,0.03244064945986157,0.0019940179461615153,0.03452633002307333,0.026437872317992515,0.0019940179461615153
513,0.03714588797661583,0.03335550382440971,0.0019940179461615153,0.034526330023073336,0.02576419213973799,0.0019940179461615153
514,0.024413278514079546,0.03288524590163935,0.0019940179461615153,0.03724820216662051,0.029358388947430043,0.0019940179461615153
515,0.026102157320109884,0.033825711587751245,0.0019940179461615153,0.037248202166620524,0.03023634390449777,0.0019940179461615153
516,0.016307341206253982,0.029040477155596735,0.0019940179461615153,0.01685431776147652,0.024035466091540857,0.0019940179461615153
517,0.01817797680444926,0.02985296743853801,0.0019940179461615153,0.01685431776147652,0.023477365291887084,0.0019940179461615153
518,0.011255622706674205,0.02939624853458382,0.0019940179461615153,0.016067234092798116,0.02673098448909973,0.0019940179461615153
519,0.01312625830486963,0.030229053646775167,0.0019940179461615153,0.016067234092798127,0.027456884752258416,0.0019940179461615153
520,0.018019529073390023,0.03203654018142328,0.0019940179461615153,0.015034508893500751,0.02816624543667509,0.0019940179461615153
521,0.01826842204738073,0.03214125488688073,0.0019940179461615153,0.015034508893500751,0.027402874159881973,0.0019940179461615153
522,0.011466583925680628,0.031149068322981366,0.0019940179461615153,0.012338151878363601,0.026457399103139014,0.0019940179461615153
523,0.011715951789603597,0.031248052838183063,0.0019940179461615153,0.01233815187836359,0.0271683189771927,0.0019940179461615153
524,0.03787813910692318,0.034874826147426985,0.0019940179461615153,0.059639493800483896,0.029170544439274082,0.0019940179461615153
525,0.03812605261279509,0.034998953171889176,0.0019940179461615153,0.059639493800483896,0.03003713464302827,0.0019940179461615153
526,0.06355394889455108,0.03570157328967039,0.0019940179461615153,0.058237733550865874,0.03014546766049531,0.0019940179461615153
527,0.06379855614628815,0.035831666190340096,0.0019940179461615153,0.05823773355086588,0.029272706047163203,0.0019940179461615153
528,0.007367174294626482,0.026169541054609023,0.0019940179461615153,0.012623307721545945,0.022461593586240874,0.0019940179461615153
529,0.00859120678796483,0.026599130158056646,0.0019940179461615153,0.012623307721545943,0.021975373559440865,0.0019940179461615153
530,0.009855040038711528,0.027057649248698374,0.0019940179461615153,0.012623307721545941,0.02150975766673815,0.0019940179461615153
531,0.011204616949892724,0.02754737709420489,0.0019940179461615153,0.012623307721545941,0.021063463396194717,0.0019940179461615153
532,0.002701705974033787,0.025517083471137455,0.0019940179461615153,0.007878891601973852,0.02268101849758039,0.0019940179461615153
533,0.003925195471324634,0.025925351530190238,0.0019940179461615153,0.007878891601973853,0.023199333857612064,0.0019940179461615153
534,0.005188485726023951,0.026360745354674236,0.0019940179461615153,0.007878891601973853,0.023741892723571464,0.0019940179461615153
535,0.006526077547942415,0.02682535437282696,0.0019940179461615153,0.007878891601973853,0.024310436763779145,0.0019940179461615153
536,0.002613296034802893,0.02499252466859364,0.0019940179461615153,0.004246077469520913,0.02179203059140486,0.0019940179461615153
537,0.00385036521073612,0.025588040206132964,0.0019940179461615153,0.004246077469520911,0.021333163178492428,0.0019940179461615153
538,0.005724980884672384,0.026218109577582603,0.0019940179461615153,0.004246077469520911,0.020893221680623256,0.0019940179461615153
539,0.00502105251891997,0.028640776699029126,0.0019940179461615153,0.007772815476202332,0.025520329754210983,0.0019940179461615153
540,0.002255396429404087,0.02786111111111111,0.0019940179461615153,0.003815483025308639,0.024019349585708127,0.0019940179461615153
541,0.0052707011783219605,0.02872444011684518,0.0019940179461615153,0.00777281547620233,0.024892043480418923,0.0019940179461615153
542,0.002505230680294912,0.027940275224246476,0.0019940179461615153,0.003815483025308639,0.024603836530442035,0.0019940179461615153
543,0.011180217225859986,0.030534583536288358,0.0019940179461615153,0.012912834540765125,0.0243511617179344,0.0019940179461615153
544,0.009309581627664567,0.029685095300106545,0.0019940179461615153,0.012912834540765129,0.024952110854043835,0.0019940179461615153
545,0.008313891971513287,0.030776311752071187,0.0019940179461615153,0.008955502089871439,0.02782246879334258,0.0019940179461615153
546,0.006443256373317857,0.02991351028929317,0.0019940179461615153,0.008955502089871437,0.027077371632201284,0.0019940179461615153
547,0.021164445469765324,0.03324714929726863,0.0019940179461615153,0.03060362940005451,0.027523942811668176,0.0019940179461615153
548,0.022853210559345874,0.034208731241473396,0.0019940179461615153,0.03060362940005451,0.02679453957737825,0.0019940179461615153
549,0.03669813551561245,0.03527219018146012,0.0019940179461615153,0.0398196125864916,0.02935667037405608,0.0019940179461615153
550,0.03714597439719171,0.03555728871242201,0.0019940179461615153,0.0398196125864916,0.02852998065764023,0.0019940179461615153
551,0.037689832920699065,0.03589835361488905,0.0019940179461615153,0.0398196125864916,0.027748575222707905,0.0019940179461615153
552,0.03363271980110822,0.03579841530444714,0.0019940179461615153,0.043602616759045636,0.028710462287104624,0.0019940179461615153
553,0.03406949271759763,0.036092119467434326,0.0019940179461615153,0.04360261675904562,0.029547797908381204,0.0019940179461615153
554,0.03460248094991301,0.036443572414795435,0.0019940179461615153,0.043602616759045636,0.030435442269761796,0.0019940179461615153
555,0.06667599785974361,0.03588294218660561,0.0019940179461615153,0.08046001626502639,0.029744958481613286,0.0019940179461615153
556,0.06720549007883769,0.036227696308603625,0.0019940179461615153,0.08046001626502639,0.0306465411879736,0.0019940179461615153
557,0.08853583191377065,0.0367587773950011,0.0019940179461615153,0.08571194548143955,0.02944889750139464,0.0019940179461615153
558,0.08906843238249089,0.03712065136935603,0.0019940179461615153,0.08571194548143955,0.028615446064306296,0.0019940179461615153
559,0.04004902630770446,0.037528997979495625,0.0019940179461615153,0.04548169288782784,0.031135531135531136,0.0019940179461615153
560,0.040284237783387716,0.037698263549575284,0.0019940179461615153,0.04548169288782784,0.030210843373493976,0.0019940179461615153
561,0.04074939695860297,0.03803276202032459,0.0019940179461615153,0.04548169288782784,0.02933949569999415,0.0019940179461615153
562,0.0413358573178172,0.0384497431572491,0.0019940179461615153,0.04548169288782784,0.028517002160809737,0.0019940179461615153
563,0.04206635743669674,0.03898779444919537,0.0019940179461615153,0.04548169288782784,0.02773936611538249,0.0019940179461615153
564,0.06637581260912206,0.03919193497968115,0.0019940179461615153,0.04240432618531848,0.0325290263994292,0.0019940179461615153
565,0.03976642125157133,0.03913382754584471,0.0019940179461615153,0.03725225679975194,0.03263805278057987,0.0019940179461615153
566,0.039036335861606375,0.03859176606387072,0.0019940179461615153,0.03725225679975195,0.03162341961723997,0.0019940179461615153
567,0.0384505625088974,0.038171715634038664,0.0019940179461615153,0.03725225679975195,0.030669969115983242,0.0019940179461615153
568,0.03798615050336026,0.037834779328555265,0.0019940179461615153,0.03725225679975195,0.0297723292469352,0.0019940179461615153
569,0.037751037605748265,0.03766428839654525,0.0019940179461615153,0.03725225679975195,0.028925739005046865,0.0019940179461615153
570,0.06416881816693051,0.0376360225140713,0.0019940179461615153,0.04240432618531848,0.028052805280528052,0.0019940179461615153
571,0.07884041420239293,0.03107187112763321,0.0019940179461615153,0.05949395895575322,0.024832264613403977,0.0019940179461615153
572,0.07993692506899468,0.031611459548047526,0.0019940179461615153,0.05949395895575322,0.024244621706550642,0.0019940179461615153
573,0.08107323669300487,0.03219076962577829,0.0019940179461615153,0.05949395895575322,0.023684148386030366,0.0019940179461615153
574,0.08224934907442351,0.03281316452383289,0.0019940179461615153,0.05949395895575322,0.023149002954209748,0.0019940179461615153
575,0.08346526221325057,0.033482440913339566,0.0019940179461615153,0.05949395895575322,0.022637506488816666,0.0019940179461615153
576,0.08472694622309727,0.03420639792647159,0.0019940179461615153,0.05949395895575322,0.022148125248421146,0.0019940179461615153
577,0.08603639114183409,0.03499162712810494,0.0019940179461615153,0.05949395895575322,0.02167945531179077,0.0019940179461615153
578,0.08738364678010889,0.035838067674277344,0.0019940179461615153,0.05949395895575322,0.021230209127084922,0.0019940179461615153
579,0.003342574609241308,0.03009481517042727,0.0019940179461615153,0.03371299089279878,0.024751375761912987,0.0019940179461615153
580,0.004231078413210679,0.030591392930124743,0.0019940179461615153,0.03371299089279877,0.02536415132510621,0.0019940179461615153
581,0.0053416853813946195,0.03112393719357041,0.0019940179461615153,0.03371299089279877,0.026008038376766497,0.0019940179461615153
582,0.006492093106986973,0.0316953705166693,0.0019940179461615153,0.033712990892798764,0.0266854679934018,0.0019940179461615153
583,0.023819333004711746,0.03264442636289666,0.0019940179461615153,0.03160521417904945,0.027831733170542206,0.0019940179461615153
584,0.022484697523265203,0.03194878002166019,0.0019940179461615153,0.031605214179049455,0.027106642884168423,0.0019940179461615153
585,0.02118520279388051,0.03129778138359285,0.0019940179461615153,0.03160521417904947,0.026418374334931254,0.0019940179461615153
586,0.019217030459392857,0.032680590401094785,0.0019940179461615153,0.018983634591899615,0.017839356858281162,0.0019940179461615153
587,0.017882394977946324,0.03198341836734694,0.0019940179461615153,0.018983634591899615,0.018150889447872746,0.0019940179461615153
588,0.016582900248561638,0.03133102177240496,0.0019940179461615153,0.018983634591899615,0.01847349615058754,0.0019940179461615153
589,0.019476845072729208,0.03404963166649693,0.0019940179461615153,0.043300333767256394,0.02885085574572127,0.0019940179461615153
590,0.01899384147229979,0.033628377925300074,0.0019940179461615153,0.043300333767256394,0.028053589908539144,0.0019940179461615153
591,0.019420968702743794,0.033880556681529526,0.0019940179461615153,0.04330033376725641,0.02729920252578863,0.0019940179461615153
592,0.01990070997507734,0.03415514540625213,0.0019940179461615153,0.043300333767256415,0.02658432505499748,0.0019940179461615153
593,0.06169030190871199,0.03494895292518903,0.0019940179461615153,0.04621694511560852,0.027030668894518408,0.0019940179461615153
594,0.06119465883170739,0.03450055035773253,0.0019940179461615153,0.04621694511560851,0.0277700869372612,0.0019940179461615153
595,0.06161731873000843,0.034766031195840555,0.0019940179461615153,0.04621694511560851,0.028551095929405065,0.0019940179461615153
596,0.06209671885299277,0.0350552215853488,0.0019940179461615153,0.04621694511560851,0.0293773065432605,0.0019940179461615153
597,0.013090420144374192,0.035658418657565416,0.0019940179461615153,0.01410215461400231,0.02877388260944403,0.0019940179461615153
598,0.013192140874180898,0.035715557454687887,0.0019940179461615153,0.014102154614002308,0.027980806784578476,0.0019940179461615153
599,0.013858754870863863,0.03609731519470237,0.0019940179461615153,0.014102154614002308,0.027230276375088232,0.0019940179461615153
600,0.015270745162210803,0.03703156728816688,0.0019940179461615153,0.01410215461400231,0.02651895722066522,0.0019940179461615153
601,0.04628258285960306,0.038012582430076554,0.0019940179461615153,0.04732567985444089,0.03141344858905697,0.0019940179461615153
602,0.04606953644510589,0.0378719226702915,0.0019940179461615153,0.04732567985444089,0.030470577513139106,0.0019940179461615153
603,0.045922445434722355,0.03776924235577647,0.0019940179461615153,0.047325679854440895,0.02958265742515853,0.0019940179461615153
604,0.04597754801065321,0.03781480922937717,0.0019940179461615153,0.04732567985444091,0.028745020491216,0.0019940179461615153
605,0.04444009443379947,0.03865125240847784,0.0019940179461615153,0.07890482727647855,0.02972908886122473,0.0019940179461615153
606,0.044225082134407616,0.03850583538083538,0.0019940179461615153,0.07890482727647855,0.030625954198473283,0.0019940179461615153
607,0.04407632519056098,0.03839969372128637,0.0019940179461615153,0.07890482727647855,0.03157861595617405,0.0019940179461615153
608,0.04413060794128337,0.038446795461514874,0.0019940179461615153,0.07890482727647855,0.03259244817053357,0.0019940179461615153
609,0.04853683451665412,0.03476844148641153,0.0019940179461615153,0.04643115610871027,0.0249782094384261,0.0019940179461615153
610,0.031301348257277206,0.03389085994255787,0.0019940179461615153,0.04148790677677074,0.02886663213031716,0.0019940179461615153
611,0.04757391234204002,0.03424493837276793,0.0019940179461615153,0.04643115610871027,0.02560567766970463,0.0019940179461615153
612,0.030410065897650104,0.033393261419629776,0.0019940179461615153,0.041487906776770736,0.028071648474671144,0.0019940179461615153
613,0.047132624461946264,0.03409129533326535,0.0019940179461615153,0.04643115610871027,0.026265483017780922,0.0019940179461615153
614,0.02996953939130461,0.03324714929726863,0.0019940179461615153,0.04148790677677072,0.027319278749250966,0.0019940179461615153
615,0.0297710865878572,0.03314606741573034,0.0019940179461615153,0.04148790677677071,0.026606186004562576,0.0019940179461615153
616,0.046934171658498856,0.03398502354894453,0.0019940179461615153,0.04643115610871027,0.026960191382415396,0.0019940179461615153
617,0.04679902087533786,0.03390919233239798,0.0019940179461615153,0.04643115610871027,0.02769264750545294,0.0019940179461615153
618,0.029635935804696197,0.033073929961089495,0.0019940179461615153,0.041487906776770694,0.025929372834910293,0.0019940179461615153
619,0.033919712518783306,0.03280887115239933,0.0019940179461615153,0.0566380650842833,0.028635052959145802,0.0019940179461615153
620,0.03846291721630152,0.0336306330472103,0.0019940179461615153,0.04554509174690547,0.02772633033863165,0.0019940179461615153
621,0.0066256980721225295,0.033522727272727273,0.0019940179461615153,0.01503821867730142,0.027064950484362773,0.0019940179461615153
622,0.0065329733839662825,0.033520486598489406,0.0019940179461615153,0.01503821867730142,0.027800875880037695,0.0019940179461615153
623,0.006612232399703099,0.03356311069468612,0.0019940179461615153,0.01503821867730142,0.028577941134569906,0.0019940179461615153
624,0.007227812424558757,0.03386682874122096,0.0019940179461615153,0.01503821867730142,0.02939969515769727,0.0019940179461615153
625,0.008540963977772046,0.03463995855638059,0.0019940179461615153,0.01503821867730142,0.030270107137467934,0.0019940179461615153
626,0.01012934587134619,0.03560398991871073,0.0019940179461615153,0.01503821867730142,0.031193630652484917,0.0019940179461615153
627,0.011868240962519771,0.0367587773950011,0.0019940179461615153,0.01503821867730142,0.03217527988964809,0.0019940179461615153
628,0.017179677574656327,0.036644623871981294,0.0019940179461615153,0.017006664636828036,0.023855960422414613,0.0019940179461615153
629,0.015472795410421512,0.035545947478470424,0.0019940179461615153,0.017006664636828036,0.02442588218103889,0.0019940179461615153
630,0.013909491802169894,0.03459336414430572,0.0019940179461615153,0.017006664636828036,0.025023701412105186,0.0019940179461615153
631,0.012517146866223742,0.03375399629816591,0.0019940179461615153,0.017006664636828036,0.025651517863993247,0.0019940179461615153
632,0.011442135064922742,0.03318994043679682,0.0019940179461615153,0.017006664636828036,0.02631164742917104,0.0019940179461615153
633,0.010975792420146941,0.03313949646467984,0.0019940179461615153,0.017006664636828036,0.027006650690648646,0.0019940179461615153
634,0.011200513221837361,0.033274723816474804,0.0019940179461615153,0.017006664636828036,0.02773936611538249,0.0019940179461615153
635,0.02998975778168876,0.03879026955950033,0.0019940179461615153,0.02486501878953268,0.03080939947780679,0.0019940179461615153
636,0.030544348211422465,0.03926404384419652,0.0019940179461615153,0.024865018789532685,0.03177771441244495,0.0019940179461615153
637,0.0292167287078023,0.03863487539000809,0.0019940179461615153,0.04994864852403006,0.03183116470961599,0.0019940179461615153
638,0.02977117086020448,0.03910483839525907,0.0019940179461615153,0.04994864852403006,0.030859639406805736,0.0019940179461615153
639,0.05423239551314639,0.04010235496381592,0.0019940179461615153,0.07255012662025163,0.03175155908702396,0.0019940179461615153
640,0.05402366395274951,0.03993470297818124,0.0019940179461615153,0.07255012662025163,0.030786703090948157,0.0019940179461615153
641,0.05388080264586356,0.03981896859740363,0.0019940179461615153,0.07255012662025163,0.0298787571866901,0.0019940179461615153
642,0.0542365000150974,0.03975426080063416,0.0019940179461615153,0.04420423837457157,0.030842558425584254,0.0019940179461615153
643,0.05438099887602184,0.03986961879397385,0.0019940179461615153,0.04420423837457156,0.029931363772008356,0.0019940179461615153
644,0.05459229969000561,0.040036723614881045,0.0019940179461615153,0.04420423837457156,0.029072463768115942,0.0019940179461615153
645,0.040775817536885216,0.03923179222404756,0.0019940179461615153,0.047417148800722626,0.03291546337621423,0.0019940179461615153
646,0.04042134049382626,0.03903635089904258,0.0019940179461615153,0.047417148800722626,0.031881754609027334,0.0019940179461615153
647,0.04020243632807997,0.03886994264455123,0.0019940179461615153,0.047417148800722626,0.030910996055226823,0.0019940179461615153
648,0.06424528688700157,0.03915827281955181,0.0019940179461615153,0.03626313342076234,0.02687566988210075,0.0019940179461615153
649,0.06388863501684137,0.03896356149483335,0.0019940179461615153,0.03626313342076234,0.027606517670373226,0.0019940179461615153
650,0.0636721188965396,0.03879777193253907,0.0019940179461615153,0.036263133420762345,0.02837822544137619,0.0019940179461615153
651,0.010868639425506593,0.03756272938356677,0.0019940179461615153,0.012270573509013878,0.025136584632349256,0.0019940179461615153
652,0.009494557317689447,0.03656047240650288,0.0019940179461615153,0.012270573509013878,0.02576948769333539,0.0019940179461615153
653,0.008530035468478222,0.036016949152542374,0.0019940179461615153,0.012270573509013878,0.026435085129935164,0.0019940179461615153
654,0.007909293540818728,0.035628019323671496,0.0019940179461615153,0.012270573509013878,0.027135977490395542,0.0019940179461615153
655,0.007379279414467873,0.035297015765765764,0.0019940179461615153,0.012270573509013878,0.027875048635428827,0.0019940179461615153
656,0.006960024370165815,0.03503562945368171,0.0019940179461615153,0.012270573509013878,0.028655505399691448,0.0019940179461615153
657,0.02201198908563065,0.03710417283219888,0.0019940179461615153,0.02816877283746137,0.029289802593155004,0.0019940179461615153
658,0.020769419693829207,0.03626961741520214,0.0019940179461615153,0.02816877283746138,0.02847652035659531,0.0019940179461615153
659,0.019669786884533986,0.03550191136910661,0.0019940179461615153,0.028168772837461387,0.02770718232044199,0.0019940179461615153
660,0.018914748536946736,0.03510921310557267,0.0019940179461615153,0.028168772837461387,0.02697832051213083,0.0019940179461615153
661,0.018430080773474404,0.03481671757845043,0.0019940179461615153,0.028168772837461387,0.026286822518083657,0.0019940179461615153
662,0.018131303626594552,0.03457666850523993,0.0019940179461615153,0.028168772837461387,0.025629887054735012,0.0019940179461615153
663,0.044055363267140615,0.03782764472939845,0.0019940179461615153,0.02252125857955077,0.029306062819576335,0.0019940179461615153
664,0.043697728412398266,0.03759229414189873,0.0019940179461615153,0.02252125857955077,0.02848703456502599,0.0019940179461615153
665,0.04344632029476845,0.03741560040287985,0.0019940179461615153,0.02252125857955077,0.027712541099107563,0.0019940179461615153
666,0.04330179379442916,0.037313988095238095,0.0019940179461615153,0.02252125857955077,0.02697904618446889,0.0019940179461615153
667,0.043225011499928766,0.03726131213314511,0.0019940179461615153,0.02252125857955077,0.026283378318178244,0.0019940179461615153
668,0.03793042464729877,0.03696605609405521,0.0019940179461615153,0.027265442528037972,0.027026298771286917,0.0019940179461615153
669,0.038009147084517185,0.037017899981546414,0.0019940179461615153,0.027265442528037972,0.02632822343553129,0.0019940179461615153
670,0.03815497532919389,0.03711790393013101,0.0019940179461615153,0.027265442528037972,0.025665301944728762,0.0019940179461615153
671,0.038407113127376186,0.03729179060083284,0.0019940179461615153,0.027265442528037972,0.02503494408945687,0.0019940179461615153
672,0.0387818999352699,0.03752338196782641,0.0019940179461615153,0.027265442528037972,0.024434808029623854,0.0019940179461615153
673,0.024233502688745072,0.03899840584781679,0.0019940179461615153,0.014894836448737618,0.02113536749831423,0.0019940179461615153
674,0.023749667960815495,0.03868554017047865,0.0019940179461615153,0.014894836448737618,0.02157592445199733,0.0019940179461615153
675,0.023395806060156857,0.03842323015629789,0.0019940179461615153,0.014894836448737618,0.02203523880662595,0.0019940179461615153
676,0.02309531034172334,0.038202247191011236,0.0019940179461615153,0.014894836448737618,0.02251453455745359,0.0019940179461615153
677,0.022848545645791182,0.038022669547746316,0.0019940179461615153,0.014894836448737618,0.023015144561725563,0.0019940179461615153
678,0.06898167779442699,0.039253287413901064,0.0019940179461615153,0.06832435442891505,0.03252058880747033,0.0019940179461615153
679,0.06853935835852053,0.03894238235750893,0.0019940179461615153,0.06832435442891505,0.03152105593966059,0.0019940179461615153
680,0.0681733440754121,0.03866615265998458,0.0019940179461615153,0.06832435442891505,0.030581132995914386,0.0019940179461615153
681,0.06786149326534231,0.038435009196811774,0.0019940179461615153,0.06832435442891506,0.029695641875888204,0.0019940179461615153
682,0.08494018533007192,0.03690213392200147,0.0019940179461615153,0.07078934283547987,0.031682355170888875,0.0019940179461615153
683,0.08403310676577812,0.036217231169206325,0.0019940179461615153,0.07078934283547987,0.030725401298860432,0.0019940179461615153
684,0.0835181068195339,0.03591377828702377,0.0019940179461615153,0.07078934283547987,0.02982456140350877,0.0019940179461615153
685,0.08327847061746592,0.03575757575757576,0.0019940179461615153,0.07078934283547987,0.028975040443725446,0.0019940179461615153
686,0.043452936658014966,0.036019536019536016,0.0019940179461615153,0.07376684970714265,0.026183887641622723,0.0019940179461615153
687,0.04255824784345833,0.03536671368124118,0.0019940179461615153,0.07376684970714265,0.02687566988210075,0.0019940179461615153
688,0.04205182338390799,0.03507728894173603,0.0019940179461615153,0.07376684970714265,0.027604998073429844,0.0019940179461615153
689,0.04181245600046385,0.034928262989274275,0.0019940179461615153,0.07376684970714265,0.028375014145071858,0.0019940179461615153
690,0.006769807724261634,0.03491610387801991,0.0019940179461615153,0.012270573509013878,0.029480924107930163,0.0019940179461615153
691,0.0070335922866901525,0.034928262989274275,0.0019940179461615153,0.012270573509013878,0.0303553053689244,0.0019940179461615153
692,0.03944734097056751,0.034351667922460444,0.0019940179461615153,0.03985532271602205,0.02812833024847159,0.0019940179461615153
693,0.03982715000675392,0.03474315009179397,0.0019940179461615153,0.03985532271602205,0.027371465997161882,0.0019940179461615153
694,0.05085882527991,0.034489873113029125,0.0019940179461615153,0.06809292443930445,0.03035438670822867,0.0019940179461615153
695,0.03351321707637455,0.03371768581705718,0.0019940179461615153,0.04348568210395903,0.02511455542479405,0.0019940179461615153
696,0.08639215557878596,0.03536297288721221,0.0019940179461615153,0.06818239322522879,0.030338777979431335,0.0019940179461615153
697,0.037988894654125326,0.03455165524131042,0.0019940179461615153,0.0844284775979214,0.030062342644766815,0.0019940179461615153
698,0.05038888436683918,0.03426248548199768,0.0019940179461615153,0.06809292443930445,0.029474859678509508,0.0019940179461615153
699,0.05004669390322012,0.03406119468876286,0.0019940179461615153,0.06809292443930445,0.028644866485791804,0.0019940179461615153
700,0.049744304197009474,0.033885135135135136,0.0019940179461615153,0.06809292443930445,0.027860337212855198,0.0019940179461615153
701,0.049481715248207235,0.033733562035448826,0.0019940179461615153,0.06809292443930447,0.02711763592613621,0.0019940179461615153
702,0.03306614136499888,0.03350033400133601,0.0019940179461615153,0.04348568210395903,0.025748979539444973,0.0019940179461615153
703,0.03272285540898225,0.033307873675821074,0.0019940179461615153,0.04348568210395903,0.026416286970949984,0.0019940179461615153
704,0.032419370210374054,0.03313949646467984,0.0019940179461615153,0.04348568210395903,0.027119102338785995,0.0019940179461615153
705,0.03215568576917427,0.032994506398236784,0.0019940179461615153,0.04348568210395903,0.027860337212855198,0.0019940179461615153
706,0.033631522957748114,0.03437403612186847,0.0019940179461615153,0.03292415111344551,0.026527373710658556,0.0019940179461615153
707,0.018327514090555132,0.03461127023016667,0.0019940179461615153,0.021237601234884836,0.024409832075930882,0.0019940179461615153
708,0.033324273920920376,0.03419473612436929,0.0019940179461615153,0.0329241511134455,0.027237671084075602,0.0019940179461615153
709,0.018015446580232086,0.03442949334065632,0.0019940179461615153,0.02123760123488483,0.023842350480174954,0.0019940179461615153
710,0.03309064988011558,0.03406119468876286,0.0019940179461615153,0.03292415111344551,0.027987052848931302,0.0019940179461615153
711,0.01777914796429693,0.034294115635791704,0.0019940179461615153,0.02123760123488482,0.023300655113134786,0.0019940179461615153
712,0.03295864736183803,0.03398387206071695,0.0019940179461615153,0.0329241511134455,0.028778836221737634,0.0019940179461615153
713,0.01764632129425348,0.03421573309681381,0.0019940179461615153,0.021237601234884825,0.022783027439578413,0.0019940179461615153
714,0.003964434237884026,0.03306956808440488,0.0019940179461615153,0.01457910746422455,0.02732374414296611,0.0019940179461615153
715,0.0034491147728401054,0.03288093364804616,0.0019940179461615153,0.014579107464224547,0.028081079567724956,0.0019940179461615153
716,0.0036536301345158587,0.033126362375322016,0.0019940179461615153,0.014579107464224554,0.028881594102741305,0.0019940179461615153
717,0.00401504167271176,0.03301296820485814,0.0019940179461615153,0.007050687591251531,0.027102248162559447,0.0019940179461615153
718,0.0038518204869775145,0.032782063014773176,0.0019940179461615153,0.0070506875912515355,0.027847187517352434,0.0019940179461615153
719,0.0043911531122765475,0.03296956150154493,0.0019940179461615153,0.007050687591251531,0.02863423546876784,0.0019940179461615153
720,0.009659842699158564,0.03583038616797057,0.0019940179461615153,0.011373066429454154,0.027595884003741813,0.0019940179461615153
721,0.008385878389600454,0.03502951140292669,0.0019940179461615153,0.011373066429454154,0.02686990998714102,0.0019940179461615153
722,0.007311633033139968,0.034291770658825944,0.0019940179461615153,0.011373066429454154,0.026181153745758287,0.0019940179461615153
723,0.006584410921792528,0.03390460737585776,0.0019940179461615153,0.011373066429454154,0.02552682479894126,0.0019940179461615153
724,0.00607447185583255,0.03361147414630877,0.0019940179461615153,0.011373066429454154,0.02490440482693549,0.0019940179461615153
725,0.005644267665380636,0.033367710169999,0.0019940179461615153,0.011373066429454154,0.02431161528020167,0.0019940179461615153
726,0.005740441848150737,0.03318444995864351,0.0019940179461615153,0.011373066429454154,0.023746389507078934,0.0019940179461615153
727,0.005085019156296007,0.033272516171836124,0.0019940179461615153,0.021590688442229573,0.028806938939628927,0.0019940179461615153
728,0.0050232591568695134,0.033456753060475665,0.0019940179461615153,0.021590688442229573,0.028016759776536313,0.0019940179461615153
729,0.005458477875026414,0.03370182453546588,0.0019940179461615153,0.021590688442229576,0.027268772769289327,0.0019940179461615153
730,0.005973475626422579,0.0339965427244687,0.0019940179461615153,0.021590688442229576,0.026559686473890478,0.0019940179461615153
731,0.006724535359511069,0.0343858205629264,0.0019940179461615153,0.021590688442229576,0.02588654312703247,0.0019940179461615153
732,0.007821728065224319,0.035127657338983646,0.0019940179461615153,0.021590688442229576,0.02524667740636327,0.0019940179461615153
733,0.00910134315404963,0.03593307777737972,0.0019940179461615153,0.021590688442229576,0.02463768115942029,0.0019940179461615153
734,0.011247772844144683,0.03570792837053651,0.0019940179461615153,0.01909198741575866,0.022303758060929508,0.0019940179461615153
735,0.009752912088566597,0.03477929193106557,0.0019940179461615153,0.01909198741575866,0.02280063650829734,0.0019940179461615153
736,0.008302467330730411,0.03392066015083364,0.0019940179461615153,0.01909198741575866,0.0233201581027668,0.0019940179461615153
737,0.07662628340559947,0.03711103711103711,0.0019940179461615153,0.024565425480046886,0.027266548865026507,0.0019940179461615153
738,0.07695215959064268,0.037366813203189034,0.0019940179461615153,0.024565425480046886,0.026563906986598867,0.0019940179461615153
739,0.0773658613270231,0.03766004580783239,0.0019940179461615153,0.024565425480046886,0.025896568640107406,0.0019940179461615153
740,0.021819051607241863,0.03654448735699191,0.0019940179461615153,0.03908875757700546,0.03224769314857088,0.0019940179461615153
741,0.020491265223583247,0.035711742505162715,0.0019940179461615153,0.03908875757700545,0.031257791074545,0.0019940179461615153
742,0.019527341611501225,0.03508956059333893,0.0019940179461615153,0.039088757577005445,0.030326852719741178,0.0019940179461615153
743,0.01891842654094604,0.034746760895170786,0.0019940179461615153,0.03908875757700544,0.029449762170415172,0.0019940179461615153
744,0.018434420901747302,0.03445788099491549,0.0019940179461615153,0.03908875757700544,0.028621978711868275,0.0019940179461615153
745,0.01803422322181433,0.03422040259297168,0.0019940179461615153,0.039088757577005445,0.027839458199178418,0.0019940179461615153
746,0.017860108058517364,0.034131899544000546,0.0019940179461615153,0.03908875757700545,0.027098586982951936,0.0019940179461615153
747,0.02321007300079983,0.0338336987687637,0.0019940179461615153,0.027054233175390727,0.028103110114878118,0.0019940179461615153
748,0.023100340884558482,0.0337233541792751,0.0019940179461615153,0.02705423317539073,0.027344601962922575,0.0019940179461615153
749,0.023336278346409202,0.033897732265368886,0.0019940179461615153,0.02705423317539072,0.026625962304220867,0.0019940179461615153
750,0.026130771373512014,0.03360696934159826,0.0019940179461615153,0.04142998519375373,0.027340129749768304,0.0019940179461615153
751,0.026007961949968843,0.033498096319551134,0.0019940179461615153,0.04142998519375373,0.0280983863738234,0.0019940179461615153
752,0.02621882853019027,0.03365433010099654,0.0019940179461615153,0.04142998519375374,0.02889990203423039,0.0019940179461615153
753,0.026517419305516935,0.03416212534059945,0.0019940179461615153,0.041304944116419946,0.029066566203958616,0.0019940179461615153
754,0.01818374848490913,0.03390575349874924,0.0019940179461615153,0.0349032317478773,0.027857242049715316,0.0019940179461615153
755,0.04708922936683297,0.033236132281794686,0.0019940179461615153,0.056311272436847935,0.029001011999421716,0.0019940179461615153
756,0.046787340621890154,0.03306847779499522,0.0019940179461615153,0.05631127243684793,0.028193956430077303,0.0019940179461615153
757,0.046525252634355745,0.032924107142857144,0.0019940179461615153,0.05631127243684792,0.02743060303568987,0.0019940179461615153
758,0.02918458545493416,0.032219723739158365,0.0019940179461615153,0.03923244997447542,0.027415607489408227,0.0019940179461615153
759,0.029448662179660627,0.032357970126141236,0.0019940179461615153,0.03923244997447542,0.02669328010645376,0.0019940179461615153
760,0.029752539661795512,0.0325184800933731,0.0019940179461615153,0.03923244997447542,0.026008038376766497,0.0019940179461615153
761,0.006489462501395206,0.03299016544419959,0.0019940179461615153,0.011005954193308283,0.027956629595562617,0.0019940179461615153
762,0.006181279436966315,0.03283679816663938,0.0019940179461615153,0.011005954193308286,0.027204426482953157,0.0019940179461615153
763,0.007164871315690106,0.033230626511612495,0.0019940179461615153,0.011005954193308286,0.028751612440877167,0.0019940179461615153
764,0.06760206129428896,0.038241573890498703,0.0019940179461615153,0.06832435442891506,0.02885998733958681,0.0019940179461615153
765,0.06739436167013282,0.03809053622968252,0.0019940179461615153,0.06832435442891505,0.028070077241688123,0.0019940179461615153
766,0.06723730697683655,0.03797803862173419,0.0019940179461615153,0.06832435442891505,0.027322255516208118,0.0019940179461615153
767,0.06711392462887045,0.03788909035962527,0.0019940179461615153,0.06832435442891505,0.026613245595414985,0.0019940179461615153
768,0.022657502010230788,0.0378847969782814,0.0019940179461615153,0.014894836448737618,0.023538522916617774,0.0019940179461615153
769,0.022502279056337976,0.037773509584604376,0.0019940179461615153,0.014894836448737618,0.024086259065366697,0.0019940179461615153
770,0.02237889670837189,0.03768551568664287,0.0019940179461615153,0.014894836448737618,0.024660093919799377,0.0019940179461615153
771,0.012863861144507837,0.03691028188709796,0.0019940179461615153,0.01222287893471946,0.028544595594513063,0.0019940179461615153
772,0.011956713132029277,0.03608043454800532,0.0019940179461615153,0.01222287893471946,0.030256410256410255,0.0019940179461615153
773,0.011989589955147224,0.036385402307190014,0.0019940179461615153,0.01222287893471946,0.029375585754451733,0.0019940179461615153
774,0.022699415898858127,0.036385402307190014,0.0019940179461615153,0.03532041242234023,0.030331438248457722,0.0019940179461615153
775,0.023257456703075982,0.03680463819169235,0.0019940179461615153,0.03532041242234023,0.031271434807008794,0.0019940179461615153
776,0.0535110201526102,0.03692251058347138,0.0019940179461615153,0.11127042986181145,0.030265540132770066,0.0019940179461615153
777,0.053664584741610975,0.03702609915463841,0.0019940179461615153,0.11127042986181145,0.029392802719493613,0.0019940179461615153
778,0.053869641560508906,0.037166042909549044,0.0019940179461615153,0.11127042986181145,0.028568987125441495,0.0019940179461615153
779,0.054126628891454,0.03734594332948579,0.0019940179461615153,0.11127042986181145,0.027790091987143967,0.0019940179461615153
780,0.054436102286685106,0.037561322697824216,0.0019940179461615153,0.11127042986181145,0.027052540727155034,0.0019940179461615153
781,0.054799758390644736,0.037819086761434334,0.0019940179461615153,0.11127042986181145,0.026353126642143985,0.0019940179461615153
782,0.05523752245751048,0.038109350659219575,0.0019940179461615153,0.11127042986181145,0.025688966294437045,0.0019940179461615153
783,0.0450361786918158,0.03748831994019809,0.0019940179461615153,0.056576098664802614,0.031407546578988574,0.0019940179461615153
784,0.04459750069274962,0.03720740438476092,0.0019940179461615153,0.056576098664802614,0.03046872626750509,0.0019940179461615153
785,0.04423281990930964,0.03695788348870629,0.0019940179461615153,0.056576098664802614,0.029584402560245405,0.0019940179461615153
786,0.04392229046849093,0.03674934965009343,0.0019940179461615153,0.056576098664802614,0.028749964170034684,0.0019940179461615153
787,0.0436642362432236,0.03657513765817015,0.0019940179461615153,0.056576098664802614,0.027961305790192636,0.0019940179461615153
788,0.04345829537394135,0.03643960036330608,0.0019940179461615153,0.056576098664802614,0.02721476054809388,0.0019940179461615153
789,0.04330442529667097,0.036339263070178617,0.0019940179461615153,0.056576098664802614,0.026507042997965063,0.0019940179461615153
790,0.03863126126661382,0.03583550680624531,0.0019940179461615153,0.03846320514310557,0.025204171378313857,0.0019940179461615153
791,0.04602310296447885,0.03640256959314775,0.0019940179461615153,0.10637841926684986,0.029705316155782615,0.0019940179461615153
792,0.03422974379593468,0.033045598313125986,0.0019940179461615153,0.04906148866393881,0.02068041237113402,0.0019940179461615153
793,0.033390668115992284,0.032585036223644455,0.0019940179461615153,0.04906148866393881,0.02110290559447916,0.0019940179461615153
794,0.03274195860221629,0.032251840895205636,0.0019940179461615153,0.04906148866393881,0.021543021607457365,0.0019940179461615153
795,0.03226118458770219,0.03200280782361763,0.0019940179461615153,0.04906148866393881,0.022001886502731043,0.0019940179461615153
796,0.0318927971796725,0.031815009833153586,0.0019940179461615153,0.04906148866393881,0.022480724403801326,0.0019940179461615153
797,0.03157260629309157,0.031651361671242384,0.0019940179461615153,0.04906148866393881,0.02298086836980181,0.0019940179461615153
798,0.03130474319718028,0.03151907485387468,0.0019940179461615153,0.04906148866393881,0.023503772789051882,0.0019940179461615153
799,0.042385327050784884,0.03229025819329084,0.0019940179461615153,0.042149793372472585,0.02711103903124662,0.0019940179461615153
800,0.0415462513708425,0.03185036994696897,0.0019940179461615153,0.042149793372472585,0.026417678510285248,0.0019940179461615153
801,0.04089754185706652,0.03153195636455091,0.0019940179461615153,0.042149793372472585,0.025758898762134677,0.0019940179461615153
802,0.04041676784255241,0.0312938753861034,0.0019940179461615153,0.042149793372472585,0.025132175699716857,0.0019940179461615153
803,0.04004838043452271,0.0311142821690036,0.0019940179461615153,0.042149793372472585,0.02453522504892368,0.0019940179461615153
804,0.03972818954794177,0.03095774560943239,0.0019940179461615153,0.042149793372472585,0.023965974528685097,0.0019940179461615153
805,0.039460326452030486,0.030831181605803518,0.0019940179461615153,0.042149793372472585,0.02342253981598244,0.0019940179461615153
806,0.03924429831549123,0.0307225778785187,0.0019940179461615153,0.042149793372472585,0.022903203708355215,0.0019940179461615153
807,0.03108871506064101,0.03140557973510349,0.0019940179461615153,0.04906148866393881,0.024051027504016498,0.0019940179461615153
808,0.03907710403767706,0.030644668499847236,0.0019940179461615153,0.042149793372472585,0.022406397998391565,0.0019940179461615153
809,0.03894812622507437,0.030582065432813978,0.0019940179461615153,0.042149793372472585,0.021930687657155352,0.0019940179461615153
810,0.038851111143840426,0.030534583536288358,0.0019940179461615153,0.042149793372472585,0.021474756990536546,0.0019940179461615153
811,0.03092152078282685,0.031324172392254844,0.0019940179461615153,0.04906148866393881,0.024624373956594323,0.0019940179461615153
812,0.030792542970224154,0.03125876523202543,0.0019940179461615153,0.0490614886639388,0.025225723699102136,0.0019940179461615153
813,0.03069552788899022,0.031209160495363743,0.0019940179461615153,0.0490614886639388,0.02585717968548595,0.0019940179461615153
814,0.029662156880739827,0.029312057981179498,0.0019940179461615153,0.0393426838579406,0.025851848033403783,0.0019940179461615153
815,0.049245078558918604,0.03014546766049531,0.002991026919242273,0.04210929136362416,0.022496355276438264,0.002991026919242273
816,0.028041056632392557,0.028629331506536508,0.0019940179461615153,0.0393426838579406,0.02520733852726816,0.0019940179461615153
817,0.035520450412062345,0.02651124679512595,0.0019940179461615153,0.03450291175707751,0.023342952895177807,0.0019940179461615153
818,0.027382908125584193,0.026831095179498155,0.0019940179461615153,0.037269519262761085,0.015717554141724387,0.0019940179461615153
819,0.030700730338549247,0.024914921628536653,0.0019940179461615153,0.034502911757077495,0.021859471711271904,0.0019940179461615153
820,0.022548915426369793,0.025193409022405303,0.0019940179461615153,0.037269519262761085,0.01647016322375119,0.0019940179461615153
821,0.029126395035953257,0.024434212770104023,0.0019940179461615153,0.034502911757077495,0.021406009902680552,0.0019940179461615153
822,0.02097001108815357,0.024700783135497218,0.0019940179461615153,0.037269519262761085,0.01673730934819611,0.0019940179461615153
823,0.027568164455905805,0.023976286663638754,0.0019940179461615153,0.0345029117570775,0.020970979342644476,0.0019940179461615153
824,0.019407474811421552,0.024231735601082334,0.0019940179461615153,0.037269519262761085,0.017013264579163415,0.0019940179461615153
825,0.017861317257090913,0.023784681052881194,0.0019940179461615153,0.037269519262761085,0.01729847193956745,0.0019940179461615153
826,0.02602602530285116,0.023539627778168933,0.0019940179461615153,0.0345029117570775,0.02055327868852459,0.0019940179461615153
827,0.024499887371557425,0.023122853124927956,0.0019940179461615153,0.034502911757077495,0.0201518926303946,0.0019940179461615153
828,0.01633128137860338,0.02335817419655333,0.0019940179461615153,0.03726951926276108,0.017593404665848095,0.0019940179461615153
829,0.013346250632992076,0.022568233467587698,0.0019940179461615153,0.03726951926276108,0.01821450622888897,0.0019940179461615153
830,0.02152369255203031,0.02235047686959622,0.0019940179461615153,0.0345029117570775,0.019394384716528733,0.0019940179461615153
831,0.02007556410525706,0.021993202499725906,0.0019940179461615153,0.0345029117570775,0.01903659277254783,0.0019940179461615153
832,0.01189387361330501,0.02220303714526055,0.0019940179461615153,0.03726951926276108,0.018541797611565054,0.0019940179461615153
833,0.016759666990691827,0.02098985037145548,0.0019940179461615153,0.013646684696409773,0.019039845099565293,0.0019940179461615153
834,0.0067191368432280765,0.021171503957783642,0.0019940179461615153,0.01641329220209345,0.018411101729138367,0.0019940179461615153
835,0.0161953118338551,0.02091631389068463,0.0019940179461615153,0.013646684696409773,0.018688976671387046,0.0019940179461615153
836,0.0063432961168233375,0.02109669141619166,0.0019940179461615153,0.01641329220209345,0.018751519003907344,0.0019940179461615153
837,0.012073412422957421,0.020609871368100934,0.0019940179461615153,0.023736508372421,0.018972855386361488,0.0019940179461615153
838,0.012547179415532853,0.020318039096525877,0.0019940179461615153,0.014971220735663938,0.01828523508285782,0.0019940179461615153
839,0.011260747778346696,0.020023557126030624,0.0019940179461615153,0.014971220735663938,0.01796106942678581,0.0019940179461615153
840,0.017931141273081447,0.020247083047357586,0.0019940179461615153,0.018167197864632504,0.01758230200189321,0.0019940179461615153
841,0.019313526373541518,0.020548225846103416,0.0019940179461615153,0.018167197864632504,0.017282376455992832,0.0019940179461615153
842,0.022773168166668127,0.02144170336482962,0.0019940179461615153,0.01614456601680559,0.017916153117910793,0.0019940179461615153
843,0.004717293854068685,0.019389510719325716,0.0019940179461615153,0.014181886428917793,0.017551841805932278,0.0019940179461615153
844,0.004687738644783141,0.019387262008311586,0.0019940179461615153,0.014181886428917793,0.017252945729766923,0.0019940179461615153
845,0.004955291158318503,0.019431582618129686,0.0019940179461615153,0.014181886428917795,0.016964059196617337,0.0019940179461615153
846,0.018051214647625945,0.019670909411833925,0.0019940179461615153,0.017377863557886366,0.018088367899008116,0.0019940179461615153
847,0.017725304255010094,0.019608226462308413,0.0019940179461615153,0.017377863557886366,0.017771084337349398,0.0019940179461615153
848,0.017717368749475017,0.01960669325201345,0.0019940179461615153,0.017377863557886366,0.01746473968309246,0.0019940179461615153
849,0.02361927048058276,0.019959007422442443,0.0019940179461615153,0.017985962272862047,0.018321977239099063,0.0019940179461615153
850,0.0037607659201453415,0.01969795164869695,0.0019940179461615153,0.014789985143893482,0.0174903219056255,0.0019940179461615153
851,0.025770249931840263,0.02069022423004724,0.0019940179461615153,0.02277299837015898,0.01904526811484126,0.0019940179461615153
852,0.00879582874678096,0.020409824390045378,0.0019940179461615153,0.019577021241190415,0.017922235722964763,0.0019940179461615153
853,0.010246898924880971,0.020711158833732552,0.0019940179461615153,0.019577021241190415,0.01761008497787766,0.0019940179461615153
854,0.027200706020832067,0.020999958125706628,0.0019940179461615153,0.02277299837015898,0.019410899520049544,0.0019940179461615153
855,0.014783303806663418,0.02175233138147907,0.0019940179461615153,0.02393022908273564,0.018828608973155622,0.0019940179461615153
856,0.03184678195368431,0.02207112049995599,0.0019940179461615153,0.027126206211704203,0.02037292817679558,0.0019940179461615153
857,0.018528199886211738,0.02292414234452495,0.0019940179461615153,0.032194358849125096,0.019720802202123477,0.0019940179461615153
858,0.037504498189601776,0.023278483069139183,0.0019940179461615153,0.03539033597809366,0.021282464776778136,0.0019940179461615153
859,0.02010629991745533,0.02334729981378026,0.0019940179461615153,0.032194358849125096,0.019344262295081967,0.0019940179461615153
860,0.03908259822084537,0.023714947746725303,0.0019940179461615153,0.03539033597809366,0.021739130434782608,0.0019940179461615153
861,0.021700320251662294,0.02379088688061861,0.0019940179461615153,0.032194358849125096,0.018981831945495835,0.0019940179461615153
862,0.04067661855505234,0.02417275203046297,0.0019940179461615153,0.03539033597809366,0.022215823513776913,0.0019940179461615153
863,0.0239040458009712,0.025239053850025162,0.0019940179461615153,0.04199231030414128,0.02144170336482962,0.0019940179461615153
864,0.04811779159578272,0.0256692429748682,0.0019940179461615153,0.045188287433109875,0.023220817706162893,0.0019940179461615153
865,0.02551739793163369,0.02576485396491048,0.0019940179461615153,0.04199231030414128,0.02099819955616966,0.0019940179461615153
866,0.04973171230869391,0.026213313122337507,0.0019940179461615153,0.045188287433109875,0.023764393688101217,0.0019940179461615153
867,0.027146670365259522,0.02631855156127001,0.0019940179461615153,0.04199231030414128,0.02057267096033146,0.0019940179461615153
868,0.05136155332456844,0.026786668091015917,0.0019940179461615153,0.045188287433109875,0.024334028822359164,0.0019940179461615153
869,0.028791863101848728,0.02690234154976799,0.0019940179461615153,0.04199231030414128,0.020164046479835954,0.0019940179461615153
870,0.05300731464340636,0.027391648687767976,0.0019940179461615153,0.045188287433109875,0.02493164305244842,0.0019940179461615153
871,0.023842208071096552,0.031010388325500866,0.0019940179461615153,0.03955543785903009,0.026024909185262065,0.0019940179461615153
872,0.05342840017670656,0.031662352421238715,0.0019940179461615153,0.05151096942041485,0.026829659747485555,0.0019940179461615153
873,0.024670633836636705,0.03144693525630977,0.0019940179461615153,0.03955543785903009,0.02537185065263584,0.0019940179461615153
874,0.05425597468789629,0.032117583015786606,0.0019940179461615153,0.05151096942041485,0.02756100241811387,0.0019940179461615153
875,0.02615746269571064,0.03202937889190484,0.0019940179461615153,0.037285681213180225,0.026475556963361842,0.0019940179461615153
876,0.04694471684096328,0.03272537440046983,0.0019940179461615153,0.053583809449893806,0.02856329204043856,0.0019940179461615153
877,0.014687437072939675,0.03267100977198697,0.0019940179461615153,0.01269133384941648,0.02658996315049972,0.0019940179461615153
878,0.015270652833189728,0.03298908038415998,0.0019940179461615153,0.012691333849416477,0.027306634722713784,0.0019940179461615153
879,0.016204122739979197,0.03350257198209633,0.0019940179461615153,0.012691333849416475,0.028063008869365715,0.0019940179461615153
880,0.03634118067905803,0.0309701722966714,0.0019940179461615153,0.028362185565724653,0.025723225276979893,0.0019940179461615153
881,0.03668372022413063,0.031132631840332745,0.0019940179461615153,0.028362185565724653,0.02639334771854113,0.0019940179461615153
882,0.037131986969427155,0.03134864822628536,0.0019940179461615153,0.028362185565724646,0.027099319139738464,0.0019940179461615153
883,0.019251288268640823,0.03155278721530137,0.0019940179461615153,0.03712173999814076,0.026698253833049405,0.0019940179461615153
884,0.019589976495013307,0.03172143331541162,0.0019940179461615153,0.03712173999814076,0.026012759997925204,0.0019940179461615153
885,0.020034882992719487,0.03194572729878651,0.0019940179461615153,0.03712173999814076,0.02536158592090624,0.0019940179461615153
886,0.021468801926535427,0.027894429457407457,0.0019940179461615153,0.040295149150021546,0.024789915966386553,0.0019940179461615153
887,0.02308607337267883,0.02854053438807159,0.0019940179461615153,0.04029514915002155,0.025413636709149416,0.0019940179461615153
888,0.056066497796589544,0.028361374240067863,0.0019940179461615153,0.040724518773306545,0.022616577974204022,0.0019940179461615153
889,0.02749544815792804,0.03250899426311866,0.0019940179461615153,0.02033288026804484,0.0283701985631046,0.0019940179461615153
890,0.014117721686018816,0.03297281304447878,0.0019940179461615153,0.04485517167725037,0.023214368374762765,0.0019940179461615153
891,0.012463479015304604,0.03209702710486736,0.0019940179461615153,0.04485517167725037,0.0237582016723121,0.0019940179461615153
892,0.010833969672408478,0.031278261140736584,0.0019940179461615153,0.04485517167725037,0.024328126515960027,0.0019940179461615153
893,0.009229032559026632,0.030511361907948772,0.0019940179461615153,0.04485517167725037,0.024926066751161807,0.0019940179461615153
894,0.02104706211180826,0.02941952893555862,0.0019940179461615153,0.02033288026804484,0.025520329754210983,0.0019940179461615153
895,0.022622774097607348,0.030119215639169996,0.0019940179461615153,0.02033288026804484,0.02617773717865066,0.0019940179461615153
896,0.024222565541638524,0.03086438748192141,0.0019940179461615153,0.02033288026804484,0.02686990998714102,0.0019940179461615153
897,0.025846768116880192,0.03165935418705217,0.0019940179461615153,0.02033288026804484,0.02759968080129881,0.0019940179461615153
898,0.05289472567710885,0.030275589362793925,0.0019940179461615153,0.017048822641475822,0.023851989251147416,0.0019940179461615153
899,0.054475257976860744,0.03102093836018928,0.0019940179461615153,0.017048822641475822,0.023306610898106192,0.0019940179461615153
900,0.056079670731057664,0.031816019032513874,0.0019940179461615153,0.017048822641475822,0.02278561530248302,0.0019940179461615153
901,0.05770800527865057,0.03266568962709657,0.0019940179461615153,0.017048822641475822,0.02228740306201809,0.0019940179461615153
902,0.05936435312701345,0.033577717518663584,0.0019940179461615153,0.017048822641475822,0.021810511666340487,0.0019940179461615153
903,0.018546148548405167,0.03365094276320204,0.0019940179461615153,0.04114174442739631,0.029370424597364567,0.0019940179461615153
904,0.016882476888733476,0.032732850336139936,0.0019940179461615153,0.041141744427396314,0.028543783260764392,0.0019940179461615153
905,0.015246665759247676,0.03187770150012713,0.0019940179461615153,0.04114174442739632,0.027762400354295835,0.0019940179461615153
906,0.01363473508420693,0.03107764764206482,0.0019940179461615153,0.041141744427396335,0.027022658081202685,0.0019940179461615153
907,0.01204668486361121,0.030327769714562167,0.0019940179461615153,0.041141744427396335,0.026321314228730384,0.0019940179461615153
908,0.007648203332989324,0.029791784239760002,0.0019940179461615153,0.04485517167725037,0.025554140127388537,0.0019940179461615153
909,0.04218381488996643,0.03513996426444312,0.0019940179461615153,0.04842327145805935,0.03015090482775206,0.0019940179461615153
910,0.04126063632187827,0.03457070968186675,0.0019940179461615153,0.04842327145805935,0.02927612375948628,0.0019940179461615153
911,0.048695568396620224,0.03509815585960738,0.0019940179461615153,0.08002006916744737,0.029083422739003103,0.0019940179461615153
912,0.04962485448569639,0.03568506066104529,0.0019940179461615153,0.08002006916744737,0.02826865082720329,0.0019940179461615153
913,0.03804490981826514,0.0305690164883728,0.0019940179461615153,0.03326484286329302,0.024890190336749635,0.0019940179461615153
914,0.039109141463774796,0.03104398155312761,0.0019940179461615153,0.03326484286329302,0.024295714943196958,0.0019940179461615153
915,0.040457191932651376,0.03172645030682609,0.0019940179461615153,0.03326484286329302,0.023728973952542053,0.0019940179461615153
916,0.04198945858503661,0.03250267345020902,0.0019940179461615153,0.03326484286329302,0.023188070743266675,0.0019940179461615153
917,0.045952820579525044,0.03488938360929456,0.0019940179461615153,0.047769326127365806,0.029535616478694897,0.0019940179461615153
918,0.0404944501970281,0.03549060542797495,0.0019940179461615153,0.054409485854074506,0.029451491660793985,0.0019940179461615153
919,0.04130538209161125,0.03605579121432166,0.0019940179461615153,0.0544094858540745,0.030335107669973386,0.0019940179461615153
920,0.042257738944410504,0.036688857999853684,0.0019940179461615153,0.05440948585407449,0.03127338488401098,0.0019940179461615153
921,0.06637897016206395,0.03660183191621355,0.0019940179461615153,0.01278977949206784,0.02717347132291187,0.0019940179461615153
922,0.06542661330926473,0.03597173905246925,0.0019940179461615153,0.01278977949206784,0.02792393997605724,0.0019940179461615153
923,0.06461548014227897,0.035409164724987646,0.0019940179461615153,0.01278977949206784,0.02871703839436539,0.0019940179461615153
924,0.044758124528581716,0.03451123421532533,0.0019940179461615153,0.04866133943005129,0.02456827924066136,0.0019940179461615153
925,0.04364501065626628,0.033797216699801194,0.0019940179461615153,0.04866133943005129,0.025176334747358118,0.0019940179461615153
926,0.04287628504125439,0.033423306341430904,0.0019940179461615153,0.048661339430051284,0.025815252361465008,0.0019940179461615153
927,0.04235960522774917,0.03314059144226004,0.0019940179461615153,0.04866133943005127,0.026487442892228062,0.0019940179461615153
928,0.041922526929060774,0.03290574456218628,0.0019940179461615153,0.04866133943005127,0.027195574957295084,0.0019940179461615153
929,0.018355680527223448,0.03628011285538595,0.0019940179461615153,0.008818855374099821,0.027331934490557812,0.0019940179461615153
930,0.01711389689608093,0.03547930668553237,0.0019940179461615153,0.008818855374099821,0.026616070480840675,0.0019940179461615153
931,0.016170165420593928,0.034874826147426985,0.0019940179461615153,0.008818855374099821,0.02593674846784412,0.0019940179461615153
932,0.015581670373560823,0.034545705035475646,0.0019940179461615153,0.008818855374099821,0.02529124010287962,0.0019940179461615153
933,0.015114040811179588,0.034269509361760285,0.0019940179461615153,0.008818855374099821,0.024677082051912904,0.0019940179461615153
934,0.014731481149096793,0.03404385309890707,0.0019940179461615153,0.008818855374099824,0.024092044581091467,0.0019940179461615153
935,0.0356958282130123,0.03227259564336047,0.0019940179461615153,0.05496852992017199,0.025811266373298336,0.0019940179461615153
936,0.03613217794964482,0.03249846094028448,0.0019940179461615153,0.05496852992017199,0.026483246640086604,0.0019940179461615153
937,0.037410278855752994,0.03312964492155244,0.0019940179461615153,0.05496852992017198,0.0279379404473413,0.0019940179461615153
938,0.015321216238714934,0.0307225778785187,0.0019940179461615153,0.018983634591899615,0.01880777813197322,0.0019940179461615153
939,0.014107293137758319,0.03015906425714887,0.0019940179461615153,0.018983634591899615,0.01915438087235505,0.0019940179461615153
940,0.012939140907821374,0.029635976834889492,0.0019940179461615153,0.018983634591899615,0.019513998326815697,0.0019940179461615153
941,0.011810789435292844,0.029147656272703496,0.0019940179461615153,0.018983634591899615,0.019887377562755285,0.0019940179461615153
942,0.01072223872017273,0.02869157274443618,0.0019940179461615153,0.018983634591899615,0.020275323940245407,0.0019940179461615153
943,0.009673488762461038,0.028265464280681978,0.0019940179461615153,0.018983634591899615,0.020678706910770246,0.0019940179461615153
944,0.00887473289389012,0.027945724554902344,0.0019940179461615153,0.018983634591899615,0.021098466522223858,0.0019940179461615153
945,0.012657703600224323,0.03300644991443991,0.0019940179461615153,0.008857376639210782,0.027635421832809832,0.0019940179461615153
946,0.011966551524533103,0.03275636838667537,0.0019940179461615153,0.008857376639210773,0.026901619997854308,0.0019940179461615153
947,0.011605441528215323,0.032573395687191475,0.0019940179461615153,0.008857376639210776,0.02620577938025814,0.0019940179461615153
948,0.03480776615262655,0.034512421719083336,0.0019940179461615153,0.023949939934023595,0.030665280665280667,0.0019940179461615153
949,0.033119090873196595,0.03353393513874958,0.0019940179461615153,0.0239499399340236,0.02976261127596439,0.0019940179461615153
950,0.008300451705167062,0.03666069666288973,0.0019940179461615153,0.01207551663041484,0.03206419232121735,0.0019940179461615153
951,0.006890490554444116,0.0357448325017819,0.0019940179461615153,0.01207551663041484,0.031082463045027736,0.0019940179461615153
952,0.0062401137043273484,0.035380436699707224,0.0019940179461615153,0.012075516630414833,0.03015906425714887,0.0019940179461615153
953,0.006167994516480952,0.035344280780886604,0.0019940179461615153,0.012075516630414833,0.029288947291575412,0.0019940179461615153
954,0.0250541503620956,0.038809781767528244,0.0019940179461615153,0.028303956149760053,0.03175558018046541,0.0019940179461615153
955,0.027250443417863035,0.038874462230146116,0.0019940179461615153,0.02296218076034316,0.027803958529688973,0.0019940179461615153
956,0.060407064219577714,0.038192064580001524,0.0019940179461615153,0.02862835313089342,0.029272706047163203,0.0019940179461615153
957,0.040520275076920166,0.03836150845253576,0.0019940179461615153,0.053050946011883586,0.031107527215209502,0.0019940179461615153
958,0.019923518784033825,0.03069061534224779,0.0019940179461615153,0.031605214179049476,0.02576419213973799,0.0019940179461615153
959,0.01870959568307723,0.030128262893875223,0.0019940179461615153,0.03160521417904946,0.02514162530706372,0.0019940179461615153
960,0.0175414434531403,0.029606234134246415,0.0019940179461615153,0.03160521417904947,0.02454843604679622,0.0019940179461615153
961,0.01641309198061179,0.029118885179271303,0.0019940179461615153,0.03160521417904948,0.023982592893692315,0.0019940179461615153
962,0.015324541265491683,0.028663694558756288,0.0019940179461615153,0.0316052141790495,0.02344224746412378,0.0019940179461615153
963,0.014275791307779987,0.02823840761282694,0.0019940179461615153,0.0316052141790495,0.022925714285714285,0.0019940179461615153
964,0.01348314807531989,0.027919276270006958,0.0019940179461615153,0.0316052141790495,0.022431453236122913,0.0019940179461615153
965,0.021808822111656953,0.031387889219214524,0.0019940179461615153,0.0374099306490756,0.026657098814649446,0.0019940179461615153
966,0.022409192929657446,0.031645369932165955,0.0019940179461615153,0.03740993064907561,0.027374454148471616,0.0019940179461615153
967,0.023709296181213195,0.03229649665121072,0.0019940179461615153,0.03740993064907561,0.028131485948280698,0.0019940179461615153
968,0.025266469598537053,0.03312855066719514,0.0019940179461615153,0.03740993064907561,0.028931579554632512,0.0019940179461615153
969,0.007915281564185462,0.03324714929726863,0.0019940179461615153,0.027758078771953312,0.026058716549753183,0.0019940179461615153
970,0.0069818116573959884,0.032741398446170925,0.0019940179461615153,0.027758078771953312,0.026746666666666665,0.0019940179461615153
971,0.006395034776746235,0.03242806336889751,0.0019940179461615153,0.02775807877195331,0.02747192549986305,0.0019940179461615153
972,0.04234997235111382,0.030259148640902647,0.0019940179461615153,0.03964363541963066,0.0258705184420944,0.0019940179461615153
973,0.04184676413869781,0.03003083924668403,0.0019940179461615153,0.03964363541963062,0.02522508928122328,0.0019940179461615153
974,0.007682495065891809,0.032308980801443114,0.0019940179461615153,0.03371299089279876,0.027399131313683177,0.0019940179461615153
975,0.008916860278083975,0.032968477796404036,0.0019940179461615153,0.03371299089279875,0.02815201526888964,0.0019940179461615153
976,0.010200633708292316,0.03368484685652875,0.0019940179461615153,0.033712990892798736,0.02894744437068891,0.0019940179461615153
977,0.011528420142734828,0.03445906482976604,0.0019940179461615153,0.03371299089279873,0.02978912978912979,0.0019940179461615153
978,0.012894871689657935,0.03528956442192668,0.0019940179461615153,0.033712990892798715,0.030681227249089962,0.0019940179461615153
979,0.0067661214903687456,0.032736055354287016,0.0019940179461615153,0.01319997331453979,0.02784332232184993,0.0019940179461615153
980,0.007107034399306717,0.03290142693127768,0.0019940179461615153,0.013199973314539797,0.027097122788058894,0.0019940179461615153
981,0.0077913699721782895,0.03314935386852629,0.0019940179461615153,0.013199973314539802,0.02638987554924093,0.0019940179461615153
982,0.0050399005833481995,0.03268378519290928,0.0019940179461615153,0.011786648418967042,0.02822092794237641,0.0019940179461615153
983,0.005305325838557699,0.0327970701719966,0.0019940179461615153,0.011786648418967035,0.02745613314719006,0.0019940179461615153
984,0.005963292142864996,0.03302601251234771,0.0019940179461615153,0.01178664841896703,0.026731696916393485,0.0019940179461615153
985,0.007077907696158466,0.03307938392533228,0.0019940179461615153,0.01909198741575866,0.028518623827125392,0.0019940179461615153
986,0.005548949395897313,0.03231106243154436,0.0019940179461615153,0.01909198741575866,0.027745504840940526,0.0019940179461615153
987,0.004390700394893427,0.03167735211445536,0.0019940179461615153,0.01909198741575866,0.02701319687584164,0.0019940179461615153
988,0.0037425170528199883,0.03139280125195618,0.0019940179461615153,0.01909198741575866,0.02631855156127001,0.0019940179461615153
989,0.003763712165031599,0.03130364220842046,0.0019940179461615153,0.01909198741575866,0.025658736249680226,0.0019940179461615153
990,0.004523642310599384,0.03186048727804072,0.0019940179461615153,0.01909198741575866,0.025031195408035938,0.0019940179461615153
991,0.005680540440848921,0.03246269864388128,0.0019940179461615153,0.01909198741575866,0.02443361753958587,0.0019940179461615153
992,0.020267585205788963,0.034291770658825944,0.0019940179461615153,0.03462990934050809,0.028411183185564966,0.0019940179461615153
993,0.020591229725484862,0.0344922452629045,0.0019940179461615153,0.034629909340508094,0.02763846789749242,0.0019940179461615153
994,0.021040370592485105,0.03475759780989015,0.0019940179461615153,0.034629909340508094,0.026906671674222712,0.0019940179461615153
995,0.02156959922789947,0.03507606224864487,0.0019940179461615153,0.034629909340508094,0.02621262805770437,0.0019940179461615153
996,0.022365764825084365,0.03549562940156421,0.0019940179461615153,0.03462990934050809,0.025553489083080687,0.0019940179461615153
997,0.023511893632218617,0.036291927488511774,0.0019940179461615153,0.03462990934050809,0.024926686217008796,0.0019940179461615153
998,0.03851703414914894,0.033815447894541655,0.0019940179461615153,0.05496852992017198,0.028726908205642273,0.0019940179461615153
999,0.005028546140746609,0.026639398687949855,0.0019940179461615153,0.008990493589092997,0.02455083957507221,0.0019940179461615153
1000,0.0031539304668103518,0.025989169020288652,0.0019940179461615153,0.008990493589092999,0.02396998374916356,0.0019940179461615153
1001,0.0020322979817175013,0.02537506008551117,0.0019940179461615153,0.008990493589092999,0.023415977961432508,0.0019940179461615153
1002,0.025188946423535256,0.03417842295372453,0.0019940179461615153,0.03654973204140075,0.027860337212855198,0.0019940179461615153
1003,0.03664812920109417,0.03277028130819747,0.0019940179461615153,0.05496852992017199,0.027191151354135603,0.0019940179461615153
