,Unnamed: 0,Nodo,Conections,DiBC,DiCC,DiDC,BC,CC,DC,state RW,state_RW_UL,state_RWM,state_RWM_UL,MaxOcupation,mean_state_RW,mean_state_RW_lim,mean_state_RWM,mean_state_RWM_lim
0,0,0,"(0, 3)",0.0225918585954505,0.0202539298669891,0.0024875621890547,0.0039381542797707,0.02210086497581,0.0024875621890547,15,7,0,7,7,18.71122,5.014629380231852,29.16267123287671,4.026649346559597
1,1,1,"(3, 300)",0.0196965839314263,0.0198574086575667,0.0016583747927031,0.0050350584923338,0.0225365798964737,0.0016583747927031,9,1,0,1,14,9.37494,2.5098629485859147,0.8588062622309197,0.824515824279641
2,2,2,"(300, 301)",0.0196965839314263,0.0194761151125609,0.0016583747927031,0.0065029610266883,0.0229950806543873,0.0016583747927031,7,3,2,2,17,9.3273,2.5226174443476195,0.861252446183953,0.8281766650921115
3,3,3,"(301, 302)",0.0196965839314263,0.019109188572515,0.0016583747927031,0.0079824240160292,0.0234762803916606,0.0016583747927031,12,2,1,0,18,9.37104,2.5176001478782117,0.8617906066536204,0.8369941741458038
4,4,4,"(302, 303)",0.0196965839314263,0.018755832037325,0.0016583747927031,0.0094728969625002,0.0239818644607063,0.0016583747927031,13,4,1,2,30,9.38376,2.5095724735271596,0.8492172211350294,0.8469138718312077
5,5,5,"(303, 304)",0.0196965839314263,0.0184153063873322,0.0016583747927031,0.0109743798661012,0.0245136898591377,0.0016583747927031,6,3,0,0,30,9.38182,2.5163590271726215,0.861399217221135,1.1262793260903794
6,6,6,"(304, 6)",0.0196965839314263,0.0180869252227121,0.0016583747927031,0.0124875608491527,0.0250738076427294,0.0016583747927031,6,2,1,3,39,9.37626,2.5230399535239907,0.8610567514677103,9.133049913399464
7,7,7,"(6, 7)",0.0604194498756955,0.023255365510326,0.0033167495854063,0.022142925329394,0.0256666737608274,0.0033167495854063,23,16,9073,33,33,20.94506,14.396366421083208,7447.887915851272,31.718784443394743
8,8,8,"(7, 406)",0.050341554429001,0.0227401289738658,0.0016583747927031,0.0193048156045082,0.0260205402606369,0.0016583747927031,11,5,1,3,30,10.46532,7.239589109825979,1.0067514677103717,1.0180680207841284
9,9,9,"(406, 407)",0.050341554429001,0.0222472283200206,0.0016583747927031,0.020213306665556,0.0263975835047935,0.0016583747927031,13,3,1,1,36,10.47346,7.217565819007632,0.9845890410958904,1.0149976381672177
10,10,10,"(407, 408)",0.050341554429001,0.0217752419471327,0.0016583747927031,0.0211495978683569,0.026797617989512,0.0016583747927031,7,11,0,1,50,10.45132,7.2085346853626975,1.0037671232876713,1.007361045504645
11,11,11,"(408, 409)",0.050341554429001,0.0213228663873123,0.0016583747927031,0.0221135668800541,0.0272222473026048,0.0016583747927031,12,7,0,0,54,10.47378,7.253188623940426,0.9870841487279843,1.007164226106125
12,12,12,"(409, 410)",0.050341554429001,0.0208889042851699,0.0016583747927031,0.0231078187351471,0.0276745146633622,0.0016583747927031,15,6,0,2,52,10.49228,7.194010932424939,0.986399217221135,1.0109825224374114
13,13,13,"(420, 419)",0.0634711183593326,0.0245022348638764,0.0016583747927031,0.050558937677827,0.02834312573443,0.0016583747927031,11,5,0,2,48,7.25562,5.505585043175157,0.5470156555772994,0.8011730436151787
14,14,14,"(419, 418)",0.0634711183593326,0.0239309455303105,0.0016583747927031,0.0495651672601183,0.0278689282248001,0.0016583747927031,5,4,0,3,46,7.2584,5.52758192716998,0.5809686888454012,0.8042040623523854
15,15,15,"(418, 417)",0.0634711183593326,0.0233856893542757,0.0016583747927031,0.0486017987418892,0.0274240494815353,0.0016583747927031,4,2,0,1,46,7.23592,5.519052523171988,0.5488747553816047,0.7810187372067391
16,16,16,"(417, 416)",0.0634711183593326,0.0228647265143615,0.0016583747927031,0.0476661271470653,0.0270052398226521,0.0016583747927031,7,9,0,0,32,7.22378,5.501386358234968,0.5374755381604697,0.8017635018107385
17,17,17,"(416, 5)",0.0634711183593326,0.0223664688427299,0.0024875621890547,0.047291414232993,0.0266107678729037,0.0024875621890547,14,4,0,2,30,7.2611,5.570466608571655,0.5426125244618395,0.8746260431428121
18,18,18,"(5, 4)",0.0366563907066788,0.0239413971770591,0.0033167495854063,0.0332807457353843,0.0260357073465598,0.0033167495854063,4,14,2,0,20,8.87152,11.215981409596239,0.7581213307240704,8.97894032435837
19,19,19,"(4, 305)",0.0251579240725831,0.0237616739567324,0.0024875621890547,0.0303066437723605,0.0255578867060843,0.0024875621890547,6,26,0,26,26,11.50396,24.9219150228419,1.3357632093933465,25.150921114785074
20,20,20,"(305, 306)",0.025157924072583,0.0232177579269583,0.0016583747927031,0.0265571541665304,0.0249761835728782,0.0016583747927031,13,27,4,24,28,11.48486,27.55797618104518,1.3126223091976517,27.23665564478035
21,21,21,"(306, 307)",0.025157924072583,0.0226981856508318,0.0016583747927031,0.0250556712629294,0.0244243271158636,0.0016583747927031,15,15,2,15,15,11.50324,14.626105785735033,1.2788649706457926,14.258541961895764
22,22,22,"(307, 308)",0.025157924072583,0.0222013585906003,0.0016583747927031,0.0235651983164585,0.0239001189060642,0.0016583747927031,11,18,0,17,18,11.48886,16.98365417623914,1.2790606653620353,17.24259959061565
23,23,23,"(308, 309)",0.0251579240725831,0.0217258151684381,0.0016583747927031,0.0220857353271175,0.0234015717473561,0.0016583747927031,15,16,2,16,16,11.50972,15.229897805592966,1.3234833659491194,15.259250511730436
24,24,24,"(309, 2)",0.0251579240725831,0.021270216405933,0.0024875621890547,0.0207182474230881,0.022926884909319,0.0024875621890547,12,15,0,12,15,11.48722,14.092239034566532,1.2832681017612524,14.262360258227051
25,25,25,"(2, 1)",0.0103240712068977,0.0210302375056673,0.0024875621890547,0.0085008434785195,0.0224359570628616,0.0024875621890547,6,8,1,7,8,10.45018,7.816208508278539,1.061986301369863,7.23952920799874
26,26,26,"(3, 2)",0.002065399145352,0.019852832238629,0.0024875621890547,0.0009226755935661,0.0221736012796705,0.0024875621890547,11,6,0,3,6,9.36352,3.850801447093929,0.8769569471624267,3.44713430955755
27,27,27,"(2, 320)",0.0168992520110374,0.021039776692254,0.0024875621890547,0.010886572896046,0.0225779275484414,0.0024875621890547,6,7,3,18,18,10.39002,11.620560352795163,1.0385029354207436,17.25255865218076
28,28,28,"(320, 321)",0.0168992520110374,0.0206164418688137,0.0016583747927031,0.0095743768628982,0.0223639802692578,0.0016583747927031,17,16,1,20,20,10.41844,15.545380126224616,1.0221135029354207,19.342150842387024
29,29,29,"(321, 322)",0.0168992520110374,0.0202098066159466,0.0016583747927031,0.0090626840882138,0.0222123991601281,0.0016583747927031,12,16,0,18,18,10.41668,15.869074968971983,1.0570939334637965,17.366950086600536
30,30,30,"(322, 323)",0.0168992520110374,0.019818901907939,0.0016583747927031,0.0087536107331928,0.0221207285533483,0.0016583747927031,14,13,1,11,14,10.4084,12.689693416778896,1.033023483365949,13.370374744134782
31,31,31,"(323, 324)",0.0168992520110374,0.0194428322692977,0.0016583747927031,0.0085797356736603,0.0220741662700882,0.0016583747927031,13,16,2,19,20,10.3949,17.884919063085903,1.04926614481409,19.369744922059517
32,32,32,"(335, 334)",0.0114379118698806,0.0178270509977827,0.0016583747927031,0.0070318480690158,0.0213769143505388,0.0016583747927031,5,18,4,17,18,8.29188,14.933692466133248,0.6926125244618395,17.3112895606991
33,33,33,"(334, 333)",0.0114379118698806,0.0175221933252938,0.0016583747927031,0.0071747781078502,0.0214027117200255,0.0016583747927031,11,15,2,15,15,8.27156,13.34336792627215,0.701027397260274,14.325421193512833
34,34,34,"(333, 332)",0.0114379118698806,0.0172275869950288,0.0016583747927031,0.0074491114683089,0.0214866020524515,0.0016583747927031,6,18,0,18,18,8.2721,16.637328685732392,0.7165362035225049,17.30782553928515
35,35,35,"(332, 331)",0.0114379118698806,0.0169427234795802,0.0016583747927031,0.0079478708048063,0.0216268560361523,0.0016583747927031,8,18,0,18,18,8.26682,17.322506535688824,0.6993150684931507,17.317823964729964
36,36,36,"(331, 1)",0.0114379118698806,0.016667127339064,0.0016583747927031,0.0086512465236745,0.0218244991766047,0.0016583747927031,7,18,0,15,18,8.27618,17.720061263830573,0.6940802348336594,17.31778460085026
37,37,37,"(1, 0)",0.0225918585954505,0.0206715688795186,0.0024875621890547,0.0097594065950813,0.022052773053925,0.0024875621890547,17,6,0,5,6,18.69584,5.7921518920489055,122.58101761252446,5.316131317902692
38,38,38,"(7, 5)",0.0092480199280224,0.0227281293581093,0.0024875621890547,0.0059055528166263,0.0257576728391106,0.0024875621890547,6,9,0,0,16,10.49096,7.275634423935145,1.0182974559686888,1.0686506062037475
39,39,39,"(5, 310)",0.0360627475806765,0.0239480529796064,0.0024875621890547,0.0187376969660961,0.0262727926279328,0.0024875621890547,7,7,2,0,38,8.84086,6.4359238427209595,0.7469667318982387,0.9581168319949614
40,40,40,"(310, 311)",0.0360627475806764,0.0233956700550942,0.0016583747927031,0.0173614389846394,0.0260717296841559,0.0016583747927031,4,9,0,0,32,8.85784,6.433494414956825,0.7490215264187867,0.9481971343095575
41,41,41,"(311, 312)",0.0360627475806764,0.0228681950054041,0.0016583747927031,0.0172718121186885,0.0260261556390003,0.0016583747927031,10,6,0,2,34,8.85432,6.409120916844913,0.7457436399217221,0.9620532199653598
42,42,42,"(312, 313)",0.0360627475806764,0.0223639802692578,0.0016583747927031,0.0175960815241841,0.0261724429783632,0.0016583747927031,12,7,0,1,34,8.86722,6.439013441073174,0.7496086105675147,0.9559518186112423
43,43,43,"(313, 314)",0.0360627475806764,0.0218815204572258,0.0016583747927031,0.0181299637690258,0.0263993170325941,0.0016583747927031,5,10,0,0,28,8.85388,6.435976656368005,0.7513698630136987,0.97114627617698
44,44,44,"(314, 11)",0.0360627475806764,0.0214194373401534,0.0024875621890547,0.0230557350068111,0.026735241304396,0.0024875621890547,8,9,1,0,28,8.86072,6.427605693311151,0.7539628180039138,0.9492993229412691
45,45,45,"(10, 315)",0.0283945237915014,0.0233829688227082,0.0016583747927031,0.0123158953637793,0.0256721374289545,0.0016583747927031,20,24,1,23,26,14.18004,13.289207531226069,2.8180039138943247,24.91284837033538
46,46,46,"(315, 316)",0.0283945237915014,0.0228560598881834,0.0016583747927031,0.0116598411905538,0.0254151563685408,0.0016583747927031,8,18,2,32,32,14.2196,13.297182391930075,2.543248532289628,30.919304046606833
47,47,47,"(316, 317)",0.0283945237915014,0.0223523742447269,0.0016583747927031,0.0112498857708469,0.0252443849036066,0.0016583747927031,14,11,2,32,34,14.18398,13.359528902268346,2.8908512720156554,32.896000629822076
48,48,48,"(317, 318)",0.0283945237915014,0.0218704096621511,0.0016583747927031,0.011085668186256,0.0252095570559585,0.0016583747927031,10,13,0,35,36,14.16546,13.604372969975442,2.897945205479452,34.93024720516454
49,49,49,"(318, 319)",0.0283945237915014,0.0214087907406092,0.0016583747927031,0.0111451795272239,0.0252232656390521,0.0016583747927031,12,16,5,34,34,14.1721,15.344318571918985,2.7613502935420744,32.915367658636434
50,50,50,"(319, 4)",0.0283945237915014,0.0209662558022287,0.0024875621890547,0.0118972128220894,0.025375049971595,0.0024875621890547,22,32,3,34,34,14.18316,23.641052047849165,2.436301369863014,32.9150133837191
51,51,51,"(4, 6)",0.0398929904255971,0.0237551213362748,0.0024875621890547,0.0085546985156148,0.0256235924021586,0.0024875621890547,9,14,0,14,14,11.51646,11.875808708970398,1.274119373776908,12.561014013541175
52,52,52,"(324, 325)",0.0168992520110374,0.0190807689265089,0.0016583747927031,0.0085503476684056,0.0220620518074052,0.0016583747927031,14,15,1,16,18,10.41236,16.989173202355488,1.066536203522505,17.37635805384979
53,53,53,"(325, 326)",0.0168992520110373,0.0187319437109751,0.0016583747927031,0.0086300997434345,0.0220858895705521,0.0016583747927031,10,13,1,14,14,10.40598,13.083577596450922,1.0474559686888454,13.379664619744922
54,54,54,"(326, 327)",0.0168992520110373,0.0183956436187251,0.0016583747927031,0.0088895288502199,0.0221646358273143,0.0016583747927031,12,15,2,13,15,10.4192,13.498640048588555,1.066536203522505,14.394189891355692
55,55,55,"(327, 328)",0.0168992520110373,0.0180712059458163,0.0016583747927031,0.0093330564535914,0.022296997485579,0.0016583747927031,13,18,1,17,18,10.41506,16.542924291636957,1.0481409001956947,17.4051330499134
56,56,56,"(328, 329)",0.0168992520110373,0.0177580139295863,0.0016583747927031,0.0098830518715705,0.0224656309377444,0.0016583747927031,15,19,1,19,19,10.42304,18.030684728933956,1.0431506849315069,18.406825696740672
57,57,57,"(329, 330)",0.0168992520110373,0.017455492835432,0.0016583747927031,0.0105389394843748,0.0226623571858087,0.0016583747927031,18,14,2,15,15,10.39954,14.224167524888431,1.0431996086105675,14.392418516769013
58,58,58,"(330, 12)",0.0168992520110373,0.0171631064368764,0.0024875621890547,0.0120644602414644,0.0229495718363463,0.0024875621890547,15,13,0,9,13,10.40794,11.796192136047955,1.0478473581213308,12.394937805070068
59,59,59,"(12, 13)",0.0035937188194573,0.0203009796990203,0.0033167495854063,0.0032271308911302,0.0227152866721916,0.0033167495854063,9,8,1,8,8,9.40756,7.3492830547413455,0.8658512720156556,7.3359707132735
60,60,60,"(13, 342)",0.0097543688829996,0.0211234301928432,0.0024875621890547,0.0050314492133954,0.0227448465760141,0.0024875621890547,20,10,0,14,14,8.5736,12.475718925770419,0.7358610567514677,13.356833569516612
61,61,61,"(342, 343)",0.0097543688829996,0.0206910750437497,0.0016583747927031,0.0039469021564655,0.0225568128682315,0.0016583747927031,8,11,3,12,12,8.55916,10.766299611819694,0.7348825831702545,11.335931349393796
62,62,62,"(343, 344)",0.0097543688829996,0.0202760638208443,0.0016583747927031,0.0035739733815556,0.022444307967171,0.0016583747927031,8,12,0,14,14,8.57394,12.203411761599197,0.7263698630136987,13.3241221854826
63,63,63,"(344, 17)",0.0097543688829995,0.0198773734177215,0.0024875621890547,0.0041847234640423,0.0224535011450168,0.0024875621890547,12,14,0,14,14,8.57306,12.641870659378384,0.735078277886497,13.347583057786176
64,64,64,"(17, 18)",0.0014173082204295,0.0202569916855631,0.0024875621890547,0.0008099860075711,0.022079015781187,0.0024875621890547,8,10,0,10,10,8.30884,9.783622488050913,0.7038649706457926,9.371358841127382
65,65,65,"(19, 16)",0.0132040351492881,0.0201530697503425,0.0024875621890547,0.0028876697183914,0.0219268740568353,0.0024875621890547,17,5,4,4,7,16.01276,6.40059151284692,5.022407045009785,4.514958274287514
66,66,66,"(16, 345)",0.0037244620603758,0.0197591545834357,0.0016583747927031,0.0023064502128266,0.0218414952187771,0.0016583747927031,9,3,2,15,15,8.04112,3.2174073780664925,0.6662426614481409,10.55207841284837
67,67,67,"(345, 346)",0.0037244620603758,0.0193803432538407,0.0016583747927031,0.0026473981200097,0.0219404369894664,0.0016583747927031,9,2,2,15,15,8.03098,3.4205022577834114,0.6656066536203522,13.953078255392851
68,68,68,"(346, 347)",0.0037244620603758,0.0190157834155878,0.0016583747927031,0.0030485239625178,0.0220584200610904,0.0016583747927031,6,1,1,11,13,8.03448,4.568274842219229,0.6600782778864971,12.238427019367029
69,69,69,"(347, 14)",0.0037244620603758,0.0186646856718358,0.0016583747927031,0.0035173829881027,0.0221944127498251,0.0016583747927031,6,10,0,13,13,8.02572,9.203728643481476,0.6629158512720157,12.314478034955124
70,70,70,"(14, 15)",0.0235025311432693,0.020709551121338,0.0033167495854063,0.015047346074416,0.022517223995967,0.0033167495854063,18,7,10,7,7,16.56454,6.475824553064512,12.179011741682974,6.389466225791214
71,71,71,"(15, 341)",0.0114379118698806,0.0202992711787379,0.0016583747927031,0.0098679531901156,0.0221895124195032,0.0016583747927031,7,1,1,9,13,8.2798,3.8003908209881434,0.6864481409001957,9.056290347976697
72,72,72,"(341, 340)",0.0114379118698806,0.0199049316696375,0.0016583747927031,0.0089836319149833,0.0219228881496428,0.0016583747927031,8,3,2,14,14,8.28054,4.880007393910587,0.6921722113502935,13.005943945835302
73,73,73,"(340, 339)",0.0114379118698806,0.0195256213065652,0.0016583747927031,0.0083361540903208,0.0217403060948569,0.0016583747927031,5,3,0,11,14,8.2716,5.973751617417941,0.6954500978473581,13.248071169894505
74,74,74,"(339, 338)",0.0114379118698806,0.0191604969654602,0.0016583747927031,0.0077886768227098,0.0215831200672906,0.0016583747927031,11,11,4,18,19,8.28572,9.212126013361853,0.7017123287671233,18.236143914344197
75,75,75,"(338, 337)",0.0114379118698806,0.018808777429467,0.0016583747927031,0.0073464713972258,0.0214598384284138,0.0016583747927031,8,15,0,15,15,8.29152,8.964430008714253,0.6817514677103719,14.258581325775468
76,76,76,"(337, 336)",0.0114379118698806,0.0184697378093604,0.0016583747927031,0.0070876724978781,0.0213867707040255,0.0016583747927031,8,16,0,16,16,8.27184,10.45541207848108,0.702641878669276,15.270075578649031
77,77,77,"(336, 335)",0.0114379118698806,0.0181427045567373,0.0016583747927031,0.0070071164991056,0.0213651744113947,0.0016583747927031,5,18,1,18,19,8.25574,13.908341915550979,0.6945205479452055,18.287198866320264
78,78,78,"(15, 12)",0.0112347437547165,0.0202903915069737,0.0024875621890547,0.0095762978798819,0.0228582259287338,0.0024875621890547,16,4,1,8,9,8.27438,4.467796878713459,0.6915362035225049,6.690993544323729
79,79,79,"(12, 367)",0.0245402769462966,0.0203057650862068,0.0024875621890547,0.0212427002025165,0.0233499196499448,0.0024875621890547,10,5,0,18,18,9.33454,8.322849824394623,0.8477495107632094,17.43327822390175
80,80,80,"(367, 366)",0.0245402769462966,0.0199072316402832,0.0016583747927031,0.0225176493893096,0.023842473607212,0.0016583747927031,8,9,0,15,15,9.33718,8.574876548100029,0.8522504892367906,14.460911667453944
81,81,81,"(366, 365)",0.0245402769462966,0.0195240407965031,0.0016583747927031,0.0239971123786505,0.0243601914880723,0.0016583747927031,7,7,1,14,14,9.32136,8.632549050674694,0.8484344422700587,13.466816249409542
82,82,82,"(365, 364)",0.0245402769462966,0.0191553233056433,0.0016583747927031,0.0254875853251215,0.0249050057822567,0.0016583747927031,13,7,0,14,14,9.34418,8.851329583564393,0.8695205479452055,13.468823807274445
83,83,83,"(364, 363)",0.0245402769462966,0.0188002743655297,0.0016583747927031,0.0269890682287224,0.0254790526693849,0.0016583747927031,5,13,1,14,14,9.3331,9.29102960204917,0.8538160469667319,13.478900960478665
84,84,84,"(363, 24)",0.0245402769462966,0.0184581477570136,0.0024875621890547,0.0296679602928983,0.0260846995717437,0.0024875621890547,15,11,0,13,13,9.30266,9.345005149330587,0.865362035225049,12.480790426704456
85,85,85,"(24, 25)",0.0285701506299759,0.0233160621761658,0.0033167495854063,0.0343386243961757,0.0266383937446159,0.0033167495854063,8,8,1,8,9,8.51466,7.070136523277615,0.7389432485322897,8.269603212092584
86,86,86,"(25, 382)",0.047046578999883,0.0237738527046207,0.0024875621890547,0.0457780427571523,0.0272265492719268,0.0024875621890547,6,14,0,14,14,7.091,8.833320129921571,0.5413405088062623,13.159069437883797
87,87,87,"(382, 383)",0.047046578999883,0.0232275957704974,0.0016583747927031,0.045625623850936,0.0277043945693873,0.0016583747927031,4,14,1,13,14,7.0925,11.289735667696533,0.5550880626223093,13.163163281373013
88,88,88,"(386, 385)",0.0314634756140917,0.0244629708513357,0.0016583747927031,0.0266683976754134,0.0272013713460844,0.0016583747927031,6,14,0,16,16,7.67622,13.71507037418469,0.6350293542074364,15.356243111321051
89,89,89,"(385, 26)",0.0314634756140917,0.0238849718767329,0.0024875621890547,0.0257101071104169,0.0267003188097768,0.0024875621890547,13,10,0,11,14,7.6596,11.919459188254246,0.6161448140900195,13.356361202960164
90,90,90,"(26, 27)",0.0428375697527864,0.0242763396271991,0.0033167495854063,0.0293305374153959,0.0263704545951501,0.0033167495854063,7,9,0,9,9,7.39226,7.219282262536639,0.5841976516634051,8.432372854668555
91,91,91,"(27, 362)",0.0251088436277635,0.0237761962029059,0.0024875621890547,0.0198294273928647,0.0257708827488941,0.0024875621890547,6,13,0,17,17,7.74976,10.866090997913862,0.6267123287671232,16.36679263108172
92,92,92,"(362, 361)",0.0251088436277635,0.0232316227461858,0.0016583747927031,0.017974139591122,0.0251795557040253,0.0016583747927031,6,14,1,14,14,7.71862,11.150439673611661,0.6282778864970646,13.362305148795466
93,93,93,"(361, 360)",0.0251088436277635,0.0227114366961074,0.0016583747927031,0.0164726566875211,0.0246187764100679,0.0016583747927031,10,11,0,13,13,7.74498,10.89373894214265,0.6182485322896282,12.359707132735002
94,94,94,"(360, 359)",0.0251088436277635,0.0222140357340209,0.0016583747927031,0.0149821837410501,0.0240862792091072,0.0016583747927031,13,11,0,13,14,7.75672,11.93931711954369,0.6180528375733855,13.371122657849158
95,95,95,"(359, 358)",0.0251088436277635,0.0217379549018547,0.0016583747927031,0.0135027207517091,0.023580017597028,0.0016583747927031,8,14,0,9,14,7.71898,12.411101428609152,0.6242172211350293,13.366517083923792
96,96,96,"(358, 13)",0.0251088436277635,0.0212818521917131,0.0024875621890547,0.0121185157031139,0.0230981383589979,0.0024875621890547,8,15,0,16,17,7.73136,15.664263645726056,0.6092465753424657,16.35750275547158
97,97,97,"(13, 14)",0.0189481935642213,0.0211197310123811,0.0024875621890547,0.0073018649567074,0.0226236704372784,0.0024875621890547,16,9,4,9,9,8.53804,8.63672132879136,0.7216242661448141,8.382774366241536
98,98,98,"(11, 9)",0.0184493392878852,0.0209764667002939,0.0024875621890547,0.0209094333937554,0.0266031367877704,0.0024875621890547,8,3,0,1,28,4.4079,3.216139850537379,0.2802348336594912,2.235002361832782
99,99,99,"(9, 374)",0.0400095615318259,0.0228046289993192,0.0024875621890547,0.0278746542239196,0.026769661050809,0.0024875621890547,11,3,1,30,36,5.68854,4.300087142517627,0.3875244618395303,33.8754526846166
100,100,100,"(374, 375)",0.0400095615318259,0.0223081334048574,0.0016583747927031,0.0272626494948371,0.0267370194652596,0.0016583747927031,3,5,0,38,38,5.6923,4.299506192400116,0.3843933463796477,36.36139977956228
101,101,101,"(375, 376)",0.0400095615318259,0.0218327962634418,0.0016583747927031,0.0272449001757439,0.0267310931820196,0.0016583747927031,6,4,0,36,36,5.68812,4.29483218463651,0.39075342465753427,34.433120768382935
102,102,102,"(376, 377)",0.0400095615318259,0.0213772932730656,0.0016583747927031,0.0273000476455671,0.0267530335632999,0.0016583747927031,7,4,0,32,32,5.69096,4.285933085109193,0.40489236790606653,30.638206581640688
103,103,103,"(377, 25)",0.0400095615318259,0.0209404083900541,0.0024875621890547,0.028486777722281,0.0268908312522297,0.0024875621890547,8,6,2,32,32,5.69624,4.567060128337162,0.40078277886497066,30.80306250984097
104,104,104,"(25, 26)",0.0215331331619187,0.023769167093697,0.0033167495854063,0.0172940993810378,0.0266060713025061,0.0033167495854063,6,8,0,15,16,7.10204,6.766167577702078,0.5398238747553816,15.335695166115572
105,105,105,"(26, 373)",0.0101590390232244,0.0242812273496013,0.0024875621890547,0.0085305405199266,0.0264857029911714,0.0024875621890547,2,7,1,27,28,7.39744,9.376033166970345,0.5895303326810176,27.260155880963627
106,106,106,"(373, 372)",0.0101590390232244,0.0237116847879514,0.0016583747927031,0.0063559515807531,0.0262310770836958,0.0016583747927031,6,11,0,22,24,7.40338,9.353428926034487,0.5838062622309198,23.278578176665093
107,107,107,"(372, 371)",0.0101590390232244,0.0231682483574749,0.0016583747927031,0.0059840066719444,0.026079058904939,0.0016583747927031,10,14,0,28,28,7.37814,9.317964562042832,0.5774951076320939,27.282947567312235
108,108,108,"(370, 369)",0.0054849247145029,0.0221353449699906,0.0016583747927031,0.0047150873194009,0.0255000634329936,0.0016583747927031,11,12,0,23,24,8.07768,8.031793815521931,0.6641389432485323,23.309242638954494
109,109,109,"(369, 368)",0.0054849247145029,0.0216610388677347,0.0016583747927031,0.0051121435486593,0.0256595744680851,0.0016583747927031,5,10,2,31,32,8.05658,8.059309725633103,0.6708414872798435,31.28971815462132
110,110,110,"(368, 27)",0.0054849247145029,0.0212066327876347,0.0024875621890547,0.0062420207526127,0.0258437801350048,0.0024875621890547,4,11,2,34,34,8.03868,8.597111093506562,0.6699119373776908,33.352621634388285
111,111,111,"(27, 24)",0.0232136508395256,0.0237696355716735,0.0033167495854063,0.0150806133007447,0.0262482044138771,0.0033167495854063,5,8,0,12,14,7.73352,8.733581557474452,0.6219667318982387,13.47716894977169
112,112,112,"(24, 378)",0.0191837771558463,0.0233277883090254,0.0024875621890547,0.0137590143762761,0.0259740259740259,0.0024875621890547,4,9,0,34,34,8.53514,9.013652327761493,0.7347847358121331,33.62875925051173
113,113,113,"(378, 379)",0.0191837771558463,0.0228085106382978,0.0016583747927031,0.0129829130545183,0.0258476574220926,0.0016583747927031,7,17,1,34,34,8.52266,9.01898650611318,0.7413405088062622,33.627617698000314
114,114,114,"(379, 380)",0.0191837771558463,0.0223118478502183,0.0016583747927031,0.0129246314954719,0.02582938896147,0.0016583747927031,7,9,1,36,36,8.51194,9.011460561409068,0.7370352250489237,35.64812627932609
115,115,115,"(380, 381)",0.0191837771558463,0.0218363540893371,0.0016583747927031,0.0129383718106639,0.0258360290494654,0.0016583747927031,10,4,0,37,38,8.52684,9.022313765877103,0.7284246575342466,37.64580381042356
116,116,116,"(381, 8)",0.0191837771558463,0.0213807041804063,0.0016583747927031,0.013058612772643,0.0258676161468834,0.0016583747927031,8,10,0,34,34,8.51904,9.04681929810663,0.7179060665362035,33.65155093686034
117,117,117,"(8, 10)",0.0283945237915014,0.0239347450731339,0.0024875621890547,0.0169360727062932,0.0260396424407306,0.0024875621890547,11,12,0,27,28,14.17564,13.313396181573319,3.6857142857142855,27.6600928987561
118,118,118,"(16, 17)",0.00864969757024,0.0197559177655827,0.0024875621890547,0.0029462246194599,0.0222731134340486,0.0024875621890547,8,3,0,15,16,8.0269,5.388365153555679,0.6629647749510763,11.65997480711699
119,119,119,"(17, 348)",0.0169867582328101,0.0202617563548999,0.0024875621890547,0.0084120721033488,0.0227568638550806,0.0024875621890547,11,13,1,29,30,8.30292,8.996012569647997,0.6982387475538161,29.115887261848528
120,120,120,"(348, 349)",0.0169867582328101,0.0198649316422335,0.0016583747927031,0.0097913995513306,0.0232244646433523,0.0016583747927031,7,9,0,28,28,8.2905,8.998732472470886,0.6931996086105675,27.142024877971973
121,121,121,"(349, 350)",0.0169867582328101,0.0194833519119856,0.0016583747927031,0.0112708625406716,0.0237154150197628,0.0016583747927031,7,10,2,23,30,8.28298,9.012648868467611,0.7156555772994129,29.140056683986774
122,122,122,"(350, 351)",0.0169867582328101,0.0191161552117676,0.0016583747927031,0.0127613354871425,0.0242314647377938,0.0016583747927031,11,13,0,29,30,8.29874,8.989806966120046,0.6927103718199609,29.130018894662257
123,123,123,"(351, 352)",0.0169867582328101,0.0187625433669897,0.0016583747927031,0.0142628183907434,0.0247745434376219,0.0016583747927031,13,11,0,31,32,8.30682,8.967176318360664,0.6875244618395303,31.150566839867736
124,124,124,"(352, 20)",0.0169867582328101,0.0184217761891668,0.0024875621890547,0.0164995567461084,0.0253467843631778,0.0024875621890547,16,5,0,28,28,8.32174,9.134357918086033,0.7153131115459883,27.207959376476147
125,125,125,"(355, 354)",0.0109568514101863,0.0215657522978434,0.0016583747927031,0.0064676690735438,0.0232854494902687,0.0016583747927031,7,32,0,32,32,7.752,31.796667458871372,0.624853228962818,31.316761139977956
126,126,126,"(354, 353)",0.0109568514101863,0.0211167726007249,0.0016583747927031,0.0049882060842028,0.0228119620935555,0.0016583747927031,9,32,0,31,32,7.758,31.819799836277696,0.6320939334637965,31.364627617698
127,127,127,"(353, 18)",0.0109568514101863,0.0206861063464837,0.0016583747927031,0.0035203035498483,0.0223606630325953,0.0016583747927031,8,28,2,28,28,7.78948,27.824421030394255,0.6357142857142857,27.37092583845064
128,128,128,"(18, 19)",0.0132040351492881,0.0205665171643445,0.0024875621890547,0.0024716042592871,0.0219316590590845,0.0024875621890547,14,16,2,14,16,16.07408,15.804853574163564,6.013307240704501,15.392261061250197
129,129,129,"(356, 355)",0.0109568514101863,0.0220342389417718,0.0016583747927031,0.0079581420200147,0.0237827604567236,0.0016583747927031,8,30,1,30,30,7.76134,29.775885288758616,0.6341487279843444,29.298181388757676
130,130,130,"(357, 356)",0.0109568514101863,0.0225235320484087,0.0016583747927031,0.0094596249236156,0.0243056955137248,0.0016583747927031,4,28,3,28,28,7.75378,27.728485040534473,0.6440802348336595,27.280507006770588
131,131,131,"(23, 357)",0.0109568514101863,0.023035049183459,0.0016583747927031,0.0109728059066671,0.0248562418846225,0.0016583747927031,2,25,0,26,26,7.78622,23.87237582191238,0.6274461839530333,22.61706817823965
132,132,132,"(371, 21)",0.0101590390232244,0.0226491633331455,0.0024875621890547,0.0070787820557998,0.0260914715936134,0.0024875621890547,10,15,0,32,32,7.36638,13.809263513691938,0.6000978473581213,31.276728074319006
133,133,133,"(21, 22)",0.0043058705639989,0.0232003385787387,0.0024875621890547,0.004224702974034,0.0256067265430919,0.0024875621890547,10,18,5,18,18,7.69106,17.40257202461116,0.6278864970645792,17.374586679263107
134,134,134,"(23, 20)",0.0106277051808729,0.0230288911378869,0.0024875621890547,0.0035263852654979,0.0254623764884722,0.0024875621890547,4,5,0,14,18,7.81876,6.915815046608044,0.6384540117416829,14.61907573610455
135,135,135,"(20, 370)",0.0054849247145029,0.0226308875961718,0.0024875621890547,0.0045818804225351,0.0253665103169762,0.0024875621890547,7,3,0,23,24,8.04992,8.049961710105892,0.6652152641878669,23.29822075263738
136,136,136,"(20, 21)",0.0221295386991801,0.0226266416510318,0.0033167495854063,0.0195297034332236,0.0258798283261802,0.0033167495854063,9,11,1,17,18,8.04632,11.477224114711241,0.6589041095890411,17.216934341048653
137,137,137,"(21, 388)",0.0279827071584054,0.0232048025860078,0.0024875621890547,0.0246851384934626,0.0264583927513657,0.0024875621890547,8,10,3,38,38,7.7237,12.632073727851276,0.6257827788649707,37.15623523854511
138,138,138,"(388, 389)",0.0279827071584054,0.0226840966801467,0.0016583747927031,0.0256055068012251,0.0269533345252994,0.0016583747927031,10,8,1,36,36,7.69068,12.625392801499908,0.6210861056751468,35.11824909463077
139,139,139,"(389, 390)",0.0279827071584054,0.0221862467346112,0.0016583747927031,0.0267742825628045,0.0274746554277252,0.0016583747927031,7,10,0,30,30,7.7188,12.764134252290791,0.6206947162426615,29.150921114785074
140,140,140,"(390, 32)",0.0279827071584054,0.0217097802019765,0.0024875621890547,0.0305847838231549,0.0280523830569188,0.0024875621890547,9,16,0,28,28,7.71072,14.711637487126673,0.6281800391389433,27.18536450952606
141,141,141,"(32, 33)",0.0238900013533072,0.0247623349690984,0.0033167495854063,0.0229934996533081,0.028238269176735,0.0033167495854063,6,10,1,16,16,7.7885,11.681929810663075,0.6507827788649706,15.0958510470792
142,142,142,"(33, 494)",0.0480221070764205,0.0254360618395798,0.0024875621890547,0.0433770541634565,0.0287780084472761,0.0024875621890547,9,11,0,34,34,7.63486,10.329979666745887,0.6090998043052838,32.717839710281844
143,143,143,"(494, 495)",0.0480221070764205,0.0248168573545147,0.0016583747927031,0.0441375334015475,0.0292512551844575,0.0016583747927031,11,5,0,45,46,7.64028,10.299189310517837,0.6234344422700587,44.5593213667139
144,144,144,"(495, 496)",0.0480221070764205,0.0242270837099981,0.0016583747927031,0.0450972084505271,0.0297550023438849,0.0016583747927031,9,15,1,43,44,7.63272,10.309989701338825,0.626027397260274,42.565462131947726
145,145,145,"(488, 487)",0.0511087277170758,0.0252539001151711,0.0016583747927031,0.0310625747693943,0.029166364361895,0.0016583747927031,12,12,0,40,40,7.96196,7.543795716813224,0.6469178082191781,39.08128641158873
146,146,146,"(487, 486)",0.0511087277170758,0.0246434263762311,0.0016583747927031,0.0301041514476837,0.0286821889789996,0.0016583747927031,1,7,0,43,44,7.97338,7.559454963162481,0.638307240704501,43.20406235238545
147,147,147,"(486, 34)",0.0511087277170758,0.0240617705153528,0.0024875621890547,0.0295960892716217,0.0282270333528379,0.0024875621890547,7,14,1,36,36,7.94266,11.321239008159708,0.65073385518591,35.204967721618644
148,148,148,"(34, 35)",0.0499329573169911,0.0256486601446193,0.0033167495854063,0.0274993733375936,0.0279341254951011,0.0033167495854063,8,12,0,14,16,7.7908,10.796086508753861,0.6527886497064579,15.263895449535505
149,149,149,"(35, 393)",0.0172786860270603,0.0251077384298294,0.0024875621890547,0.0164209281941026,0.0273345421577515,0.0024875621890547,8,4,1,31,32,7.87714,7.824421030394254,0.6415362035225048,31.294245000787278
150,150,150,"(393, 392)",0.0172786860270603,0.0244992483646853,0.0016583747927031,0.0148159407389512,0.0268107242897158,0.0016583747927031,6,6,4,32,32,7.87602,9.902506007552352,0.6428571428571429,31.329475673122342
151,151,151,"(392, 391)",0.0172786860270603,0.0239195541363374,0.0016583747927031,0.013646201606123,0.0263140668979511,0.0016583747927031,7,10,0,36,36,7.86332,16.964852517890623,0.646624266144814,35.3508108959219
152,152,152,"(391, 22)",0.0172786860270603,0.023366658916531,0.0016583747927031,0.0124931740153671,0.0258421187966058,0.0016583747927031,8,25,1,31,32,7.86732,28.013995616467295,0.6443248532289628,31.378404975594396
153,153,153,"(22, 23)",0.0224144321097313,0.0235703396786928,0.0033167495854063,0.0155532853052671,0.0254387445156935,0.0033167495854063,21,14,0,13,14,15.56466,13.655074071139982,7.283659491193737,13.373445126751692
154,154,154,"(11, 944)",0.0167835327741192,0.020984131403118,0.0016583747927031,0.0067446115413298,0.0267649082314299,0.0016583747927031,4,4,0,0,30,4.41894,3.223111251947503,0.2732876712328767,0.3243583687608251
155,155,155,"(944, 943)",0.0167835327741192,0.0205661664392905,0.0016583747927031,0.0073211539098714,0.0270239989244179,0.0016583747927031,4,1,0,0,28,4.41604,3.2257255274762997,0.27186888454011743,0.3195166115572351
156,156,156,"(943, 942)",0.0167835327741192,0.0201645264847512,0.0016583747927031,0.0082206608538448,0.0274252967662709,0.0016583747927031,3,5,0,0,38,4.41924,3.2165095460667037,0.28043052837573385,0.3229806329711856
157,157,157,"(942, 941)",0.0167835327741192,0.0197782734190501,0.0016583747927031,0.0091492983093913,0.027852193995381,0.0016583747927031,8,2,1,0,28,4.43516,3.235865747709208,0.2653620352250489,0.32002834199338687
158,158,158,"(941, 940)",0.0167835327741192,0.0194065396498455,0.0016583747927031,0.0101054606577627,0.0283058724123362,0.0016583747927031,6,4,0,0,34,4.43512,3.2121260133618526,0.2815068493150685,0.32471264367816094
159,159,159,"(940, 939)",0.0167835327741192,0.0190485216072782,0.0016583747927031,0.0110905241436003,0.0287890000238714,0.0016583747927031,1,3,0,0,36,4.42724,3.2162190710079486,0.2746086105675147,0.3240040938434892
160,160,160,"(958, 959)",0.0299410933609237,0.0250941551010216,0.0016583747927031,0.0205696223081261,0.0292540933899332,0.0016583747927031,8,3,0,30,30,6.9284,5.364466978267184,0.5236790606653621,27.988308927727918
161,161,161,"(959, 960)",0.0299410933609237,0.0244992483646853,0.0016583747927031,0.0195533639437535,0.0287396039368014,0.0016583747927031,6,7,2,38,38,6.93374,5.335234624627003,0.535371819960861,35.76212407494883
162,162,162,"(960, 961)",0.0299410933609237,0.023931895302919,0.0016583747927031,0.0185687592061297,0.0282581189371573,0.0016583747927031,9,4,1,28,28,6.93138,5.344212944624891,0.5287181996086106,26.283656117146904
163,163,163,"(961, 962)",0.0299410933609237,0.0233902249806051,0.0016583747927031,0.017613055605972,0.0278059577607673,0.0016583747927031,10,6,0,27,28,6.94902,5.3278935276875545,0.5295009784735812,26.301330499133993
164,164,164,"(962, 963)",0.0299410933609237,0.0228725320993039,0.0016583747927031,0.0166848768986393,0.0273804658765835,0.0016583747927031,9,6,1,38,40,6.9271,5.332963637804008,0.5222602739726028,37.927531097464964
165,165,165,"(963, 964)",0.0299410933609237,0.0223772590640887,0.0016583747927031,0.0158849035027606,0.0270221823885278,0.0016583747927031,13,4,0,29,30,6.9406,5.345665319918667,0.52793542074364,28.359707132735004
166,166,166,"(964, 9)",0.0299410933609237,0.0219029803309057,0.0024875621890547,0.0159500912012632,0.026792855238603,0.0024875621890547,7,5,2,32,32,6.95294,5.362829755208746,0.5249021526418787,30.383443552196503
167,167,167,"(9, 8)",0.008380871116983,0.0227994555353902,0.0024875621890547,0.0083189656560275,0.026329578202777,0.0024875621890547,6,3,0,18,18,5.66702,4.298397105812142,0.39168297455968687,17.407101243898598
168,168,168,"(383, 384)",0.047046578999883,0.0227058779229581,0.0016583747927031,0.0467886652598435,0.0282528229396054,0.0016583747927031,7,15,0,13,16,7.0826,14.503842192822626,0.5574363992172211,15.159344985041725
169,169,169,"(384, 28)",0.047046578999883,0.0222070819599683,0.0016583747927031,0.0479695978490871,0.0288323610978292,0.0016583747927031,11,18,0,19,19,7.10446,18.33726795003829,0.547358121330724,18.17705873090852
170,170,170,"(28, 29)",0.0840752274981543,0.025339328486784,0.0033167495854063,0.0838260581586583,0.0294591821779275,0.0033167495854063,16,7,7,6,8,14.77052,7.630040402439991,4.066389432485323,7.1695795937647615
171,171,171,"(29, 571)",0.0577153257620217,0.0247252747252747,0.0016583747927031,0.0626024145027335,0.0297307957795089,0.0016583747927031,3,4,1,5,17,7.3634,3.799413768517785,0.5724559686888454,3.403282947567312
172,172,172,"(571, 572)",0.0577153257620217,0.02414027783338,0.0016583747927031,0.0635345908730717,0.0302354150475092,0.0016583747927031,9,5,4,2,22,7.3309,3.821120177453854,0.5677103718199609,8.827507479137143
173,173,173,"(572, 573)",0.0577153257620217,0.0235823230348064,0.0016583747927031,0.0644956683808762,0.0307739416673046,0.0016583747927031,10,3,0,6,21,7.35768,3.8224933322770602,0.5674657534246575,12.01562746024248
174,174,174,"(573, 574)",0.0577153257620217,0.0230495776155345,0.0016583747927031,0.0654842707815056,0.031348288321073,0.0016583747927031,5,3,1,5,20,7.36428,3.816314135572632,0.5761252446183953,13.701818611242324
175,175,175,"(574, 575)",0.0577153257620217,0.0225403708133971,0.0016583747927031,0.0665017743196012,0.0319622601505353,0.0016583747927031,3,2,0,16,22,7.35716,3.817792917689931,0.5770058708414872,16.936624153676586
176,176,176,"(575, 576)",0.0577153257620217,0.0220531763156932,0.0016583747927031,0.0675509314844455,0.0326210440898025,0.0016583747927031,7,4,1,20,21,7.34936,3.8070189336924662,0.5688356164383561,17.409069437883797
177,177,177,"(975, 974)",0.0325749091207071,0.0273978826843564,0.0016583747927031,0.0144603104263587,0.0313874502251255,0.0016583747927031,8,8,2,21,21,7.58478,7.340859278037445,0.6219178082191781,19.90344040308613
178,178,178,"(974, 582)",0.0325749091207071,0.0266814159292035,0.0016583747927031,0.013429604770026,0.0307865111173512,0.0016583747927031,7,8,0,21,22,7.59868,7.350814650505691,0.6107142857142858,20.902416942213826
179,179,179,"(582, 581)",0.0325749091207071,0.0260014660859816,0.0016583747927031,0.0124296188601497,0.0302248063958296,0.0016583747927031,7,5,1,20,21,7.60664,7.378647442499142,0.6047945205479452,19.921075421193514
180,180,180,"(581, 580)",0.0325749091207071,0.0253553107392145,0.0016583747927031,0.0114574330920266,0.0296978502302445,0.0016583747927031,5,8,0,19,20,7.60708,7.337215136391244,0.6165362035225049,18.948669500866007
181,181,181,"(580, 579)",0.0325749091207071,0.0247404915275099,0.0016583747927031,0.0105722849261617,0.0292030898128193,0.0016583747927031,7,7,0,20,20,7.57628,7.545195278459954,0.636545988258317,18.989253660840813
182,182,182,"(579, 30)",0.0325749091207071,0.0241547828873577,0.0024875621890547,0.0125331236222369,0.0290231752220056,0.0024875621890547,4,15,0,17,17,7.6193,9.55589004198685,0.6168297455968689,16.025665249567
183,183,183,"(30, 31)",0.0192068702132491,0.0257582229816317,0.0033167495854063,0.0122220212676422,0.0286862824385718,0.0033167495854063,15,9,3,7,9,7.46024,7.909583036256569,0.5887475538160469,8.185561328924578
184,184,184,"(31, 387)",0.0314634756140917,0.0257071600622428,0.0024875621890547,0.0291510687558386,0.0282939189189189,0.0024875621890547,9,17,1,18,19,7.64106,16.141699015025484,0.6129647749510764,18.351952448433316
185,185,185,"(387, 386)",0.0314634756140917,0.0250696378830083,0.0016583747927031,0.027831943707356,0.027729875146582,0.0016583747927031,7,13,1,15,15,7.64418,13.470147086007024,0.625146771037182,14.358644307982996
186,186,186,"(29, 30)",0.0255300262174604,0.0247146340963583,0.0024875621890547,0.0308768565822435,0.0292087480927123,0.0024875621890547,10,2,0,2,8,7.34884,4.571285220100874,0.5610078277886497,4.685167690127539
187,187,187,"(30, 972)",0.0388980651249186,0.0257626249679569,0.0024875621890547,0.0361492410954703,0.0291607224895422,0.0024875621890547,5,6,3,19,20,7.4872,7.086139058332673,0.5892367906066536,18.800425129900802
188,188,188,"(972, 973)",0.0388980651249186,0.0251213364717645,0.0016583747927031,0.03556007802224,0.0289583633482207,0.0016583747927031,7,6,2,20,20,7.44542,7.1657556312551165,0.5910469667318983,18.944260746339157
189,189,189,"(973, 33)",0.0388980651249186,0.0245111987317588,0.0024875621890547,0.0357378645761601,0.0287876256176449,0.0024875621890547,4,7,0,17,18,7.47088,8.980300509651695,0.5885029354207436,17.039836246260432
190,190,190,"(33, 34)",0.014765959401805,0.0254253367908418,0.0033167495854063,0.01650566465702,0.0282475289267812,0.0033167495854063,8,8,0,10,10,7.63748,8.775330745464627,0.623385518590998,9.239411116359628
191,191,191,"(34, 395)",0.0159417298018895,0.0256530247596358,0.0024875621890547,0.0164527208838019,0.0278901968039592,0.0024875621890547,6,19,0,20,20,7.79576,19.258232327233358,0.6456947162426614,19.18241221854826
192,192,192,"(395, 394)",0.0159417298018895,0.0250171136971809,0.0016583747927031,0.0139820628931783,0.0272222473026048,0.0016583747927031,4,13,2,14,14,7.78422,13.737885869708732,0.6278864970645792,13.192922374429223
193,193,193,"(394, 37)",0.0159417298018895,0.0244119671268369,0.0024875621890547,0.0126161589566267,0.0266137040714995,0.0024875621890547,10,16,0,16,17,7.80284,16.59024531939053,0.6224559686888455,16.185049598488426
194,194,194,"(37, 38)",0.0051444024689828,0.0240253401597705,0.0024875621890547,0.0031795386087874,0.0259768233317537,0.0024875621890547,2,8,0,7,8,7.8489,7.8388391560379205,0.6496575342465754,7.275901432845221
195,195,195,"(36, 397)",0.0117084012854124,0.0225622988849809,0.0016583747927031,0.007352526189801,0.0262367837096984,0.0016583747927031,9,5,2,15,16,7.9472,2.9586997280097176,0.6544031311154599,8.760943158557707
196,196,196,"(39, 36)",0.0133048450692595,0.0230782478902348,0.0024875621890547,0.0061446713506613,0.0256754167465031,0.0024875621890547,16,6,4,7,7,15.90174,5.8867147270854785,6.224902152641879,4.218745079515037
197,197,197,"(397, 396)",0.0117084012854124,0.022068915036507,0.0016583747927031,0.0087497749456923,0.026828020376838,0.0016583747927031,5,3,1,14,16,7.94692,2.934643111780084,0.6578767123287671,13.36809163911195
198,198,198,"(396, 35)",0.0117084012854124,0.0215966476845385,0.0024875621890547,0.0114260810329173,0.0274540156619923,0.0024875621890547,10,3,1,20,20,7.93042,3.381631413557263,0.6528375733855186,18.494528420721146
199,199,199,"(35, 32)",0.0443626725753435,0.0251025123327019,0.0033167495854063,0.0259759987654532,0.0281322167533649,0.0033167495854063,5,4,0,5,8,7.88316,6.067469434101772,0.6550391389432485,7.18359313493938
200,200,200,"(32, 398)",0.0484553783804417,0.0247664031214703,0.0024875621890547,0.0399869154888567,0.0283218261237142,0.0024875621890547,7,7,1,18,18,7.78714,13.278776835934405,0.6364481409001957,17.25307038261691
201,201,201,"(398, 399)",0.0484553783804417,0.024173180998196,0.0016583747927031,0.0400192171774272,0.0285032261114131,0.0016583747927031,9,19,0,22,22,7.7851,18.926879505664264,0.6422211350293542,21.26145488899386
202,202,202,"(399, 31)",0.0484553783804417,0.023607712635803,0.0024875621890547,0.0417427474772776,0.0287156531263393,0.0024875621890547,7,17,0,19,19,7.7907,17.984604821885977,0.6293542074363992,18.270902220122814
203,203,203,"(31, 28)",0.0361987729795991,0.0257016814781663,0.0024875621890547,0.0265067016220888,0.0288855356757921,0.0024875621890547,12,8,0,2,8,7.64276,7.802292112281814,0.6129158512720156,7.173397890096048
204,204,204,"(36, 37)",0.0007665682651748,0.0225589225589225,0.0024875621890547,0.0006210346582925,0.0254639893583328,0.0024875621890547,4,8,0,7,8,7.93342,6.912804668726399,0.6590508806262231,4.49456778460085
205,205,205,"(37, 400)",0.0115638955980815,0.0240301273238089,0.0024875621890547,0.0071948100018181,0.026029526029526,0.0024875621890547,14,16,3,16,16,7.86942,15.483007209062821,0.6411448140900196,15.116477720044088
206,206,206,"(400, 401)",0.0115638955980815,0.0234721681588166,0.0016583747927031,0.0063160905589792,0.0257714334558509,0.0016583747927031,4,16,0,13,16,7.86228,15.65108664078798,0.6446183953033268,15.228034955125176
207,207,207,"(404, 403)",0.0073305670816044,0.0229173000912131,0.0016583747927031,0.0056674241479953,0.0251595944423582,0.0016583747927031,6,13,0,11,14,8.01542,13.739866381472973,0.6799412915851272,13.343095575499921
208,208,208,"(403, 38)",0.0073305670816044,0.0224092758793689,0.0016583747927031,0.0054518645594528,0.0249472508377808,0.0016583747927031,9,14,1,13,14,7.99412,13.73809712429692,0.6617416829745597,13.336049441032909
209,209,209,"(38, 39)",0.0133048450692595,0.0236220472440944,0.0024875621890547,0.0065228959205926,0.0254865910099537,0.0024875621890547,21,8,1,5,8,15.89822,7.738783701708521,6.73674168297456,7.351007715320422
210,210,210,"(410, 411)",0.050341554429001,0.0204722538152065,0.0016583747927031,0.0241384344291677,0.0281578332944197,0.0016583747927031,13,6,4,1,50,10.47416,7.223480947476828,0.9904109589041096,1.0043300267674382
211,211,211,"(411, 412)",0.050341554429001,0.0200718993409227,0.0016583747927031,0.0252069608968396,0.028681506849315,0.0016583747927031,16,7,0,1,36,10.4662,7.222979217829887,0.9855675146771037,1.0128326247834987
212,212,212,"(412, 413)",0.050341554429001,0.019686903148925,0.0016583747927031,0.0263044117372768,0.0292363636363636,0.0016583747927031,12,6,2,4,42,10.4517,7.222239826771237,1.000293542074364,1.0066918595496772
213,213,213,"(413, 414)",0.050341554429001,0.0193163981164109,0.0016583747927031,0.0274238824919738,0.0298249084973785,0.0016583747927031,7,7,4,0,36,10.47092,7.205101798304682,1.0318982387475537,1.0172807431900488
214,214,214,"(414, 415)",0.0503415544290009,0.0189595811913408,0.0016583747927031,0.0285982487261035,0.0304691644981177,0.0016583747927031,12,2,1,1,34,10.4455,7.225197391005836,0.9873287671232877,1.024130058258542
215,215,215,"(415, 426)",0.0503415544290009,0.018615707582119,0.0016583747927031,0.0298247579503831,0.0311708451796329,0.0016583747927031,12,11,2,0,42,10.4744,7.204019118540231,0.9982876712328768,1.0062982207526374
216,216,216,"(426, 427)",0.0503415544290009,0.0182840855683075,0.0016583747927031,0.0310677821103578,0.031915738216847,0.0016583747927031,11,3,0,2,42,10.48352,7.224774881829465,1.0170743639921722,1.1811919382774365
217,217,217,"(427, 88)",0.0503415544290009,0.0179640718562874,0.0016583747927031,0.0323275964549557,0.0327077457149056,0.0016583747927031,14,7,2,0,60,10.46418,7.19641395336555,1.0171232876712328,3.5683356951661156
218,218,218,"(88, 89)",0.0803176012186972,0.0296606000983767,0.0033167495854063,0.0522508358889768,0.0335540593177897,0.0033167495854063,13,13,11,12,26,17.71726,12.701814148776045,8.886056751467711,12.548693119193828
219,219,219,"(89, 589)",0.041233606714501,0.028816515734391,0.0016583747927031,0.0289190802035798,0.0327859939103958,0.0016583747927031,8,7,1,1,44,8.87158,6.38284612743933,0.7200587084148729,0.8746654070225162
220,220,220,"(589, 590)",0.041233606714501,0.0280191440918172,0.0016583747927031,0.0284096908051068,0.0324019344438474,0.0016583747927031,4,6,0,2,46,8.86964,6.373049195912223,0.7310176125244618,0.8810423555345614
221,221,221,"(594, 593)",0.0442608992841233,0.0270658467615243,0.0016583747927031,0.0495764208635616,0.0335914433736282,0.0016583747927031,8,7,0,2,54,7.4951,5.958092371068684,0.5938845401174169,0.9972445284207212
222,222,222,"(593, 90)",0.0442608992841233,0.0263612319394959,0.0024875621890547,0.0544009905026436,0.0342283022080944,0.0024875621890547,8,9,0,0,46,7.4864,5.962634344714674,0.597504892367906,0.9940166902849945
223,223,223,"(90, 91)",0.023502221488225,0.0288006877776185,0.0033167495854063,0.0292069806760182,0.0336036111343308,0.0033167495854063,9,8,0,1,28,8.17876,6.14299294937812,0.6573385518590998,0.9393008974964573
224,224,224,"(91, 429)",0.0634711183593327,0.030286288297338,0.0024875621890547,0.0607555809447979,0.0336457984599933,0.0024875621890547,6,6,1,0,64,7.23144,5.513665531173255,0.5505381604696673,0.7856243111321052
225,225,225,"(429, 428)",0.0634711183593326,0.0294182217343578,0.0016583747927031,0.0585186593662082,0.0328082918468946,0.0016583747927031,2,2,0,1,42,7.24768,5.55200823892894,0.5547455968688846,0.8061722563375846
226,226,226,"(428, 425)",0.0634711183593326,0.0285985297604932,0.0016583747927031,0.0572752223328412,0.032021666401147,0.0016583747927031,5,8,0,0,46,7.26424,5.522987139876944,0.5554305283757338,0.7963312864115887
227,227,227,"(425, 424)",0.0634711183593326,0.027823278348137,0.0016583747927031,0.0560483002351691,0.031281612325889,0.0016583747927031,8,5,0,1,36,7.24824,5.494414956824843,0.5498043052837573,0.7925917178397103
228,228,228,"(424, 423)",0.0634711183593326,0.0270889487870619,0.0016583747927031,0.0548738447338005,0.0306029232643118,0.0016583747927031,11,6,2,0,44,7.24552,5.509757321291822,0.5668297455968689,0.7871988663202645
229,229,229,"(423, 422)",0.0634711183593326,0.0263923842871211,0.0016583747927031,0.0537546083180177,0.0299835910695639,0.0016583747927031,8,11,1,1,42,7.26304,5.5109192215268425,0.5555772994129159,0.8068414422925524
230,230,230,"(422, 421)",0.0634711183593326,0.0257307446127586,0.0016583747927031,0.052657391816495,0.0294002925402242,0.0016583747927031,9,7,0,4,44,7.2298,5.511156882938551,0.5513698630136986,0.8013698630136986
231,231,231,"(421, 420)",0.0634711183593326,0.0251014673743365,0.0016583747927031,0.0515891725711118,0.0288502942442945,0.0016583747927031,8,7,0,0,46,7.24944,5.5142464812907654,0.5546477495107632,0.8275468430168478
232,232,232,"(939, 938)",0.0167835327741192,0.0187034739454094,0.0016583747927031,0.0121072412561866,0.0293052754355697,0.0016583747927031,5,3,0,0,34,4.41506,3.2038870844226146,0.2773483365949119,0.3378208156195875
233,233,233,"(938, 588)",0.0167835327741192,0.0183707043626614,0.0016583747927031,0.0131638694633691,0.0298618333085722,0.0016583747927031,6,3,0,0,38,4.41758,3.2203649423010905,0.2716242661448141,0.3214060777830263
234,234,234,"(588, 587)",0.0167835327741192,0.0180495689655172,0.0016583747927031,0.0142549037865828,0.0304591604788604,0.0016583747927031,3,5,0,0,40,4.44062,3.222134199477145,0.2793542074363992,0.32494882695638483
235,235,235,"(587, 586)",0.0167835327741192,0.0177394681101435,0.0016583747927031,0.0153679580240564,0.0310936936007837,0.0016583747927031,5,1,0,0,40,4.40586,3.2082706171274658,0.2765655577299413,0.3275862068965517
236,236,236,"(586, 461)",0.0167835327741192,0.0174398426654326,0.0016583747927031,0.0165219492839497,0.0317686107159791,0.0016583747927031,3,4,0,0,38,4.4214,3.2376614117087854,0.27974559686888456,0.32935758148323097
237,237,237,"(461, 460)",0.0167835327741192,0.0171501706484641,0.0016583747927031,0.0177292700236913,0.0325286581254214,0.0016583747927031,8,4,0,0,40,4.40786,3.2096173651271487,0.273091976516634,0.3240828216028972
238,238,238,"(460, 459)",0.0167835327741192,0.016869964189794,0.0016583747927031,0.0189682506458391,0.0333370190181335,0.0016583747927031,10,4,0,0,42,4.41576,3.220840265124508,0.2802837573385519,0.32821602897181545
239,239,239,"(459, 458)",0.0167835327741192,0.0165987667914556,0.0016583747927031,0.0202595285643543,0.0342234456142342,0.0016583747927031,3,5,1,1,36,4.42218,3.2182259895957115,0.27490215264187867,0.3241221854826012
240,240,240,"(458, 80)",0.0167835327741192,0.0163361508452535,0.0024875621890547,0.0226510658843888,0.0352188768507432,0.0024875621890547,6,5,0,0,32,4.41866,3.2222662335947607,0.2779354207436399,0.32589356006928044
241,241,241,"(83, 462)",0.0299410933609237,0.0311442811765617,0.0024875621890547,0.031519997032077,0.0350877192982456,0.0024875621890547,6,6,0,0,32,6.93482,5.347276136153582,0.5144324853228963,14.495827428751378
242,242,242,"(462, 463)",0.0299410933609237,0.0302331411381298,0.0016583747927031,0.0286721479464169,0.0341294996604029,0.0016583747927031,7,6,1,0,38,6.94712,5.347909899918139,0.5375244618395303,28.299441032908202
243,243,243,"(463, 464)",0.0299410933609237,0.0293737974036096,0.0016583747927031,0.027416147765539,0.0332708011476495,0.0016583747927031,4,7,0,25,40,6.94584,5.367477356148829,0.5366438356164384,34.395488899385924
244,244,244,"(464, 465)",0.0299410933609237,0.0285619552860932,0.0016583747927031,0.0261780387649973,0.0324656096050825,0.0016583747927031,5,2,0,39,40,6.94648,5.3384562570968335,0.5274461839530332,36.16343882853094
245,245,245,"(465, 583)",0.0299410933609237,0.0277937821207162,0.0016583747927031,0.0249769392765998,0.0317084713677236,0.0016583747927031,10,5,0,40,40,6.94384,5.359185613562545,0.5190313111545988,36.79357581483231
246,246,246,"(583, 584)",0.0299410933609237,0.0270658467615243,0.0016583747927031,0.0238289628313546,0.0310360800864686,0.0016583747927031,8,11,0,38,40,6.94646,5.3760859806173915,0.5477005870841487,36.98208943473469
247,247,247,"(584, 585)",0.0299410933609237,0.026375068343357,0.0016583747927031,0.0227163673420947,0.0304038723339888,0.0016583747927031,6,10,0,36,36,6.9378,5.350629802741028,0.5226027397260274,33.449181231302155
248,248,248,"(585, 958)",0.0299410933609237,0.0257186726947027,0.0016583747927031,0.0216257917670948,0.0298086904938454,0.0016583747927031,7,4,1,39,42,6.9398,5.350365734505797,0.5431017612524461,39.38064871673752
249,249,249,"(496, 497)",0.0480221070764205,0.0236646913386444,0.0016583747927031,0.04608465861863,0.0302916132921407,0.0016583747927031,10,14,4,43,44,7.64606,10.339486123214238,0.6189823874755381,42.49570933711227
250,250,250,"(497, 498)",0.0480221070764205,0.0231278166650685,0.0016583747927031,0.0471026818975996,0.0308653034064443,0.0016583747927031,9,5,0,44,46,7.63098,10.338561884390927,0.6136497064579256,44.57262635805385
251,251,251,"(498, 499)",0.0480221070764205,0.0226147614761476,0.0016583747927031,0.0481577245935044,0.0314808530632488,0.0016583747927031,8,6,1,46,46,7.61766,10.322031212865404,0.6183463796477495,44.569359156038416
252,252,252,"(499, 500)",0.0480221070764205,0.0221239749775274,0.0016583747927031,0.0492504952340238,0.0321505691663778,0.0016583747927031,6,7,0,42,42,7.6345,10.35535662415168,0.6143835616438356,40.573138088490005
253,253,253,"(500, 501)",0.0480221070764205,0.0216540381369626,0.0016583747927031,0.0503715447975085,0.0328637218301223,0.0016583747927031,7,8,0,37,40,7.64544,10.319575378277747,0.6171722113502935,38.757282317745236
254,254,254,"(501, 64)",0.0480221070764205,0.0212036499815391,0.0024875621890547,0.0531528925397126,0.0336242228232079,0.0024875621890547,7,13,0,40,42,7.6392,10.335789167920991,0.6114481409001957,40.634034010392064
255,255,255,"(64, 65)",0.0568545441676673,0.0294074615947329,0.0033167495854063,0.0591153246495325,0.0340754972875226,0.0033167495854063,4,7,2,26,26,7.77176,9.005624653410441,0.6502446183953033,24.85447173673437
256,256,256,"(65, 526)",0.0593555247419742,0.0302036114102531,0.0024875621890547,0.0668833898450544,0.034614391090956,0.0024875621890547,8,10,0,31,34,7.58914,7.3841400617919675,0.6068493150684932,33.04774838608093
257,257,257,"(526, 527)",0.0593555247419742,0.0293259410563174,0.0016583747927031,0.0660564344173036,0.034713027459559,0.0016583747927031,5,9,0,38,38,7.5785,7.3571522881512585,0.624412915851272,37.13320736891828
258,258,258,"(527, 68)",0.0593555247419742,0.0284978378506108,0.0016583747927031,0.0663412999892641,0.0349190722992732,0.0016583747927031,14,8,2,36,36,7.59136,9.628086297499275,0.6179549902152642,35.1541095890411
259,259,259,"(68, 69)",0.0949671430528555,0.0304699343102577,0.0033167495854063,0.0934075948961308,0.0352312231602933,0.0033167495854063,18,16,1,18,18,15.74304,15.102062372917162,8.266389432485322,17.14666981577704
260,260,260,"(69, 557)",0.0888769164541753,0.0295769466584917,0.0016583747927031,0.0890580239122343,0.0355500530597806,0.0016583747927031,11,12,2,0,26,7.83312,7.558108215162798,0.6398238747553816,1.0126358053849787
261,261,261,"(557, 558)",0.0888769164541753,0.0287348105789849,0.0016583747927031,0.0895057949365831,0.0358939254144468,0.0016583747927031,9,6,0,0,36,7.85514,7.54078533893158,0.6473091976516634,0.9826405290505432
262,262,262,"(558, 112)",0.0888769164541753,0.0279393026757789,0.0024875621890547,0.0912902627910751,0.0362619520115461,0.0024875621890547,10,8,0,0,30,7.85548,7.550899152340965,0.6439823874755382,1.004605573925366
263,263,263,"(112, 113)",0.0629115307346556,0.0313222346310677,0.0033167495854063,0.0657180852111402,0.0359324255877007,0.0033167495854063,7,6,0,0,18,8.28964,7.041669967519607,0.7097847358121331,1.0334986616280901
264,264,264,"(113, 682)",0.0722590990250616,0.0318878900052882,0.0024875621890547,0.0782715785386243,0.0361901332373064,0.0024875621890547,9,7,0,0,38,7.71498,6.838099764979271,0.6295988258317026,1.0005904581955598
265,265,265,"(682, 683)",0.0722590990250616,0.0309159424748135,0.0016583747927031,0.0760846705062932,0.0355259669484785,0.0016583747927031,13,4,0,1,44,7.72256,6.821489872983179,0.6387964774951076,1.01956384821288
266,266,266,"(687, 686)",0.0754000299356506,0.0264294010650654,0.0016583747927031,0.0565113425164585,0.0345261952476381,0.0016583747927031,13,6,0,0,42,9.63332,6.45871293142148,0.9212328767123288,1.2579515037002047
267,267,267,"(686, 114)",0.0754000299356506,0.0257582229816317,0.0016583747927031,0.0572396579145855,0.0350316621158426,0.0016583747927031,8,3,0,2,40,9.68176,6.784256251815469,0.9310176125244618,6.6930011021886315
268,268,268,"(114, 115)",0.1049259342874258,0.0318365407460204,0.0033167495854063,0.0812355742805154,0.0356825847683294,0.0033167495854063,19,16,7,19,20,17.36638,13.575906414217433,9.020107632093934,13.691780821917808
269,269,269,"(115, 556)",0.0831818767970995,0.030862933770089,0.0016583747927031,0.073002846663593,0.0353054831815919,0.0016583747927031,10,7,1,30,30,8.6963,6.789062293696691,0.7565068493150685,12.124468587623996
270,270,270,"(556, 555)",0.0831818767970995,0.0299471083409897,0.0016583747927031,0.0725363292211667,0.0349565217391304,0.0016583747927031,7,10,1,35,36,8.70164,6.798832818400275,0.7565068493150685,26.00444811840655
271,271,271,"(555, 70)",0.0831818767970995,0.0290840688757053,0.0024875621890547,0.0723037095420642,0.0346302943287867,0.0024875621890547,6,6,0,28,28,8.70056,7.903879162375558,0.7568003913894324,23.41780821917808
272,272,272,"(70, 71)",0.0626637272432155,0.0308274328365839,0.0033167495854063,0.0465061381384768,0.0342925386715195,0.0033167495854063,8,7,1,15,16,8.31124,9.185560748897515,0.6958904109589041,14.236773736419462
273,273,273,"(71, 525)",0.0609734694496568,0.0302089073693702,0.0024875621890547,0.0468652024225636,0.0340101522842639,0.0024875621890547,11,12,0,32,32,8.15666,11.201985793128944,0.6792563600782778,30.36195087387813
274,274,274,"(525, 524)",0.0609734694496568,0.0293309336770678,0.0016583747927031,0.0446477381144849,0.0337720526463175,0.0016583747927031,11,10,0,38,38,8.14736,11.175895851488024,0.688307240704501,36.28212092583845
275,275,275,"(524, 66)",0.0609734694496568,0.0285025524673851,0.0024875621890547,0.044917068017504,0.0336523704551162,0.0024875621890547,10,11,1,36,36,8.16946,11.159550027727164,0.678082191780822,34.47996378523067
276,276,276,"(66, 67)",0.0644735311778724,0.0303197908286403,0.0033167495854063,0.0413666276081961,0.0335363310252773,0.0033167495854063,6,7,0,23,26,7.89288,9.271145263936202,0.6445205479452055,24.770980947882222
277,277,277,"(67, 493)",0.0511087277170757,0.0296627886956735,0.0024875621890547,0.0389555198383749,0.0328744718549816,0.0024875621890547,8,6,1,40,40,7.93142,7.546383585518498,0.6387964774951076,38.651354117461814
278,278,278,"(493, 492)",0.0511087277170757,0.0288240917782026,0.0016583747927031,0.0363320680459475,0.0321471411435425,0.0016583747927031,9,4,1,40,40,7.93618,7.535979297050358,0.6476516634050881,38.71665879389072
279,279,279,"(492, 491)",0.0511087277170757,0.0280315180252423,0.0016583747927031,0.0352119359788904,0.0314644264134206,0.0016583747927031,9,5,1,40,42,7.9355,7.574850141276506,0.6457436399217221,40.78373484490631
280,280,280,"(491, 490)",0.0511087277170757,0.0272813645206533,0.0016583747927031,0.0341199644986114,0.0308227055485981,0.0016583747927031,6,6,0,45,46,7.92642,7.557448044574718,0.6450097847358122,44.77991654857503
281,281,281,"(490, 489)",0.0511087277170758,0.0265703143933552,0.0016583747927031,0.0330657414427782,0.0302323832443408,0.0016583747927031,10,4,1,42,44,7.94888,7.537194010932425,0.6516634050880626,42.87486222642104
282,282,282,"(489, 488)",0.0511087277170758,0.0258953877866529,0.0016583747927031,0.032048798232858,0.0296817700770347,0.0016583747927031,4,9,1,45,48,7.9332,7.5619372045736615,0.6445205479452055,46.99417414580381
283,283,283,"(401, 402)",0.0115638955980815,0.0229395316987807,0.0016583747927031,0.007266891917484,0.02618096561306,0.0016583747927031,5,12,3,13,13,7.8716,12.658718212786184,0.6390410958904109,12.230278696268304
284,284,284,"(402, 40)",0.0115638955980815,0.0224305323066622,0.0016583747927031,0.0082963229091371,0.0266131167799452,0.0016583747927031,6,11,0,12,12,7.8515,11.541075813990336,0.6446183953033268,11.238860022043772
285,285,285,"(40, 41)",0.0256993043083338,0.0238476597259298,0.0033167495854063,0.0166385430022854,0.0270694918297719,0.0033167495854063,10,8,2,8,8,15.88752,7.494758245530645,6.601663405088063,7.22795622736577
286,286,286,"(41, 502)",0.0195812087556684,0.0232998454404945,0.0016583747927031,0.0136126338724184,0.0275053596679286,0.0016583747927031,8,3,1,13,16,7.95158,3.741213129472656,0.6531800391389433,8.18064084396158
287,287,287,"(502, 503)",0.0195812087556684,0.0227766341196245,0.0016583747927031,0.0146154214231716,0.0279697574098984,0.0016583747927031,7,9,0,16,17,7.92896,3.7349283054741345,0.6461839530332681,13.55514879546528
288,288,288,"(503, 504)",0.0195812087556684,0.0222764047434334,0.0016583747927031,0.015645930473127,0.0284635355204153,0.0016583747927031,6,4,1,14,16,7.9406,3.7398663814729725,0.6589041095890411,13.749448905684144
289,289,289,"(504, 505)",0.0195812087556684,0.0217976756375729,0.0016583747927031,0.0167039644159073,0.0289889909138983,0.0016583747927031,7,0,0,15,15,7.9569,3.723256489476881,0.6518101761252446,13.10344827586207
290,290,290,"(505, 506)",0.0195812087556684,0.0213390898152735,0.0016583747927031,0.0178065310524103,0.0295486842750036,0.0016583747927031,10,2,0,17,17,7.94322,3.7514061633526103,0.6608610567514677,15.050818768697843
291,291,291,"(506, 48)",0.0195812087556684,0.020899402131531,0.0024875621890547,0.0196552693771103,0.0302680453769701,0.0024875621890547,9,8,0,19,19,7.9349,3.748131717235734,0.6631115459882583,17.174736262005982
292,292,292,"(48, 49)",0.0113970689802113,0.0265043294800228,0.0033167495854063,0.0124885244285539,0.0305695673113482,0.0033167495854063,8,5,1,11,14,7.9814,5.901396920964377,0.6702544031311155,12.749566997323257
293,293,293,"(49, 520)",0.0164213941042454,0.0282548087060422,0.0024875621890547,0.0146789432667719,0.0311635959585519,0.0024875621890547,7,6,0,18,18,7.8995,7.778605191581505,0.661105675146771,16.940166902849946
294,294,294,"(520, 521)",0.0164213941042454,0.027485300150417,0.0016583747927031,0.0133824617813948,0.0312435233160621,0.0016583747927031,7,4,0,16,17,7.9114,8.471546647653753,0.6510763209393347,16.052944418201857
295,295,295,"(521, 60)",0.0164213941042454,0.0267565948572316,0.0024875621890547,0.0138398124109989,0.0314103398880062,0.0024875621890547,4,12,0,16,18,7.91316,12.841796720272518,0.6623287671232877,17.118997008345143
296,296,296,"(60, 61)",0.0023681729664265,0.027644065465548,0.0024875621890547,0.0032677020739625,0.0310296917614367,0.0024875621890547,4,7,0,7,7,8.03714,6.770630330877498,0.6801859099804305,6.273775783341206
297,297,297,"(62, 63)",0.0182728064216885,0.0279717035834396,0.0024875621890547,0.0119382411423951,0.0307135944583099,0.0024875621890547,9,6,0,6,7,8.15978,4.333122078745148,0.6819471624266145,3.703944260746339
298,298,298,"(63, 523)",0.0134195943813829,0.0273184433470756,0.0024875621890547,0.0122760835168473,0.0304668552950687,0.0024875621890547,8,12,1,20,20,8.09764,7.3851435210858485,0.6732876712328767,18.24547315383404
299,299,299,"(523, 522)",0.0134195943813829,0.0265984429103901,0.0016583747927031,0.0113997418970545,0.0302756439222774,0.0016583747927031,8,10,0,17,18,8.11206,7.455966621775067,0.6749021526418787,16.517753109746497
300,300,300,"(522, 50)",0.0134195943813829,0.0259154203197524,0.0024875621890547,0.0114344340325519,0.0301794249393158,0.0024875621890547,6,4,1,14,15,8.10246,7.54020438881407,0.6818982387475538,13.677294914186742
301,301,301,"(50, 51)",0.030081381933119,0.0275405343685773,0.0033167495854063,0.0204597557011733,0.030125146753928,0.0033167495854063,10,8,0,13,13,8.0057,7.676463598193774,0.6718688845401174,11.749645725082663
302,302,302,"(51, 511)",0.0201564790157098,0.0268866347118492,0.0024875621890547,0.0169409346727898,0.0293259410563174,0.0024875621890547,9,10,0,17,17,8.02166,10.371887295677203,0.6662915851272015,15.448590773106597
303,303,303,"(511, 510)",0.0201564790157098,0.026192337763878,0.0016583747927031,0.0150470462424252,0.0287553648068669,0.0016583747927031,8,6,1,16,16,8.05916,11.78922073463783,0.6719178082191781,14.515981735159817
304,304,304,"(510, 509)",0.0201564790157098,0.0255329959985603,0.0016583747927031,0.0139638518467475,0.0282250514884853,0.0016583747927031,4,4,0,15,17,8.05856,13.67049565607753,0.6789138943248533,15.458510470792001
305,305,305,"(509, 508)",0.0201564790157098,0.0249060344471521,0.0016583747927031,0.0129092527563936,0.0277266875114953,0.0016583747927031,4,10,4,16,18,8.05326,15.586759618685468,0.6729941291585128,16.43386868209731
306,306,306,"(508, 507)",0.0201564790157098,0.0243091249924411,0.0016583747927031,0.0118821785588646,0.0272579332790886,0.0016583747927031,11,11,1,15,17,8.03514,15.558345876574506,0.6903620352250489,15.49476460399937
307,307,307,"(507, 42)",0.0201564790157098,0.0237401574803149,0.0024875621890547,0.0110640200775423,0.0268166859379169,0.0024875621890547,7,14,0,15,15,8.044,14.030895983522143,0.6684931506849315,13.636080932136672
308,308,308,"(42, 43)",0.01601948762412,0.024555616639179,0.0033167495854063,0.0068819087847063,0.026381414883843,0.0033167495854063,8,6,0,7,8,7.98446,7.696189495365602,0.6659491193737769,7.088608093213667
309,309,309,"(43, 405)",0.0073305670816044,0.0240057327122895,0.0024875621890547,0.0079786100998091,0.0259611658845309,0.0024875621890547,11,14,3,14,14,8.0153,13.526076738229158,0.6533757338551859,13.316839867737365
310,310,310,"(405, 404)",0.0073305670816044,0.0234488926911784,0.0016583747927031,0.0066775141209472,0.0255497648404728,0.0016583747927031,6,14,0,14,14,8.03696,13.724312762417808,0.662279843444227,13.3379389072587
311,311,311,"(89, 90)",0.0382541189855243,0.0288082555000836,0.0024875621890547,0.027513165911634,0.0340899454447805,0.0024875621890547,10,5,0,0,16,8.87186,6.35369299426972,0.7317025440313112,0.8852542906628877
312,312,312,"(90, 87)",0.0590127967814225,0.0288034392166228,0.0033167495854063,0.0630366775765086,0.0348907854766382,0.0033167495854063,6,4,2,3,26,8.16774,6.149066518788455,0.6606653620352251,0.9152495669973233
313,313,313,"(87, 85)",0.0378900793405035,0.0302650070267014,0.0033167495854063,0.0450976803253186,0.0351962644097475,0.0033167495854063,8,3,1,0,54,7.1982,5.522010087406586,0.5419275929549903,0.793064084396158
314,314,314,"(85, 433)",0.0606607959284411,0.0311057233499264,0.0024875621890547,0.0565099577551505,0.0358001602992252,0.0024875621890547,10,6,0,0,34,6.92674,5.458660117774433,0.5195694716242661,0.7962525586521808
315,315,315,"(433, 432)",0.0606607959284411,0.0301756493019066,0.0016583747927031,0.0558608267670006,0.0359388503143904,0.0016583747927031,12,4,1,1,36,6.93278,5.456943674245425,0.5106164383561644,0.8116438356164384
316,316,316,"(432, 81)",0.0606607959284411,0.0292995796992298,0.0024875621890547,0.0578400143657339,0.0363012461621816,0.0024875621890547,6,5,1,0,38,6.95386,5.464760094008292,0.513160469667319,0.7866871358841128
317,317,317,"(81, 82)",0.0657756091376371,0.0312006830000258,0.0033167495854063,0.064066382125237,0.0362107791622879,0.0033167495854063,8,6,0,0,22,6.28312,4.872798331088753,0.4533757338551859,0.6688710439300898
318,318,318,"(82, 452)",0.0649866493920083,0.0309254558042926,0.0024875621890547,0.0606095440762833,0.0360743022942777,0.0024875621890547,4,9,1,1,34,6.42292,5.077847315746389,0.46898238747553816,0.7109510313336482
319,319,319,"(452, 453)",0.0649866493920082,0.0300074645434187,0.0016583747927031,0.0599838413923256,0.0359260031576752,0.0016583747927031,9,2,0,0,38,6.45764,5.104861496210621,0.46942270058708413,0.7101243898598646
320,320,320,"(453, 454)",0.0649866493920082,0.0291424014692023,0.0016583747927031,0.059964560907124,0.0359014050964515,0.0016583747927031,1,3,0,0,38,6.43716,5.0981805698592515,0.488013698630137,0.7061486380097622
321,321,321,"(454, 77)",0.0649866493920082,0.028325817361894,0.0024875621890547,0.061472805425033,0.0361218438314314,0.0024875621890547,9,7,0,1,30,6.43344,5.0721962555124245,0.4657534246575342,0.7400803023145961
322,322,322,"(77, 78)",0.0502935175408907,0.0311684283979014,0.0033167495854063,0.0466505539823549,0.0359270734032411,0.0033167495854063,10,4,0,9,16,6.93148,5.469117219889619,0.5276908023483365,3.017123287671233
323,323,323,"(78, 73)",0.0690343506606587,0.0313376987839102,0.0024875621890547,0.0651500828347716,0.0359517066626919,0.0024875621890547,8,8,1,24,24,7.32202,6.640972827378595,0.5798434442270058,17.397220910092898
324,324,324,"(73, 74)",0.0766164952626828,0.0313654096228868,0.0033167495854063,0.0700622563969541,0.0357555812505559,0.0033167495854063,26,8,0,16,16,14.83262,11.523832158229686,4.6535714285714285,15.118131002991655
325,325,325,"(74, 554)",0.0447677272208143,0.0304215119945513,0.0016583747927031,0.0454774717622954,0.0353178902978299,0.0016583747927031,10,8,1,26,38,7.40306,5.774010404288468,0.5881115459882583,25.99240277121713
326,326,326,"(554, 553)",0.0447677272208143,0.0295327652071701,0.0016583747927031,0.0450392094099095,0.0349930362116991,0.0016583747927031,4,6,1,45,46,7.39284,5.762866724761678,0.5692759295499021,41.06211620217289
327,327,327,"(553, 552)",0.0447677272208143,0.0286944728639748,0.0016583747927031,0.0446648484406101,0.0347180240089817,0.0016583747927031,10,2,0,40,40,7.43068,5.765084897937627,0.5813111545988259,36.147417729491416
328,328,328,"(552, 65)",0.0447677272208143,0.0279024570820415,0.0024875621890547,0.0452567300533999,0.0344876890960565,0.0024875621890547,7,3,7,42,42,7.4183,5.771026433230347,0.5938845401174169,38.827625570776256
329,329,329,"(65, 66)",0.0422667466465074,0.0301975611588251,0.0033167495854063,0.0365830549168066,0.0338916366906474,0.0033167495854063,4,6,1,17,18,7.57502,7.344820301565925,0.5913405088062622,16.79782711384034
330,330,330,"(66, 515)",0.0387666849182921,0.030325890162945,0.0024875621890547,0.0369908684328536,0.0333333333333333,0.0024875621890547,9,12,0,47,48,7.87882,9.269164752171962,0.6471624266144814,46.12655487324831
331,331,331,"(515, 514)",0.0387666849182921,0.0294412030368869,0.0016583747927031,0.0343036595540153,0.0324202263501707,0.0016583747927031,11,5,1,39,40,7.85768,9.24149040111965,0.6570450097847358,38.33128641158873
332,332,332,"(514, 49)",0.0387666849182921,0.0286066701456425,0.0024875621890547,0.0332690411429112,0.0315640703517587,0.0024875621890547,7,12,0,42,42,7.87864,9.344265758271938,0.6872309197651664,40.27361832782239
333,333,333,"(49, 50)",0.0337423597942581,0.0282495139490759,0.0033167495854063,0.0280843909365321,0.0307347282040826,0.0033167495854063,13,11,0,13,14,7.9216,7.6429797459663575,0.6673189823874756,12.783538025507793
334,334,334,"(50, 519)",0.0170805722425218,0.0275455666712347,0.0024875621890547,0.0163382707903751,0.0298884758364312,0.0024875621890547,8,4,1,44,44,7.99226,7.589189046449603,0.6704500978473581,41.970280270823494
335,335,335,"(519, 518)",0.0170805722425218,0.0268137047824443,0.0016583747927031,0.0142034222838827,0.0290721500373647,0.0016583747927031,9,6,0,40,40,8.0156,7.575193429982307,0.6673679060665362,38.158164068650606
336,336,336,"(518, 53)",0.0170805722425218,0.0261197262410118,0.0024875621890547,0.0127713246146464,0.028304543747653,0.0024875621890547,7,3,1,36,40,8.02858,7.6086508753862,0.6680039138943249,38.36124232404346
337,337,337,"(53, 54)",0.0120765467269461,0.025594770686984,0.0024875621890547,0.008017972139032,0.0275676046357464,0.0024875621890547,7,8,0,16,16,8.03782,7.832765586627585,0.6561154598825831,15.202527161076995
338,338,338,"(55, 52)",0.0084625282990304,0.0243769328724758,0.0024875621890547,0.0033645125988706,0.0272185609822154,0.0024875621890547,9,8,1,14,16,8.10496,6.385592437085743,0.6831213307240704,9.070973075106282
339,339,339,"(52, 516)",0.0175779863771441,0.024095904095904,0.0024875621890547,0.0147201146210583,0.0279418919858205,0.0024875621890547,10,9,0,41,42,8.0632,8.022340172700625,0.6622309197651663,39.068847425602264
340,340,340,"(516, 517)",0.0175779863771441,0.0235340033173968,0.0016583747927031,0.016226826332624,0.0286896945475306,0.0016583747927031,10,10,0,40,40,8.06718,8.056008872692704,0.6801369863013699,37.4149740198394
341,341,341,"(517, 51)",0.0175779863771441,0.0229977116704805,0.0024875621890547,0.0190343107844502,0.0294843898980514,0.0024875621890547,9,3,2,42,44,8.06408,8.41347804272624,0.6700097847358122,41.30940009447331
342,342,342,"(51, 48)",0.0275028892945533,0.0268782455592948,0.0033167495854063,0.0241139382916918,0.0302954180064308,0.0033167495854063,8,6,2,14,16,7.9877,8.023502072935647,0.6730430528375734,14.672886159659896
343,343,343,"(48, 512)",0.0356870290700104,0.0265089901965094,0.0024875621890547,0.0342862593975353,0.0311121430229858,0.0024875621890547,5,8,1,44,44,7.9755,5.8697351395600625,0.6519569471624266,41.76920957329554
344,344,344,"(512, 513)",0.0356870290700104,0.02583049540577,0.0016583747927031,0.0355604655154516,0.0319436351115113,0.0016583747927031,12,8,0,40,40,7.98068,5.855000132034117,0.6590019569471625,38.009211147850735
345,345,345,"(513, 67)",0.0356870290700104,0.0251858658424525,0.0024875621890547,0.0380103125067163,0.0328315138975852,0.0024875621890547,8,4,1,43,44,8.00488,5.872138160500674,0.6889432485322896,42.04924421350968
346,346,346,"(67, 64)",0.0490518325308069,0.0296482041448484,0.0033167495854063,0.0401453313892146,0.0336101666573769,0.0033167495854063,8,4,0,18,18,7.92496,7.58248171327471,0.6552348336594912,16.772752322468904
347,347,347,"(64, 549)",0.0402193954395602,0.0294146341463414,0.0024875621890547,0.0362902087987733,0.0339106962096502,0.0024875621890547,5,9,1,44,44,7.79122,8.958356439303916,0.6489236790606654,42.48594709494568
348,348,348,"(549, 550)",0.0402193954395603,0.0285829402981537,0.0016583747927031,0.035518740721757,0.034104405859397,0.0016583747927031,8,6,0,42,42,7.81186,8.92603448731152,0.6315557729941291,40.53763186899701
349,349,349,"(550, 551)",0.0402193954395602,0.0277969852025999,0.0016583747927031,0.0359107957529371,0.0343844443177282,0.0016583747927031,4,10,0,38,38,7.78988,8.930470833663419,0.6364970645792564,36.616044717367345
350,350,350,"(551, 75)",0.0402193954395602,0.0270530967495906,0.0024875621890547,0.037234868336886,0.0347090312553963,0.0024875621890547,5,5,1,33,36,7.76614,8.97647152024083,0.6409491193737769,34.7410643993072
351,351,351,"(75, 72)",0.0386633788420499,0.0306784360611533,0.0033167495854063,0.0352503148866556,0.0350153881888392,0.0033167495854063,5,10,0,11,16,7.57962,7.37706303308775,0.6086594911937377,14.861635962840497
352,352,352,"(72, 79)",0.0896264355207191,0.0302612099465535,0.0024875621890547,0.0950108224967367,0.0354643298241486,0.0024875621890547,7,12,0,23,26,7.45284,7.441310834719691,0.5906555772994129,24.84148165643206
353,353,353,"(79, 76)",0.1126278989275208,0.0313654096228868,0.0033167495854063,0.1056282363073094,0.0357672459813749,0.0033167495854063,18,14,0,13,14,14.8133,11.254244896881355,5.938894324853229,12.84337112265785
354,354,354,"(76, 455)",0.0639538544873904,0.0304215119945513,0.0016583747927031,0.0525607993848543,0.0354205827067669,0.0016583747927031,6,5,0,0,30,7.40118,5.6504000633763765,0.574412915851272,1.0199574870099197
355,355,355,"(455, 456)",0.0639538544873904,0.0295327652071701,0.0016583747927031,0.0525118067181663,0.0353935552033808,0.0016583747927031,6,5,1,2,38,7.37398,5.658506958197998,0.5753913894324854,1.009644150527476
356,356,356,"(456, 457)",0.0639538544873904,0.0286944728639748,0.0016583747927031,0.0526199433535216,0.0354810238305383,0.0016583747927031,11,2,0,2,40,7.39906,5.63202091420423,0.5892367906066536,0.9938985986458826
357,357,357,"(457, 83)",0.0639538544873904,0.0279024570820415,0.0024875621890547,0.0542358806905487,0.0356825847683294,0.0024875621890547,4,8,1,0,32,7.40662,5.6413425229079195,0.5773972602739726,1.1869390647142182
358,358,358,"(83, 80)",0.0636038296002998,0.0311153538532985,0.0033167495854063,0.0511643548654969,0.0358917889348531,0.0033167495854063,7,7,1,3,22,6.9167,5.35873669756265,0.526320939334638,0.9821681624940954
359,359,359,"(80, 431)",0.0524432071200823,0.030324365099321,0.0024875621890547,0.0418271410097606,0.0354841557065937,0.0024875621890547,7,2,0,1,38,5.66396,4.301328263223217,0.3852739726027397,0.6093922216973705
360,360,360,"(431, 430)",0.0524432071200823,0.0294397656536067,0.0016583747927031,0.0400367859748376,0.035142932074482,0.0016583747927031,7,6,1,0,34,5.64746,4.287279833108875,0.3884050880626223,0.6419855140922689
361,361,361,"(430, 84)",0.0524432071200823,0.0286053130929791,0.0016583747927031,0.0398397011936074,0.0349991293748911,0.0016583747927031,3,3,0,1,36,5.66296,4.301064194987985,0.39882583170254404,0.711502125649504
362,362,362,"(84, 86)",0.0844202513594663,0.0313409563409563,0.0033167495854063,0.0636829117171171,0.0350601779173207,0.0033167495854063,13,14,1,3,56,12.61896,9.78013678734585,2.9484344422700586,4.8200677058730905
363,363,363,"(86, 91)",0.0691150681421322,0.0303939111368734,0.0024875621890547,0.0531312004676088,0.0343756235213636,0.0024875621890547,4,1,0,0,14,6.31848,4.859885394385909,0.4480430528375734,0.6830026767438199
364,364,364,"(91, 88)",0.0291461712710242,0.0302650070267014,0.0024875621890547,0.0189964033937595,0.0336111033694713,0.0024875621890547,11,6,0,0,16,7.23928,5.496342654942037,0.5345890410958904,1.6930011021886318
365,365,365,"(576, 577)",0.0577153257620217,0.0215865969785923,0.0016583747927031,0.0686399997438859,0.0333342546781281,0.0016583747927031,9,3,1,21,22,7.35776,3.7995986162824473,0.574853228962818,19.25562903479767
366,366,366,"(577, 578)",0.0577153257620217,0.0211393514460999,0.0016583747927031,0.0697634741193576,0.0341034414501032,0.0016583747927031,13,3,1,17,21,7.34514,3.817660883572315,0.5715264187866927,18.911903637222483
367,367,367,"(578, 72)",0.0577153257620217,0.0207102623986811,0.0024875621890547,0.0713412162552014,0.0349352568002085,0.0024875621890547,6,4,0,27,27,7.38694,3.8354062689799044,0.587426614481409,25.34179656746969
368,368,368,"(72, 73)",0.0067522690833522,0.0302581729683618,0.0024875621890547,0.0117274590604805,0.0350031926626806,0.0024875621890547,4,8,0,11,13,7.46246,6.1749980194882355,0.5961350293542075,12.116044717367343
369,369,369,"(74, 75)",0.0310188925231967,0.0304138400625425,0.0024875621890547,0.0178603451591049,0.0348998726704479,0.0024875621890547,11,5,1,9,13,7.42604,5.737304919591223,0.5832191780821918,6.8063297118564
370,370,370,"(75, 978)",0.0325749091207071,0.0306948332909137,0.0024875621890547,0.0198078452480574,0.0342857142857142,0.0024875621890547,8,5,2,13,16,7.59012,7.355805540151575,0.6075342465753425,14.809203275074792
371,371,371,"(978, 977)",0.0325749091207071,0.0297983791263095,0.0016583747927031,0.0177681209751429,0.0334841880223227,0.0016583747927031,8,3,0,16,17,7.61098,7.324064538276691,0.6098336594911937,15.945244843331759
372,372,372,"(977, 976)",0.0325749091207071,0.0289528016517021,0.0016583747927031,0.0166340298552959,0.0327352677723188,0.0016583747927031,15,7,4,16,18,7.58784,7.366130608149145,0.6112035225048924,16.93260903794678
373,373,373,"(976, 975)",0.0325749091207071,0.028153889252031,0.0016583747927031,0.0155282959286045,0.0320327233127041,0.0016583747927031,8,7,0,21,21,7.61934,7.319179275924899,0.6127690802348337,19.903204219807904
374,374,374,"(41, 42)",0.0052882200339932,0.0232935450225982,0.0024875621890547,0.0035976413771467,0.0264189796052487,0.0024875621890547,5,5,0,5,7,7.94284,5.296971137341889,0.6562133072407045,3.749921272240592
375,375,375,"(42, 999)",0.009425211425583,0.0245606174775471,0.0024875621890547,0.0055152915394788,0.0263008679722597,0.0024875621890547,14,6,0,14,15,7.96876,11.886160183791493,0.6558219178082192,13.247283892300425
376,376,376,"(999, 1000)",0.009425211425583,0.0239780499443295,0.0016583747927031,0.0037114354880832,0.0256655813062631,0.0016583747927031,10,14,3,17,17,7.99142,14.857218305210067,0.6588551859099804,15.435640056683987
377,377,377,"(1000, 1001)",0.009425211425583,0.0234224785876595,0.0016583747927031,0.0022363158001595,0.0250644276332197,0.0016583747927031,10,7,0,14,16,7.98164,14.835432675803428,0.6645303326810176,14.51661155723508
378,378,378,"(1001, 45)",0.009425211425583,0.0228920693975171,0.0024875621890547,0.0027292606115095,0.0249782527650055,0.0024875621890547,8,14,0,15,15,8.01658,13.959307084950751,0.6512720156555774,13.687017792473625
379,379,379,"(44, 536)",0.0046166126490644,0.0218091070201453,0.0016583747927031,0.0021941051523153,0.0241098738529817,0.0016583747927031,9,1,1,1,15,8.04206,3.1213393540890966,0.6563111545988258,6.32825539285152
380,380,380,"(536, 537)",0.0046166126490644,0.0213485333947,0.0016583747927031,0.0029964479014025,0.0246595509753404,0.0016583747927031,6,7,0,14,16,8.0337,3.5332593942274686,0.6715264187866927,11.827428751377736
381,381,381,"(537, 538)",0.0046166126490644,0.0209070106095277,0.0016583747927031,0.0045489632670101,0.0252412147596224,0.0016583747927031,8,7,2,17,17,8.04922,5.942750006601706,0.6621819960861057,14.7242953865533
382,382,382,"(538, 43)",0.0046166126490644,0.0204833806070282,0.0024875621890547,0.0063211110114287,0.0258554154875225,0.0024875621890547,8,12,0,14,14,8.0235,10.89020042779054,0.6711350293542074,12.800582585419619
383,383,383,"(43, 40)",0.0133055331915801,0.0240009552619009,0.0024875621890547,0.0052921523295183,0.0264050971033214,0.0024875621890547,11,7,1,7,7,8.00652,6.659906519844728,0.6686888454011741,6.210478664777201
384,384,384,"(69, 70)",0.0052603510800079,0.0295711448397616,0.0024875621890547,0.0058831522653114,0.0342983903077185,0.0024875621890547,8,7,0,6,8,7.94002,6.2803876521693205,0.6419765166340509,4.373090851834357
385,385,385,"(70, 948)",0.0257785006338916,0.0308337381433283,0.0024875621890547,0.030275651268306,0.0339938551737745,0.0024875621890547,5,25,1,25,25,8.30356,21.42000052813647,0.7250489236790607,23.284010392064243
386,386,386,"(948, 949)",0.0257785006338916,0.0299196189342066,0.0016583747927031,0.0282944486219248,0.0330447172292854,0.0016583747927031,5,21,0,21,21,8.26216,20.604161715387256,0.7013698630136986,20.169618957644467
387,387,387,"(949, 61)",0.0257785006338916,0.0290581403753945,0.0016583747927031,0.0269032684495469,0.0321557125716571,0.0016583747927031,8,20,1,20,20,8.28998,19.661253267844412,0.6996086105675147,19.232876712328768
388,388,388,"(61, 62)",0.0289765491189902,0.0287745753006298,0.0033167495854063,0.0271063148219974,0.0313214211510492,0.0033167495854063,13,7,6,7,8,16.29988,7.652222134199477,8.16692759295499,7.2681861124232405
389,389,389,"(62, 545)",0.0098738671786296,0.0279768947038764,0.0016583747927031,0.0108121879012815,0.0304184427573334,0.0016583747927031,8,10,0,14,20,8.1757,6.865800522855106,0.6772504892367907,14.106282475200755
390,390,390,"(545, 546)",0.0098738671786296,0.0272222473026048,0.0016583747927031,0.0092522834126596,0.0295733202550269,0.0016583747927031,14,17,1,18,19,8.14518,12.335155404156435,0.6829745596868885,17.745079515037002
391,391,391,"(546, 57)",0.0098738671786296,0.0265072422357518,0.0016583747927031,0.0077043522524166,0.0287793819353299,0.0016583747927031,9,21,0,21,21,8.14594,19.573952309276716,0.690068493150685,20.11285624311132
392,392,392,"(57, 58)",0.0115432519284628,0.026007073233848,0.0024875621890547,0.0064355624965492,0.0280347761402203,0.0024875621890547,23,7,9,7,7,16.24444,6.766220391349124,4.920352250489237,6.259526058888364
393,393,393,"(59, 56)",0.0062096158213083,0.0247242609373078,0.0024875621890547,0.0009334335444036,0.0277976259075717,0.0024875621890547,5,3,3,5,8,8.10474,4.693733660777945,0.6770058708414873,4.16926468272713
394,394,394,"(56, 544)",0.0141850518205259,0.0250571369208393,0.0024875621890547,0.0083235638026413,0.0285700748602293,0.0024875621890547,4,7,0,22,22,8.08472,8.079642979745966,0.6679549902152642,20.035230672335064
395,395,395,"(544, 543)",0.0141850518205259,0.0244500760263558,0.0016583747927031,0.0097784897754589,0.0293523498916932,0.0016583747927031,6,12,0,19,20,8.05656,8.201061554305632,0.671771037181996,18.386828845851046
396,396,396,"(543, 63)",0.0141850518205259,0.0238717339667458,0.0024875621890547,0.011810109821179,0.0301847124192821,0.0024875621890547,8,11,0,11,19,8.0559,10.45401251683435,0.6639432485322896,17.48744292237443
397,397,397,"(63, 60)",0.0190382638608315,0.0273134936812066,0.0033167495854063,0.0125516420192111,0.0310097451852613,0.0033167495854063,3,7,0,5,8,8.1283,6.886080963320922,0.6904109589041096,6.961344670130688
398,398,398,"(60, 547)",0.0330914849986504,0.0276491356779311,0.0024875621890547,0.0240058989292223,0.0318929497011688,0.0024875621890547,11,9,1,21,22,8.0258,9.901000818611529,0.6898727984344423,20.935954967721617
399,399,399,"(547, 548)",0.0330914849986504,0.0269118336197085,0.0016583747927031,0.0251218014554853,0.0327672870533894,0.0016583747927031,6,10,1,16,19,8.01412,9.911299479785576,0.6802837573385518,18.034049755943947
400,400,400,"(548, 71)",0.0330914849986504,0.0262128325508607,0.0024875621890547,0.0273787642959736,0.033702213279678,0.0024875621890547,7,16,1,24,24,8.03498,13.150254825846998,0.6841976516634051,23.020941584002518
401,401,401,"(71, 68)",0.0347817427922091,0.0302028549962434,0.0024875621890547,0.025142243340667,0.0343726842615288,0.0024875621890547,8,8,1,8,8,8.19076,7.049935303282368,0.6996086105675147,7.115651078570304
402,402,402,"(45, 46)",0.0019377524548763,0.0224660494402116,0.0024875621890547,0.0004706142585122,0.024386791498999,0.0024875621890547,8,8,1,8,8,8.03126,7.853336502152156,0.6522504892367906,7.164698472681468
403,403,403,"(47, 44)",0.0108854069899465,0.0222899916828389,0.0024875621890547,0.0027655161203212,0.0244689268975591,0.0024875621890547,12,6,7,7,7,16.10112,6.130423301381077,5.966095890410959,3.8850574712643677
404,404,404,"(44, 45)",0.0054389188222098,0.021805163809937,0.0024875621890547,0.0029735527843815,0.0248419057820256,0.0024875621890547,5,4,4,10,14,8.0572,5.422377142253558,0.6756849315068493,6.382144544166273
405,405,405,"(45, 528)",0.0129263777929164,0.0224710726862807,0.0024875621890547,0.0073705228233555,0.0253659767794043,0.0024875621890547,8,8,0,33,34,7.99472,9.677678312075841,0.6651174168297456,30.978704141080144
406,406,406,"(528, 529)",0.0129263777929164,0.021983230040102,0.0016583747927031,0.0083552847099227,0.0257703320654728,0.0016583747927031,8,7,0,29,30,8.04608,9.707174733951254,0.6636497064579256,27.439694536293498
407,407,407,"(529, 530)",0.0129263777929164,0.0215161192485415,0.0016583747927031,0.009409946853332,0.0261991657977059,0.0016583747927031,9,9,0,31,32,8.01276,9.686894293485437,0.6651663405088063,29.42678318375059
408,408,408,"(530, 531)",0.0129263777929164,0.0210684462457636,0.0016583747927031,0.0105036977310622,0.0266542898819785,0.0016583747927031,7,11,0,32,32,7.99808,9.693522406189759,0.662426614481409,29.514249724452842
409,409,409,"(531, 52)",0.0129263777929164,0.0206390224701795,0.0024875621890547,0.0121484612860325,0.0272357723577235,0.0024875621890547,5,12,0,37,38,8.0068,9.695951833953893,0.6632093933463796,35.323964729963784
410,410,410,"(52, 53)",0.0038109197148027,0.0240920532182668,0.0033167495854063,0.0041234232856418,0.0274483920158408,0.0033167495854063,11,9,0,28,28,8.0831,8.059177691515488,0.6647260273972603,26.13419146591088
411,411,411,"(53, 539)",0.0088149452303784,0.0255991169790494,0.0024875621890547,0.0064730118387125,0.0279509583516814,0.0024875621890547,6,18,2,32,32,8.04892,7.823523198394465,0.6690802348336595,30.375846323413636
412,412,412,"(539, 541)",0.0088149452303784,0.0249658427524531,0.0016583747927031,0.0058467314814632,0.0280152388031964,0.0016583747927031,4,7,1,31,32,8.0344,7.8787926800285195,0.6767123287671233,30.57321681624941
413,413,413,"(541, 56)",0.0088149452303784,0.0243631441789054,0.0024875621890547,0.0062845639484604,0.0281492892654576,0.0024875621890547,4,5,0,43,44,8.03948,11.49695001188307,0.6805772994129159,42.692253188474254
414,414,414,"(56, 57)",0.0008395092311609,0.0250529727034775,0.0024875621890547,0.0007808414296793,0.0278264882325796,0.0024875621890547,6,14,0,16,16,8.07766,15.380152631439964,0.6630626223091977,15.118603369548103
415,415,415,"(58, 59)",0.0115432519284628,0.0253494482396216,0.0024875621890547,0.0044986366605112,0.0275267050123253,0.0024875621890547,17,11,2,13,16,16.23716,7.044865193165914,5.076320939334638,10.808730908518344
416,416,416,"(59, 542)",0.0045037605884822,0.0247283165880664,0.0016583747927031,0.0035764289007499,0.0273122565449769,0.0016583747927031,12,4,1,40,42,8.1231,3.5253373471705087,0.676174168297456,32.587938907258696
417,417,417,"(542, 540)",0.0045037605884822,0.0241368958270789,0.0016583747927031,0.0032363983532161,0.0271584920956627,0.0016583747927031,11,3,0,32,32,8.11004,3.5190261163484644,0.6964774951076321,30.09762242166588
418,418,418,"(540, 54)",0.0045037605884822,0.0235731039874902,0.0016583747927031,0.0030529959145615,0.0270810410257561,0.0016583747927031,8,4,0,35,36,8.14456,3.5539623438696557,0.6695205479452054,34.77346087230357
419,419,419,"(54, 55)",0.0174101828341005,0.0249844623990055,0.0033167495854063,0.0104623674923552,0.0270603809993941,0.0033167495854063,11,17,0,24,24,16.17714,12.791887823813674,6.334491193737769,23.22401983939537
420,420,420,"(55, 535)",0.0081177790163979,0.0243828470916479,0.0016583747927031,0.006733272742296,0.0263894967177242,0.0016583747927031,7,30,0,28,30,8.06838,24.91935356096015,0.6675636007827789,25.00511730436152
421,421,421,"(535, 534)",0.0081177790163979,0.0238095238095238,0.0016583747927031,0.0055078400769467,0.0259299075467641,0.0016583747927031,9,36,0,36,36,8.06144,35.48736433494415,0.664334637964775,35.14265470004724
422,422,422,"(534, 533)",0.0081177790163979,0.0232625426769284,0.0016583747927031,0.0044292662290246,0.0254989851150202,0.0016583747927031,6,32,0,34,34,8.069,33.78473157463889,0.686839530332681,33.22311447016218
423,423,423,"(533, 532)",0.0081177790163979,0.0227401289738658,0.0016583747927031,0.0033784619396414,0.0250925887395447,0.0016583747927031,7,31,0,29,32,8.08634,31.81554833769046,0.677495107632094,31.282475200755787
424,424,424,"(532, 46)",0.0081177790163979,0.0222406639004149,0.0016583747927031,0.0023551825430831,0.0247090640878544,0.0016583747927031,7,31,1,31,32,8.07954,31.81937732710132,0.6803816046966732,31.283734844906313
425,425,425,"(46, 47)",0.0108854069899465,0.0227968696835658,0.0024875621890547,0.0015989161581256,0.0243469132313158,0.0024875621890547,13,12,7,10,12,16.09508,11.822308484512398,5.528326810176125,11.304282790111793
426,426,426,"(76, 77)",0.0478441689214587,0.0304138400625425,0.0024875621890547,0.0485852623787525,0.0358629713334126,0.0024875621890547,6,7,1,2,13,7.42218,5.6247326309118275,0.5969178082191781,1.0131868997008344
427,427,427,"(77, 477)",0.0625373007725766,0.0311813222328515,0.0024875621890547,0.0639132786740518,0.0363625399505517,0.0024875621890547,6,9,0,0,16,6.89458,5.335102590509388,0.5249510763209393,0.8649818926153362
428,428,428,"(477, 476)",0.0625373007725766,0.0302528597230583,0.0016583747927031,0.0625078497045527,0.036405349110997,0.0016583747927031,7,4,3,0,20,6.91712,5.366949219678365,0.5299412915851271,0.8768304204062353
429,429,429,"(476, 475)",0.0625373007725766,0.029378090667706,0.0016583747927031,0.0626996859610174,0.0365565322825098,0.0016583747927031,9,6,2,4,20,6.89168,5.336819034038395,0.5258317025440313,0.8590379467800346
430,430,430,"(475, 474)",0.0625373007725766,0.0285524882806951,0.0016583747927031,0.0630470483421425,0.0368086924673422,0.0016583747927031,7,2,0,0,21,6.9014,5.353085637328686,0.5370841487279844,0.8819477247677531
431,431,431,"(474, 473)",0.0625373007725766,0.0277720207253886,0.0016583747927031,0.0635143433275282,0.0372118855873368,0.0016583747927031,7,1,0,1,19,6.90838,5.352531094034698,0.523972602739726,0.9093843489214297
432,432,432,"(473, 472)",0.0625373007725766,0.0270330852685376,0.0016583747927031,0.0640455255011207,0.0376592555583312,0.0016583747927031,7,4,1,1,21,6.9126,5.3653912170904965,0.5364970645792564,0.935128326247835
433,433,433,"(472, 108)",0.0625373007725766,0.0263324526736391,0.0024875621890547,0.0652842439747913,0.0381464494701882,0.0024875621890547,12,3,2,0,17,6.9124,5.93287385460403,0.5365949119373777,0.9463076680837663
434,434,434,"(108, 109)",0.0416837501224694,0.0325743456770115,0.0033167495854063,0.0510036932219836,0.0381331815594763,0.0033167495854063,5,5,0,3,7,7.29574,4.899099527317859,0.5877690802348337,0.9005274759880334
435,435,435,"(109, 645)",0.0451694337375887,0.0330501507262263,0.0024875621890547,0.0535793726211046,0.0380333659213472,0.0024875621890547,1,5,0,3,18,6.5042,4.688346668779213,0.4885518590998043,0.9666587938907258
436,436,436,"(645, 646)",0.0451694337375887,0.0320055200233539,0.0016583747927031,0.0517640409725683,0.0375537148907018,0.0016583747927031,3,4,0,0,19,6.5243,4.699754416541234,0.4917318982387476,1.043339631554086
437,437,437,"(646, 647)",0.0451694337375887,0.0310249022432599,0.0016583747927031,0.0515650576177047,0.0374081081919414,0.0016583747927031,8,8,0,0,14,6.52174,4.769679685230663,0.4953522504892368,1.1030940009447332
438,438,438,"(647, 118)",0.0451694337375887,0.0301025884232334,0.0016583747927031,0.0514265931081495,0.037291280148423,0.0016583747927031,6,2,1,1,13,6.53324,5.698434075365074,0.48664383561643837,2.104274917335853
439,439,439,"(118, 957)",0.0512209419870284,0.0312443327547345,0.0024875621890547,0.058072485456396,0.0371935235158057,0.0024875621890547,9,12,1,9,13,14.37264,9.937468641897066,3.9607632093933463,7.057982994803968
440,440,440,"(957, 120)",0.0512209419870284,0.0303015075376884,0.0024875621890547,0.0583750809576334,0.0369779849144539,0.0024875621890547,16,14,9,14,14,14.40752,9.624864665029444,2.7926614481409002,5.405841599748071
441,441,441,"(120, 663)",0.0211681335140801,0.0294239636958059,0.0016583747927031,0.0441792325822986,0.0365764891423025,0.0016583747927031,6,6,1,0,14,7.20842,4.892471414613536,0.5573385518590998,0.7798771846953235
442,442,442,"(663, 664)",0.0211681335140801,0.0285958173282116,0.0016583747927031,0.0438881353927063,0.0363636363636363,0.0016583747927031,12,6,0,1,18,7.19026,5.255089915234096,0.561692759295499,0.8042827901117934
443,443,443,"(664, 665)",0.0211681335140801,0.0278130116925347,0.0016583747927031,0.0436582358106051,0.0361792764144717,0.0016583747927031,6,3,0,2,16,7.19104,5.775119490876443,0.5608610567514677,0.7848763974177295
444,444,444,"(665, 666)",0.0211681335140801,0.0270719224207596,0.0016583747927031,0.0435196375491357,0.0360667504037322,0.0016583747927031,7,2,1,1,19,7.18594,7.697958752541656,0.5538649706457925,0.7965674696898126
445,445,445,"(666, 667)",0.0211681335140801,0.0263693014102984,0.0016583747927031,0.0434722488586554,0.0360290383293998,0.0016583747927031,7,2,0,0,18,7.17256,11.122527661147641,0.5663894324853229,0.8792316170681782
446,446,446,"(668, 669)",0.0261630987524342,0.0265177334593988,0.0016583747927031,0.0239708199185624,0.0352889539136795,0.0016583747927031,6,4,0,1,17,6.87596,5.924766959782408,0.5354696673189824,0.9381199811053378
447,447,447,"(669, 670)",0.0261630987524342,0.0258432263318047,0.0016583747927031,0.0240210661612902,0.0353251318101933,0.0016583747927031,6,8,1,0,17,6.87628,5.944730518365946,0.5278375733855186,0.9468981262793261
448,448,448,"(670, 671)",0.0261630987524342,0.0252021816813992,0.0016583747927031,0.0241614869302292,0.0354330708661417,0.0016583747927031,4,10,0,0,18,6.88012,5.928067812722808,0.5255381604696673,0.9479609510313336
449,449,449,"(671, 672)",0.0261630987524342,0.0245921696574225,0.0016583747927031,0.0244063483359181,0.0356098857294711,0.0016583747927031,8,5,0,3,19,6.908,5.925136655311732,0.524853228962818,0.9237521650133838
450,450,450,"(672, 121)",0.0261630987524342,0.0240109901049236,0.0024875621890547,0.028484601071574,0.0360193536825757,0.0024875621890547,6,6,1,2,15,6.89678,5.936121893897383,0.5379647749510763,0.9289088332546056
451,451,451,"(121, 956)",0.0280777991095697,0.0293974258970358,0.0024875621890547,0.0315210910913026,0.0361586663868317,0.0024875621890547,10,9,1,0,14,7.0747,5.284876812168264,0.538747553816047,0.853369548102661
452,452,452,"(956, 119)",0.0280777991095697,0.0285612788632326,0.0024875621890547,0.0326873862679059,0.0363932645301466,0.0024875621890547,7,5,0,2,13,7.04448,6.219968839948242,0.5376223091976516,0.9489844119036372
453,453,453,"(119, 650)",0.0346948521569194,0.0285079425113464,0.0024875621890547,0.0382205721867012,0.0368030760780005,0.0024875621890547,6,10,2,2,19,7.87554,6.75536718688109,0.6567025440313111,1.0795937647614549
454,454,454,"(650, 649)",0.0346948521569194,0.0277273249798827,0.0016583747927031,0.0379287847807976,0.0369168605363046,0.0016583747927031,11,6,0,2,16,7.86724,6.773086165465156,0.6579745596868884,1.0775468430168478
455,455,455,"(649, 648)",0.0346948521569194,0.0269883184890122,0.0016583747927031,0.0381348465942033,0.0370586608487232,0.0016583747927031,7,9,0,4,15,7.84738,6.758879294409676,0.6509784735812133,1.0613289245788065
456,456,456,"(648, 110)",0.0346948521569194,0.0262876822808814,0.0024875621890547,0.0397783015259717,0.0375595627394188,0.0024875621890547,4,9,3,0,17,7.86552,7.085082785391745,0.6621819960861057,1.1019130845536136
457,457,457,"(110, 111)",0.0471195481201467,0.0327583865272307,0.0033167495854063,0.0438483342560616,0.0379543666404406,0.0033167495854063,9,8,0,1,9,7.19454,5.689799044072989,0.5680039138943248,0.9041883168005038
458,458,458,"(111, 564)",0.040912421007898,0.0326811554929272,0.0024875621890547,0.0415079020208556,0.0376945677314496,0.0024875621890547,10,10,1,3,17,7.76604,6.249861364176503,0.6259784735812133,1.103605731380885
459,459,459,"(564, 481)",0.040912421007898,0.0316626847646302,0.0016583747927031,0.0398977071146796,0.0372187760392556,0.0016583747927031,6,7,0,1,20,7.74686,6.252898148881671,0.6584148727984345,1.1935915603841916
460,460,460,"(481, 480)",0.0409124210078979,0.0307057745187901,0.0016583747927031,0.0393664193396314,0.0367817494205197,0.0016583747927031,7,5,2,0,19,7.74904,6.255591644881037,0.6378180039138943,1.2440954180444024
461,461,461,"(480, 479)",0.0409124210078979,0.0298050070434718,0.0016583747927031,0.038897477631347,0.0363877741906284,0.0016583747927031,5,3,0,2,20,7.75206,6.22374501571206,0.6547945205479452,1.3783656117146905
462,462,462,"(479, 478)",0.0409124210078979,0.0289555822328931,0.0016583747927031,0.0385407086920544,0.0361002185170772,0.0016583747927031,8,6,0,0,21,7.7477,6.239034566531992,0.6310665362035225,1.8158951346244685
463,463,463,"(478, 570)",0.0409124210078979,0.0281532320190489,0.0016583747927031,0.0383048323403358,0.035904611628807,0.0016583747927031,8,7,0,0,20,7.7424,6.266576883466688,0.6433463796477495,2.757439773264053
464,464,464,"(570, 78)",0.0409124210078979,0.0273941486461929,0.0024875621890547,0.0386102376479896,0.0358331352507725,0.0024875621890547,13,12,0,12,16,7.7501,6.408302305315694,0.6394814090019569,4.337899543378995
465,465,465,"(78, 79)",0.0221715878881296,0.03133444190397,0.0024875621890547,0.0167788676772452,0.0355762706864509,0.0024875621890547,8,9,3,12,13,7.33032,7.349071800153159,0.5784735812133073,8.028105810108645
466,466,466,"(80, 81)",0.0279441552543367,0.0303182663784001,0.0033167495854063,0.0322023909236081,0.0360548895333193,0.0033167495854063,2,2,0,0,26,5.703,4.285827457815099,0.39892367906066534,0.5727838135726657
467,467,467,"(81, 444)",0.0228293420451406,0.0312119878878852,0.0024875621890547,0.0267949025563338,0.0362881386531864,0.0024875621890547,4,4,1,0,34,6.2837,4.886846761203095,0.45709393346379645,0.6745394426074633
468,468,468,"(444, 445)",0.0228293420451406,0.0302802048809882,0.0016583747927031,0.0254050016911373,0.0363636363636363,0.0016583747927031,8,5,1,0,40,6.32114,4.893395653436848,0.44867906066536206,0.677924736262006
469,469,469,"(445, 446)",0.0228293420451406,0.0294024428895336,0.0016583747927031,0.0256389910830714,0.0365498848345254,0.0016583747927031,8,6,0,0,38,6.28828,4.894795215083578,0.45704500978473583,0.6835537710596756
470,470,470,"(446, 447)",0.0228293420451406,0.0285741363787139,0.0016583747927031,0.0260332365176752,0.0368717133423015,0.0016583747927031,1,5,0,0,38,6.291,4.870263276030526,0.4561154598825832,0.6789481971343095
471,471,471,"(447, 955)",0.0228293420451406,0.0277912201866574,0.0016583747927031,0.0265132018363102,0.0372693840971599,0.0016583747927031,3,3,2,1,40,6.29184,4.918878238136735,0.44809197651663407,0.6694615021256495
472,472,472,"(955, 100)",0.0228293420451406,0.0270500628027992,0.0024875621890547,0.02768518859077,0.0377252252252252,0.0024875621890547,6,10,0,4,32,6.33174,4.893580501201511,0.4506849315068493,0.7010706975279484
473,473,473,"(100, 101)",0.0160206344946544,0.0319605660677373,0.0033167495854063,0.0227456025086815,0.0380129861942886,0.0033167495854063,7,10,0,0,28,6.46402,5.071192796218543,0.4617906066536204,0.9045819555975437
474,474,474,"(101, 104)",0.0266945585580626,0.032716618740166,0.0024875621890547,0.0342390019075237,0.0384688995215311,0.0024875621890547,4,3,0,1,22,6.65362,5.694314610895455,0.4939823874755382,1.5055109431585576
475,475,475,"(104, 105)",0.0907938061424776,0.0329040707191967,0.0033167495854063,0.0858224080292963,0.0389925312813217,0.0033167495854063,19,10,4,11,16,13.16584,10.62475903773535,3.3156555772994127,5.593607305936073
476,476,476,"(105, 639)",0.0756062584039916,0.0318668252080856,0.0016583747927031,0.0721245491786804,0.0387644241586577,0.0016583747927031,8,7,0,0,30,6.59916,5.325147218041142,0.48845401174168296,0.7697606676113998
477,477,477,"(639, 640)",0.0756062584039916,0.0308929760745939,0.0016583747927031,0.0719404677198523,0.0385981757081132,0.0016583747927031,13,9,0,0,38,6.5628,5.306345559692625,0.48586105675146773,0.7554715792788538
478,478,478,"(640, 641)",0.0756062584039916,0.0299768834978002,0.0016583747927031,0.0718311294521358,0.0385020591897327,0.0016583747927031,5,6,0,2,38,6.57726,5.304259420634292,0.49300391389432485,0.7545268461659581
479,479,479,"(641, 138)",0.0756062584039916,0.0291135573580533,0.0024875621890547,0.0727213523030373,0.0385192756076527,0.0024875621890547,2,3,0,0,30,6.58588,5.326810847923103,0.4734344422700587,0.7566918595496772
480,480,480,"(138, 140)",0.063329298061911,0.0319622601505353,0.0033167495854063,0.0693751852663942,0.0383587786259542,0.0033167495854063,5,1,0,5,54,5.73416,4.450817291188043,0.3976027397260274,0.6175405447960951
481,481,481,"(140, 678)",0.071182425233797,0.0327663967831331,0.0024875621890547,0.0787798823949154,0.0381984036488027,0.0024875621890547,5,7,2,0,38,6.24176,5.3629353825028385,0.449412915851272,0.7612580695953394
482,482,482,"(678, 679)",0.071182425233797,0.0317477031616079,0.0016583747927031,0.0777407876566033,0.0379304922157571,0.0016583747927031,7,4,2,0,38,6.2266,5.366447490031424,0.4563600782778865,0.7666509211147851
483,483,483,"(679, 680)",0.071182425233797,0.0307904411764705,0.0016583747927031,0.0774641681484172,0.0376945677314496,0.0016583747927031,4,1,0,0,40,6.2343,5.35823496791571,0.4446673189823875,0.7514170996693434
484,484,484,"(680, 681)",0.071182425233797,0.0298892165852933,0.0016583747927031,0.0772183164460243,0.0374871778931335,0.0016583747927031,8,5,0,1,32,6.22136,5.349864004858856,0.45303326810176126,0.7575578649031649
485,485,485,"(681, 764)",0.071182425233797,0.0290392487358536,0.0016583747927031,0.0770122447397362,0.0373155109997215,0.0016583747927031,4,5,0,4,32,6.2426,5.349811191211809,0.44823874755381604,0.7665328294756731
486,486,486,"(764, 765)",0.071182425233797,0.0282362857343541,0.0016583747927031,0.076856648846463,0.0371889358290419,0.0016583747927031,12,6,1,1,38,6.22142,5.355409437798727,0.44755381604696676,0.762163438828531
487,487,487,"(677, 676)",0.0136929460580912,0.0226100976771218,0.0016583747927031,0.0144049094041768,0.0362783142315675,0.0016583747927031,1,2,0,0,34,3.50022,1.877947661675777,0.21472602739726027,0.29074161549362304
488,488,488,"(676, 675)",0.0136929460580912,0.0221239749775274,0.0016583747927031,0.0145998773950202,0.0364328439369222,0.0016583747927031,5,1,0,0,38,3.49726,1.8762840317938154,0.2190313111545988,0.2958982837348449
489,489,489,"(675, 674)",0.0136929460580912,0.0216583158235008,0.0016583747927031,0.0148491133880992,0.0366298141173611,0.0016583747927031,3,2,0,0,40,3.5143,1.8907549710845282,0.22490215264187866,0.2935364509526059
490,490,490,"(674, 673)",0.0136929460580912,0.0212118547181426,0.0016583747927031,0.0152169921377558,0.0368796061282529,0.0016583747927031,6,2,0,0,40,3.5109,1.8854207927328421,0.21937377690802348,0.2992442135096835
491,491,491,"(673, 141)",0.0136929460580912,0.0207834284040188,0.0016583747927031,0.0158193654322464,0.0374162323157111,0.0016583747927031,5,3,0,0,40,3.5179,1.88779740684993,0.22284735812133072,0.30896709179656745
492,492,492,"(141, 139)",0.0582360472160436,0.0320301710400509,0.0033167495854063,0.0500170435524334,0.038240796524717,0.0033167495854063,11,9,2,1,52,9.69476,7.2447120335894795,1.1658512720156555,1.9872067390962054
493,493,493,"(139, 642)",0.045455207293939,0.0310464667267344,0.0016583747927031,0.0414450040022196,0.0381343873517786,0.0016583747927031,6,2,2,0,30,4.84636,3.631809659616045,0.31810176125244616,0.4853566367501181
494,494,494,"(642, 643)",0.045455207293939,0.0301213846845496,0.0016583747927031,0.0415207466090826,0.0382008235666772,0.0016583747927031,6,1,0,0,30,4.85582,3.6468615490242677,0.31350293542074364,0.49043457723193196
495,495,495,"(643, 644)",0.045455207293939,0.0292498362882297,0.0016583747927031,0.0416421346632135,0.0383063875742464,0.0016583747927031,2,1,0,0,40,4.86066,3.619451266207188,0.32318982387475537,0.48476617855455834
496,496,496,"(644, 106)",0.045455207293939,0.0284273052988874,0.0024875621890547,0.0425261687892182,0.0384811742182514,0.0024875621890547,3,1,0,0,36,4.84234,3.624125273970794,0.32093933463796476,0.4836639899228468
497,497,497,"(106, 107)",0.0058589028118971,0.0321257325519445,0.0033167495854063,0.0126261441509784,0.0381367991651645,0.0033167495854063,4,9,2,1,16,5.72794,4.477910692122845,0.40161448140900197,0.7100062982207527
498,498,498,"(107, 102)",0.0165297761996839,0.0328243651506491,0.0024875621890547,0.0210530312139833,0.0381187179973449,0.0024875621890547,7,6,4,0,22,6.53454,5.232300826533576,0.47563600782778864,1.2366162809006456
499,499,499,"(102, 103)",0.0417873668543554,0.0329040707191967,0.0033167495854063,0.0339656605219542,0.0379519778456116,0.0033167495854063,11,8,2,3,24,13.19488,10.617602788560564,3.8109589041095893,6.2817666509211145
500,500,500,"(103, 954)",0.0288021087282043,0.0318701937052403,0.0016583747927031,0.0243911523400075,0.037458069325382,0.0016583747927031,5,4,0,0,36,6.62648,5.278671208640312,0.4807729941291585,0.7540151157298063
501,501,501,"(954, 451)",0.0288021087282043,0.0308993082244427,0.0016583747927031,0.0238539581817072,0.0370086230705496,0.0016583747927031,9,7,0,0,40,6.57822,5.295941271224485,0.48312133072407043,0.7610218863171154
502,502,502,"(451, 450)",0.0288021087282043,0.0299858275939232,0.0016583747927031,0.0233747956724462,0.0366164683021617,0.0016583747927031,9,4,0,1,36,6.59132,5.297604901106446,0.4952054794520548,0.7640135411746182
503,503,503,"(450, 449)",0.0288021087282043,0.0291248068006182,0.0016583747927031,0.0229465542149114,0.0362728585178055,0.0016583747927031,15,4,0,0,38,6.58082,5.2879400036969555,0.48047945205479453,0.7420484962997953
504,504,504,"(449, 448)",0.0288021087282043,0.0283118529473906,0.0016583747927031,0.0226388559085588,0.0360107494774559,0.0016583747927031,4,6,0,0,42,6.56946,5.328157595922787,0.4808219178082192,0.7577940481813887
505,505,505,"(448, 82)",0.0288021087282043,0.027543050290047,0.0024875621890547,0.0240894751783551,0.0360096742408408,0.0024875621890547,2,4,0,1,32,6.57438,5.318175816631017,0.4963307240704501,0.7507872775940797
506,506,506,"(82, 83)",0.0295910684738331,0.0309175276232471,0.0033167495854063,0.0290138442146783,0.0356709751841225,0.0033167495854063,12,7,0,0,26,6.48442,5.086614381156091,0.46443248532289627,0.8376239962210675
507,507,507,"(105, 106)",0.0143576722198137,0.031858407079646,0.0024875621890547,0.0168598276314575,0.0383392675483214,0.0024875621890547,5,4,0,0,13,6.58818,5.272175130053606,0.476027397260274,0.754959848842702
508,508,508,"(106, 467)",0.0539539767018557,0.0321342925659472,0.0024875621890547,0.0484866646608126,0.0384137601528905,0.0024875621890547,8,3,2,0,15,5.70212,4.461538461538462,0.40132093933463797,0.603408911982365
509,509,509,"(467, 468)",0.0539539767018556,0.0311442811765617,0.0016583747927031,0.0480207987707432,0.0381488628096036,0.0016583747927031,2,3,0,1,19,5.70722,4.446328131189099,0.39779843444227003,0.6043142812155566
510,510,510,"(468, 471)",0.0539539767018556,0.0302134482413067,0.0016583747927031,0.0478961846408896,0.0381018577025148,0.0016583747927031,3,4,0,0,19,5.708,4.480313713063455,0.3964774951076321,0.6024248149897654
511,511,511,"(471, 109)",0.0539539767018556,0.0293366416113259,0.0024875621890547,0.0492337093405788,0.0381971938048332,0.0024875621890547,6,3,1,0,14,5.72018,4.5375901132852725,0.40166340508806264,0.6259644150527476
512,512,512,"(109, 110)",0.0504682930867362,0.0330392855186017,0.0033167495854063,0.0465579653964444,0.0381887270424319,0.0033167495854063,8,3,0,1,9,6.52928,4.761942485938366,0.4851761252446184,0.7727523224689026
513,513,513,"(110, 565)",0.038043597123509,0.032770848618244,0.0024875621890547,0.0416457067386359,0.037835294117647,0.0024875621890547,9,5,1,1,22,7.20776,5.929969104016478,0.5645792563600783,1.0012202802708234
514,514,514,"(565, 566)",0.038043597123509,0.0317451961042379,0.0016583747927031,0.039474787946081,0.0373339937467108,0.0016583747927031,5,10,0,0,19,7.17388,5.961287596714991,0.5606653620352251,0.9800425129900803
515,515,515,"(566, 567)",0.038043597123509,0.0307817963705046,0.0016583747927031,0.0389801577159164,0.0369146005509641,0.0016583747927031,4,6,1,1,21,7.17976,5.925163062135256,0.5616438356164384,1.000118091639112
516,516,516,"(567, 568)",0.038043597123509,0.0298751486325802,0.0016583747927031,0.0385946104660892,0.0365931365112115,0.0016583747927031,7,5,1,0,22,7.19748,5.926800285193694,0.5547455968688846,1.031333648244371
517,517,517,"(568, 569)",0.038043597123509,0.0290203816444882,0.0016583747927031,0.0383694672509698,0.0364075471698113,0.0016583747927031,6,4,1,1,23,7.18002,5.921360479547915,0.5680528375733855,1.0236183278223903
518,518,518,"(569, 113)",0.038043597123509,0.0282131661442006,0.0024875621890547,0.0390373812818589,0.0363680226772413,0.0024875621890547,10,7,0,0,25,7.1958,6.589373894214265,0.5652641878669276,1.125019681939852
519,519,519,"(113, 114)",0.0286960288331028,0.0318760902891579,0.0024875621890547,0.0238405565691784,0.0358843132587479,0.0024875621890547,7,4,1,3,8,7.7485,5.702315878422985,0.6268101761252446,2.331837505904582
520,520,520,"(115, 112)",0.0209141819716539,0.0308566165182683,0.0024875621890547,0.0097179495288079,0.035753461207791,0.0024875621890547,3,6,0,0,7,8.72698,5.1246666138530195,0.765508806262231,0.9071406077783026
521,521,521,"(112, 559)",0.0468795676911735,0.0313336277897581,0.0024875621890547,0.038369096074058,0.036248872858431,0.0024875621890547,9,7,2,0,21,8.29828,6.349626343447147,0.7068982387475539,0.9648874193040466
522,522,522,"(559, 560)",0.0468795676911735,0.030394677151066,0.0016583747927031,0.0378875311144303,0.0362968759405285,0.0016583747927031,6,5,1,2,22,8.2621,6.336660593097256,0.6965753424657535,0.9692961738308927
523,523,523,"(560, 561)",0.0468795676911735,0.0295103628844789,0.0016583747927031,0.0381223360337254,0.0364967921559133,0.0016583747927031,6,4,3,0,23,8.25166,6.344846708389448,0.6914383561643835,0.9620925838450638
524,524,524,"(561, 562)",0.0468795676911735,0.0286760509796461,0.0016583747927031,0.038525024707774,0.0368323000335949,0.0016583747927031,7,3,1,0,21,8.2907,6.366368269560854,0.7043542074363992,0.9628798614391434
525,525,525,"(562, 563)",0.0468795676911735,0.0278876170655567,0.0016583747927031,0.0390336882928642,0.0372682323856613,0.0016583747927031,7,7,0,1,21,8.27088,6.356729778974887,0.7030332681017613,0.9611084868524642
526,526,526,"(563, 111)",0.0468795676911735,0.0271413782238826,0.0024875621890547,0.0411033450055797,0.0377784042853115,0.0024875621890547,10,7,0,2,23,8.28306,6.79904407298846,0.711105675146771,1.0013383719099354
527,527,527,"(111, 108)",0.0530866948034225,0.0326669917113603,0.0033167495854063,0.0434452211299359,0.0380117880669461,0.0033167495854063,10,4,0,0,9,7.67958,6.052866460693443,0.6278375733855186,0.9426074633915918
528,528,528,"(108, 470)",0.0739402454535298,0.0325831464620538,0.0024875621890547,0.0580485241561164,0.0381512764543987,0.0024875621890547,9,6,0,0,15,7.30672,5.995088330824685,0.5800391389432485,1.0213352227995591
529,529,529,"(470, 469)",0.0739402454535298,0.031565722661362,0.0016583747927031,0.0571815750154059,0.0380826070481242,0.0016583747927031,7,6,2,3,19,7.3148,6.029575642345982,0.5758317025440313,1.079475673122343
530,530,530,"(469, 466)",0.0739402454535298,0.030609913957207,0.0016583747927031,0.0573464648009711,0.0382468603323607,0.0016583747927031,7,8,0,0,19,7.32484,5.99397924423671,0.5770058708414872,1.1028971815462132
531,531,531,"(466, 107)",0.0739402454535298,0.0297102877414268,0.0024875621890547,0.0585076860202775,0.0385303514376996,0.0024875621890547,11,5,2,1,16,7.33824,6.005519026116349,0.5850293542074364,1.0808927727916864
532,532,532,"(107, 104)",0.0632693720657428,0.0328207919444822,0.0024875621890547,0.0490940246040334,0.0385660835918262,0.0024875621890547,5,3,1,1,14,6.51034,5.573952309276717,0.4849315068493151,1.2080774681152575
533,533,533,"(86, 87)",0.0144753076986618,0.0303908474661693,0.0024875621890547,0.0122921043600702,0.0348132324923503,0.0024875621890547,7,7,1,0,26,6.28244,4.870157648736433,0.44427592954990214,0.6713903322311447
534,534,534,"(87, 434)",0.0355980251395809,0.0302748838960712,0.0024875621890547,0.0317085378778664,0.0349991293748911,0.0024875621890547,5,4,0,0,34,7.23036,5.529588845757744,0.5543542074363992,0.788655329869312
535,535,535,"(434, 435)",0.0355980251395809,0.0293967093235831,0.0016583747927031,0.0308734673793373,0.0350693535723632,0.0016583747927031,4,3,0,0,36,7.2459,5.471995563653648,0.5402641878669276,0.7832231144701621
536,536,536,"(435, 436)",0.0355980251395809,0.0285680445339334,0.0016583747927031,0.031106096960143,0.0352425482174167,0.0016583747927031,6,4,0,4,36,7.26232,5.523964192347303,0.55146771037182,0.7933396315540859
537,537,537,"(436, 437)",0.0355980251395809,0.0277848174173482,0.0016583747927031,0.0314998045075014,0.035541671578451,0.0016583747927031,7,5,0,1,34,7.2533,5.495814518471573,0.5515655577299413,0.7939694536293497
538,538,538,"(437, 438)",0.0355980251395809,0.0270433905146316,0.0016583747927031,0.0319797698261364,0.0359110264121728,0.0016583747927031,6,5,1,5,32,7.25006,5.507301486704164,0.5322407045009785,0.7905447960951031
539,539,539,"(438, 96)",0.0355980251395809,0.0263405045320519,0.0024875621890547,0.033187579935382,0.0363340563991323,0.0024875621890547,9,5,1,0,50,7.24524,5.515487601996356,0.5577788649706458,0.788497874350496
540,540,540,"(96, 97)",0.0477670908806723,0.0321823130703954,0.0033167495854063,0.0404261676603347,0.0367201534573577,0.0033167495854063,9,4,1,0,26,6.9701,5.453088278011038,0.5225048923679061,0.7866084081247048
541,541,541,"(97, 601)",0.0474853047903769,0.0315219948247471,0.0024875621890547,0.0437183645136214,0.0365731614859742,0.0024875621890547,13,5,0,0,38,7.48252,5.938921017190842,0.5913405088062622,0.9411509998425445
542,542,542,"(601, 602)",0.0474853047903769,0.0305703422053231,0.0016583747927031,0.0432737723096749,0.0364361461071331,0.0016583747927031,2,8,0,0,36,7.5074,5.926879505664264,0.5823385518590998,0.940048811210833
543,543,543,"(602, 603)",0.0474853047903769,0.0296744666715878,0.0016583747927031,0.0431687895682891,0.0363548669098363,0.0016583747927031,12,7,0,2,36,7.4662,5.9414560722490695,0.5864970645792563,0.920563690757361
544,544,544,"(603, 604)",0.0474853047903769,0.0288296041308089,0.0016583747927031,0.0431024250856244,0.0363012461621816,0.0016583747927031,10,6,1,2,69,7.49392,5.934590298133037,0.5864481409001957,0.9344197764131633
545,545,545,"(604, 142)",0.0474853047903769,0.0280315180252423,0.0024875621890547,0.0439630232644884,0.0364460562103354,0.0024875621890547,8,8,1,1,28,7.50086,5.9486915418944255,0.5829745596868885,0.9305621162021729
546,546,546,"(142, 144)",0.0619480856839191,0.0324019344438474,0.0033167495854063,0.0497735610663073,0.0367492458177164,0.0033167495854063,3,5,2,0,56,6.88014,5.657186617021838,0.5162426614481409,0.8360888049126122
547,547,547,"(144, 783)",0.056925297366401,0.0316269799643344,0.0024875621890547,0.0462688795988927,0.0364846468007865,0.0024875621890547,5,4,0,0,46,7.91634,6.7247088647706565,0.6464285714285715,1.1426547000472367
548,548,548,"(783, 784)",0.056925297366401,0.0306721941046313,0.0016583747927031,0.045287723688132,0.0362510520620416,0.0016583747927031,6,8,0,2,40,7.93108,6.735694103356307,0.6513698630136986,1.1234057628719887
549,549,549,"(781, 782)",0.1147136249343057,0.0259924996767102,0.0016583747927031,0.0659072675114846,0.0368987883979929,0.0016583747927031,3,4,3,1,38,5.52688,5.815601151337505,0.3870352250489237,0.78349866162809
550,550,550,"(782, 145)",0.1147136249343057,0.0253441210465482,0.0024875621890547,0.066929786870666,0.0372348636882892,0.0024875621890547,6,6,0,0,46,5.50636,5.791306873696163,0.3792563600782779,0.7753503385293654
551,551,551,"(145, 143)",0.0845233791399227,0.0321069165646131,0.0033167495854063,0.0561763766746101,0.0371545642194768,0.0033167495854063,11,8,1,0,54,6.73848,6.307560273574691,0.5019080234833659,0.9352857817666509
552,552,552,"(143, 608)",0.0802005259095325,0.0328708877320177,0.0024875621890547,0.0533805366111178,0.0373559658034939,0.0024875621890547,7,2,0,1,32,6.22068,5.403681111199134,0.44642857142857145,0.7540544796095103
553,553,553,"(608, 607)",0.0802005259095325,0.0318373812038014,0.0016583747927031,0.0522950320976668,0.0372038499506416,0.0016583747927031,5,3,0,2,38,6.24,5.374158282500198,0.4487279843444227,0.769406392694064
554,554,554,"(607, 606)",0.0802005259095325,0.0308668833661795,0.0016583747927031,0.0523686632711927,0.0372659291761943,0.0016583747927031,5,7,0,1,36,6.22284,5.409728273785946,0.45166340508806263,0.7629113525429067
555,555,555,"(606, 605)",0.0802005259095325,0.0299538025930157,0.0016583747927031,0.052483786135433,0.0373582801561241,0.0016583747927031,11,6,1,2,38,6.2341,5.371068684147984,0.45728962818003915,0.7653912769642576
556,556,556,"(605, 99)",0.0802005259095325,0.0290931898776928,0.0024875621890547,0.0531285594262845,0.0374976680554691,0.0024875621890547,5,4,0,0,34,6.23188,5.370646174971613,0.45415851272015656,0.7782239017477562
557,557,557,"(99, 98)",0.0595941833940637,0.0321291560102301,0.0033167495854063,0.0424942181759677,0.0371935235158057,0.0033167495854063,5,3,0,1,28,6.8788,5.654413900551902,0.5118884540117417,0.8474649661470635
558,558,558,"(98, 443)",0.0539178853086493,0.0328386657590197,0.0024875621890547,0.0375784949783344,0.0370461387233519,0.0024875621890547,0,5,0,3,30,6.67648,5.372864348147561,0.49466731898238747,0.7842072114627617
559,559,559,"(443, 442)",0.0539178853086493,0.0318088305111568,0.0016583747927031,0.0360455363708333,0.0366064653209895,0.0016583747927031,5,1,1,0,40,6.63886,5.395098893554095,0.4919765166340509,0.7722799559124547
560,560,560,"(442, 441)",0.0539178853086494,0.0308416234048538,0.0016583747927031,0.0355656857392517,0.0362227428365471,0.0016583747927031,3,6,0,0,38,6.64588,5.390292851672872,0.50293542074364,0.805227523224689
561,561,561,"(441, 440)",0.0539178853086494,0.0299315000496376,0.0016583747927031,0.0351367561593963,0.0358864488484199,0.0016583747927031,12,6,0,2,40,6.65054,5.377010219440703,0.4980430528375734,0.7568099511887891
562,562,562,"(440, 439)",0.0539178853086494,0.0290735517465827,0.0016583747927031,0.034828440645697,0.0356298747341054,0.0016583747927031,5,4,0,0,38,6.6298,5.37376218014735,0.49442270058708415,0.8088883640371595
563,563,563,"(439, 85)",0.0539178853086494,0.028263416920553,0.0024875621890547,0.0355816611470768,0.0356235599929107,0.0024875621890547,8,6,1,1,36,6.65832,5.383902400380259,0.5161448140900196,0.8676980003149111
564,564,564,"(85, 84)",0.0311471687207117,0.0310993063255885,0.0024875621890547,0.0231722908472373,0.0351552251858329,0.0024875621890547,5,10,1,0,26,6.95584,5.435633367662204,0.5242661448140901,0.9450086600535349
565,565,565,"(590, 591)",0.041233606714501,0.0272647118667058,0.0016583747927031,0.0286680372309879,0.0326431181485992,0.0016583747927031,7,8,0,0,56,8.86294,6.343922469566136,0.738160469667319,0.8877342150842387
566,566,566,"(591, 592)",0.041233606714501,0.0265498414934836,0.0016583747927031,0.0290781275508654,0.0329076620825147,0.0016583747927031,11,6,0,1,62,8.85282,6.3946499775542,0.7228962818003913,0.8747834986616281
567,567,567,"(592, 92)",0.041233606714501,0.0258715005899388,0.0016583747927031,0.0295105436171454,0.0331911380211916,0.0016583747927031,11,5,0,0,60,8.84516,6.357442763210013,0.7489236790606654,3.2185876239962212
568,568,568,"(92, 93)",0.0522869614255011,0.0297263988168597,0.0033167495854063,0.0393681821560412,0.0334944175970671,0.0033167495854063,21,12,0,11,26,16.35398,12.355092555916448,6.212279843444227,13.110218863171154
569,569,569,"(93, 610)",0.0393892095211226,0.0288813851569796,0.0016583747927031,0.0344264225333597,0.03271484375,0.0016583747927031,16,6,2,1,36,8.20178,6.167630515725263,0.6631115459882583,1.281373012124075
570,570,570,"(610, 612)",0.0393892095211226,0.028083084947839,0.0016583747927031,0.0336062585842554,0.0322684218975758,0.0016583747927031,6,5,1,0,58,8.19752,6.154268663022525,0.6450097847358122,3.356164383561644
571,571,571,"(612, 614)",0.0393892095211226,0.0273277288074142,0.0016583747927031,0.0331658080136799,0.0320463423059548,0.0016583747927031,6,8,0,0,38,8.1815,6.181467691251419,0.6586105675146771,4.005904581955598
572,572,572,"(614, 615)",0.0393892095211226,0.0266119422745928,0.0016583747927031,0.0329950128915006,0.0319537915319802,0.0016583747927031,6,8,0,1,36,8.22164,6.171142623253849,0.660371819960861,5.118878916706031
573,573,573,"(615, 618)",0.0393892095211226,0.0259326954090957,0.0016583747927031,0.0328915458065509,0.031892106307021,0.0016583747927031,7,5,0,1,32,8.2053,6.15785999102168,0.6576810176125245,7.042001259644151
574,574,574,"(618, 146)",0.0393892095211226,0.0252872599178059,0.0016583747927031,0.0328279838087803,0.0318525170355501,0.0016583747927031,6,5,0,26,34,8.2084,6.169267738783701,0.6663405088062623,15.485396000629821
575,575,575,"(146, 619)",0.0541700769681199,0.0287409737613498,0.0024875621890547,0.0383205584561056,0.0319537915319802,0.0024875621890547,25,15,0,29,32,16.10216,12.905437164963427,9.717514677103718,28.281491103763187
576,576,576,"(619, 148)",0.0541700769681199,0.0279412446133172,0.0024875621890547,0.0421049796167065,0.0318718782208832,0.0024875621890547,18,13,0,7,28,16.08096,12.922865668488738,4.617954990215265,13.720044087545268
577,577,577,"(148, 799)",0.0400610692175689,0.0272013713460844,0.0016583747927031,0.039791360917004,0.031407067892393,0.0016583747927031,3,8,0,0,34,8.05328,6.4479389474240145,0.638013698630137,0.9234372539757518
578,578,578,"(799, 800)",0.0400610692175689,0.0264996704021094,0.0016583747927031,0.0391133972483055,0.0310097451852613,0.0016583747927031,8,7,1,2,40,8.04472,6.441891784837202,0.6454500978473581,0.9239883482916076
579,579,579,"(800, 801)",0.0400610692175689,0.0258332619312826,0.0016583747927031,0.0385839048463751,0.0307018660421068,0.0016583747927031,7,7,3,0,40,8.0228,6.449787425070638,0.637426614481409,0.9165092111478508
580,580,580,"(795, 794)",0.0470958714954503,0.021775635122691,0.0016583747927031,0.033559626863693,0.0314340822603346,0.0016583747927031,11,13,0,1,38,9.84858,9.174575510311865,0.977788649706458,2.745788064871674
581,581,581,"(794, 793)",0.0470958714954503,0.021323620418339,0.0016583747927031,0.0339854276996835,0.0316893081430485,0.0016583747927031,10,11,0,0,38,9.8437,9.168607568195622,0.9785225048923679,2.7101637537395686
582,582,582,"(793, 792)",0.0470958714954503,0.0208899897801874,0.0016583747927031,0.034515013169712,0.0320174157750816,0.0016583747927031,10,11,3,0,42,9.84722,9.158229686551005,0.9740704500978473,2.7462997953078254
583,583,583,"(792, 149)",0.0470958714954503,0.0204736440030557,0.0024875621890547,0.0362305079315517,0.0324411566913248,0.0024875621890547,11,7,0,4,32,9.8541,9.169848688901212,0.9630626223091977,2.7609431585577076
584,584,584,"(149, 620)",0.0440216850280639,0.0278843930635838,0.0024875621890547,0.0353729217932559,0.0323680184653372,0.0024875621890547,6,7,0,2,28,8.9398,7.794317251577808,0.7926614481409002,1.545701464336325
585,585,585,"(620, 147)",0.0440216850280639,0.0271309981777687,0.0024875621890547,0.037214170287465,0.0325418240690771,0.0024875621890547,8,7,0,8,28,8.9609,7.8286461221579655,0.7939334637964774,2.0395606991025037
586,586,586,"(147, 617)",0.0441586901821001,0.0278354798504362,0.0024875621890547,0.0419557564856254,0.0329328235936646,0.0024875621890547,8,8,0,1,32,7.8932,6.727772056299348,0.6538649706457925,1.4450480239332388
587,587,587,"(617, 616)",0.0441586901821001,0.0270932087255408,0.0016583747927031,0.0415816047083853,0.0329760472492617,0.0016583747927031,7,5,1,3,32,7.9096,6.749636906176556,0.6440802348336595,1.4121791843804126
588,588,588,"(616, 613)",0.0441586901821001,0.0263894967177242,0.0016583747927031,0.0416880113565644,0.0330429064606279,0.0016583747927031,8,8,0,1,38,7.91786,6.709366500303679,0.6481898238747554,1.4396945362934972
589,589,589,"(613, 611)",0.0441586901821001,0.0257214153176786,0.0016583747927031,0.0418777813199765,0.0331437051694286,0.0016583747927031,3,7,0,1,36,7.90818,6.757004409939529,0.6433463796477495,1.413478192410644
590,590,590,"(611, 609)",0.0441586901821001,0.0250863252485751,0.0016583747927031,0.0423604103051173,0.0334359144972136,0.0016583747927031,9,8,0,2,42,7.94168,6.751960706646598,0.6543052837573385,1.418438041253346
591,591,591,"(609, 94)",0.0441586901821001,0.0244818416191307,0.0024875621890547,0.0444683831171387,0.0341034414501032,0.0024875621890547,7,7,1,0,44,7.91632,6.741450790884365,0.6653620352250489,1.418438041253346
592,592,592,"(94, 95)",0.0420130559741633,0.0288,0.0033167495854063,0.0458785656736771,0.0338497810710677,0.0033167495854063,7,6,3,1,36,8.0285,6.460165306715255,0.6374755381604696,1.1664698472681467
593,593,593,"(95, 596)",0.0442608992841233,0.0294253995364157,0.0024875621890547,0.0505780501446647,0.0340841647118672,0.0024875621890547,7,4,0,2,50,7.49444,5.9783728115345,0.587720156555773,1.0399543378995433
594,594,594,"(596, 595)",0.0442608992841233,0.0285944613050075,0.0016583747927031,0.0498462363999226,0.0337852980726131,0.0016583747927031,6,4,1,2,54,7.49226,5.937811930602868,0.5860567514677104,0.9525271610769958
595,595,595,"(595, 594)",0.0442608992841233,0.0278091636497797,0.0016583747927031,0.0494497231533987,0.0335065151557247,0.0016583747927031,9,8,1,0,60,7.4752,5.978478438828593,0.5783757338551859,1.0268855298378208
596,596,596,"(93, 94)",0.0120678763857063,0.0288703229358676,0.0024875621890547,0.0091946032393483,0.033980445746809,0.0024875621890547,6,7,1,1,14,8.16004,6.167313633842985,0.6510763209393347,0.8861596598960794
597,597,597,"(94, 597)",0.0142135105936431,0.0288082555000836,0.0024875621890547,0.0128883513494215,0.0341759238267966,0.0024875621890547,15,3,0,0,40,8.05098,6.425968470252713,0.661545988258317,1.0954574082821602
598,598,598,"(597, 598)",0.0142135105936431,0.0280113346030566,0.0016583747927031,0.0127562209388128,0.0342321884757309,0.0016583747927031,10,6,2,0,44,8.05858,6.479151812828435,0.662279843444227,1.0875846323413636
599,599,599,"(598, 599)",0.0142135105936431,0.0272573172109842,0.0016583747927031,0.0132518994323057,0.0345558739255014,0.0016583747927031,7,2,0,1,40,8.02914,6.444374026248383,0.6510763209393347,1.1037238230199968
600,600,600,"(599, 600)",0.0142135105936431,0.0265428294744255,0.0016583747927031,0.0142450234112232,0.0353085841433423,0.0016583747927031,8,9,0,1,38,8.05278,6.422694024135836,0.6381115459882584,1.0893560069280428
601,601,601,"(600, 97)",0.0142135105936431,0.0258648422587771,0.0024875621890547,0.016624154029544,0.036259771497294,0.0024875621890547,9,6,0,0,34,8.05936,6.434022551427288,0.6467710371819961,1.1075421193512833
602,602,602,"(97, 99)",0.0144952966839385,0.0315121109978835,0.0033167495854063,0.0159365227821401,0.036842426834484,0.0033167495854063,4,5,0,1,54,7.55812,5.933349177427448,0.5872309197651664,0.9802393323886002
603,603,603,"(99, 485)",0.0351016391994075,0.0321360051161799,0.0024875621890547,0.0258726212589673,0.0375958600910281,0.0024875621890547,8,4,0,1,32,6.89136,5.648736433494415,0.5067514677103718,1.122500393638797
604,604,604,"(485, 484)",0.0351016391994075,0.0311442811765617,0.0016583747927031,0.0250009892526404,0.0377500234763827,0.0016583747927031,8,2,0,0,40,6.89212,5.638437772320367,0.514774951076321,1.410919540229885
605,605,605,"(484, 101)",0.0351016391994075,0.0302119344656545,0.0024875621890547,0.0264063944014579,0.0381512764543987,0.0024875621890547,4,5,0,1,36,6.88968,5.667854973725211,0.5226516634050881,1.4554007242953866
606,606,606,"(101, 102)",0.0244277151359993,0.0327130689524222,0.0024875621890547,0.0154332625471511,0.0378424173962157,0.0024875621890547,3,2,0,0,26,6.69382,5.392722279437007,0.49652641878669274,1.394229255235396
607,607,607,"(103, 100)",0.0121553826074789,0.031858407079646,0.0024875621890547,0.00823222271546,0.0376005487310594,0.0024875621890547,5,3,0,0,28,6.63346,5.282500198051176,0.47984344422700587,0.7616517083923792
608,608,608,"(100, 482)",0.0189640901579652,0.0319673434766474,0.0024875621890547,0.0150917423535514,0.0375069975741742,0.0024875621890547,3,7,0,0,34,6.47642,5.099527317858935,0.46536203522504893,0.709297748386081
609,609,609,"(482, 483)",0.0189640901579652,0.030985843118111,0.0016583747927031,0.0143305586004573,0.037122541324222,0.0016583747927031,4,10,0,1,38,6.46732,5.109165808444902,0.4780332681017613,0.7180758935600693
610,610,610,"(483, 98)",0.0189640901579652,0.0300628178282979,0.0024875621890547,0.0145732024193313,0.0369609856262833,0.0024875621890547,10,2,1,0,32,6.47424,5.087617840449973,0.48977495107632096,0.7152810581010864
611,611,611,"(98, 96)",0.0246403882433795,0.0328261520455102,0.0033167495854063,0.0171155916647605,0.0368705860772264,0.0033167495854063,7,7,0,0,56,6.66378,5.3648894874435555,0.4977005870841487,0.790702251613919
612,612,612,"(96, 950)",0.0124713225022879,0.0321926218568149,0.0024875621890547,0.0092108507332925,0.0359474201913618,0.0024875621890547,5,11,1,2,34,6.96762,5.436082283662098,0.5177103718199608,0.7774759880333806
613,613,613,"(950, 951)",0.0124713225022879,0.0312006830000258,0.0016583747927031,0.0071913015930668,0.0350082730993642,0.0016583747927031,3,5,1,3,36,6.94568,5.437112149779503,0.5062622309197652,0.7897181546213194
614,614,614,"(951, 952)",0.0124713225022879,0.0302680453769701,0.0016583747927031,0.0063840216653414,0.0344187904905961,0.0016583747927031,10,8,0,0,40,6.9782,5.440861918719797,0.5318493150684932,0.788497874350496
615,615,615,"(952, 953)",0.0124713225022879,0.0293895455099305,0.0016583747927031,0.0060881424472475,0.0342312168260906,0.0016583747927031,3,10,0,1,38,6.95906,5.4433441601309775,0.5222602739726028,0.8412848370335381
616,616,616,"(953, 95)",0.012471322502288,0.0285606024724103,0.0024875621890547,0.008152265178506,0.034198213526159,0.0024875621890547,5,7,0,0,22,6.92964,5.445641553777496,0.5106164383561644,0.8473862383876555
617,617,617,"(95, 92)",0.0102234791923278,0.029416786594141,0.0024875621890547,0.0059056771609156,0.0334516809053589,0.0024875621890547,10,10,1,0,22,7.49452,5.9764979270643535,0.5944227005870841,2.8607305936073057
618,618,618,"(148, 149)",0.0132791322318788,0.0271848161756418,0.0024875621890547,0.0079084002544186,0.0320949542261017,0.0024875621890547,11,8,0,1,18,8.05848,6.461247986479706,0.6585616438356164,0.9526058888364037
619,619,619,"(149, 634)",0.0163533186992653,0.0278953577128582,0.0024875621890547,0.010558199959657,0.0322072372813459,0.0024875621890547,9,7,0,3,34,8.95884,7.8043254376931,0.798679060665362,1.5501889466225791
620,620,620,"(634, 633)",0.0163533186992653,0.0271517662156381,0.0016583747927031,0.009758179293129,0.0320021228605546,0.0016583747927031,16,8,0,0,40,8.94874,7.82257255274763,0.7964774951076321,1.5549519760667612
621,621,621,"(633, 632)",0.0163533186992653,0.0264467884476217,0.0016583747927031,0.0099242901990717,0.0319970284683346,0.0016583747927031,9,9,0,1,38,8.95818,7.826797644511342,0.8037671232876712,1.5568020784128485
622,622,622,"(632, 631)",0.0163533186992653,0.0257774927861494,0.0016583747927031,0.0106226214630136,0.0325128730488232,0.0016583747927031,9,7,2,0,40,8.96356,7.798780004753228,0.8083170254403131,1.5469217446071484
623,623,623,"(631, 630)",0.0163533186992653,0.0251412370489274,0.0016583747927031,0.0116575402462363,0.0331309579407159,0.0016583747927031,9,10,1,0,42,8.9446,7.8069397132218965,0.7901174168297456,1.5738860022043772
624,624,624,"(630, 629)",0.0163533186992653,0.0245356336337558,0.0016583747927031,0.0128844213419764,0.0339555705718388,0.0016583747927031,5,9,0,1,40,8.94636,7.816604610631387,0.7876223091976516,1.5484569359156037
625,625,625,"(629, 628)",0.0163533186992653,0.0239585195780439,0.0016583747927031,0.0142340603114438,0.0349291858545486,0.0016583747927031,11,4,0,4,36,8.95756,7.810266972985819,0.7864481409001957,1.564635490473941
626,626,626,"(628, 144)",0.0163533186992653,0.0234079307466858,0.0024875621890547,0.0166888054759323,0.0360344209394048,0.0024875621890547,6,9,0,0,28,8.9474,7.818822783807335,0.8166829745596869,1.574319004881121
627,627,627,"(144, 145)",0.0213761070167833,0.0316137150047184,0.0033167495854063,0.0212541730553738,0.0367638092915498,0.0033167495854063,9,8,0,0,30,7.87624,6.754548575351871,0.6386497064579256,1.1487954652810581
628,628,628,"(145, 637)",0.0515663528111662,0.0321137561910848,0.0024875621890547,0.031608219092544,0.0373548087347065,0.0024875621890547,3,4,0,0,32,6.70556,6.261295518762048,0.5202544031311155,0.9457565737679106
629,629,629,"(637, 638)",0.0515663528111662,0.0311233838292601,0.0016583747927031,0.0307715130766561,0.0376486748041082,0.0016583747927031,7,7,0,2,34,6.6959,6.265626237819853,0.5117416829745597,0.9414265470004723
630,630,630,"(638, 140)",0.0515663528111662,0.0301922691768475,0.0024875621890547,0.0348944141417195,0.0381488628096036,0.0024875621890547,6,7,0,2,44,6.69922,6.296839103224273,0.5014677103718199,0.9650448748228625
631,631,631,"(140, 141)",0.04371322563928,0.0327468230694037,0.0024875621890547,0.0309822426342414,0.038066980208958,0.0024875621890547,5,6,1,0,26,6.22404,5.370355699912857,0.4470156555772994,0.7817666509211147
632,632,632,"(139, 138)",0.0119509644034323,0.0310384763865654,0.0024875621890547,0.0115573615263309,0.0380213752009836,0.0024875621890547,7,6,1,0,26,4.89302,3.6329715598510655,0.32181996086105674,0.480672335065344
633,633,633,"(138, 636)",0.0242279247455131,0.0319690382780193,0.0024875621890547,0.0196463268306607,0.0379854483605782,0.0024875621890547,6,3,0,0,42,5.71886,4.48802450553223,0.388747553816047,0.6163989922846795
634,634,634,"(636, 635)",0.0242279247455131,0.0309874354428428,0.0016583747927031,0.0189226578189513,0.0375210005600149,0.0016583747927031,6,1,0,1,40,5.74128,4.484802873062399,0.3983365949119374,0.6088804912612187
635,635,635,"(635, 143)",0.0242279247455131,0.0300643166974123,0.0024875621890547,0.0192390376622343,0.037275143722569,0.0024875621890547,4,2,2,0,26,5.73708,4.469090813066097,0.3987279843444227,0.6114391434419777
636,636,636,"(143, 142)",0.0285507779759033,0.0328601400506798,0.0033167495854063,0.0203284988983858,0.0370541063692506,0.0033167495854063,6,5,1,3,32,6.22264,5.387810610261692,0.45244618395303327,0.745197606676114
637,637,637,"(142, 627)",0.0140879970823613,0.0324184833741028,0.0024875621890547,0.0126385749835461,0.0361326662072684,0.0024875621890547,6,8,0,0,24,6.87686,5.675037629723521,0.5174168297455969,0.8480554243426232
638,638,638,"(627, 626)",0.0140879970823613,0.0314185228604923,0.0016583747927031,0.0100067436766846,0.035020472166565,0.0016583747927031,14,4,0,1,38,6.8479,5.657371464786501,0.5160469667318982,0.8556132892457881
639,639,639,"(626, 625)",0.0140879970823613,0.0304784048118476,0.0016583747927031,0.0086491736375741,0.0340543287965211,0.0016583747927031,3,2,1,0,42,6.84962,5.651456336317304,0.5339041095890411,0.858290033065659
640,640,640,"(625, 624)",0.0140879970823613,0.029592913405148,0.0016583747927031,0.0074864014555111,0.0332533708329886,0.0016583747927031,6,2,0,1,38,6.83768,5.646174971612664,0.5287181996086106,0.8547472838923005
641,641,641,"(624, 623)",0.0140879970823613,0.0287574218470563,0.0016583747927031,0.0067009540043679,0.0327494908350305,0.0016583747927031,7,4,1,0,40,6.84192,5.661649370197259,0.4959393346379648,0.8453393166430483
642,642,642,"(623, 622)",0.0140879970823613,0.0279678115071542,0.0016583747927031,0.0063887144455191,0.0325681879557115,0.0016583747927031,12,7,0,0,40,6.86942,5.670257994665822,0.5139921722113503,0.8489607935758149
643,643,643,"(622, 621)",0.0140879970823613,0.0272204040176052,0.0016583747927031,0.0063349415930839,0.0325339232242574,0.0016583747927031,3,6,0,0,44,6.83502,5.661253267844411,0.5282289628180039,0.9411903637222485
644,644,644,"(621, 147)",0.0140879970823613,0.0265119039767855,0.0024875621890547,0.0086299381771025,0.0325655496449113,0.0024875621890547,3,11,0,7,42,6.8324,5.658718212786184,0.5161937377690803,1.1220673909620533
645,645,645,"(147, 146)",0.0139509919283251,0.0278264882325796,0.0024875621890547,0.0071057699475786,0.0321642885718095,0.0024875621890547,9,8,2,18,18,7.9139,6.759381024056617,0.6318493150684932,9.498307353172729
646,646,646,"(784, 785)",0.056925297366401,0.0297733669086061,0.0016583747927031,0.0450189258369903,0.0360419592958967,0.0016583747927031,4,4,0,2,34,7.92768,6.710950909715071,0.6509784735812133,1.1456463549047393
647,647,647,"(785, 786)",0.056925297366401,0.0289257189456263,0.0016583747927031,0.0447794966095898,0.0358587059942911,0.0016583747927031,7,8,0,1,38,7.91056,6.730888061475085,0.6459882583170254,1.1424972445284207
648,648,648,"(786, 787)",0.056925297366401,0.028125,0.0016583747927031,0.0445798473782942,0.0357079410197193,0.0016583747927031,4,8,0,0,38,7.94172,6.742454250178246,0.6655577299412916,1.151472209100929
649,649,649,"(787, 788)",0.056925297366401,0.0273674177956293,0.0016583747927031,0.0444306739600135,0.035598323395714,0.0016583747927031,6,10,0,1,36,7.90436,6.76328923393805,0.6360078277886497,1.1492678318375058
650,650,650,"(788, 789)",0.056925297366401,0.0266495779378618,0.0016583747927031,0.0443215901883299,0.0355175968193196,0.0016583747927031,10,16,0,1,38,7.90842,6.693073490189865,0.6701565557729942,1.1521807589356008
651,651,651,"(789, 150)",0.056925297366401,0.0259684330656101,0.0024875621890547,0.0452654781844851,0.0354570311351542,0.0024875621890547,8,5,0,1,38,7.9147,6.738123531120442,0.6578767123287671,1.1332860966776885
652,652,652,"(150, 790)",0.0398661257280504,0.0253276209677419,0.0016583747927031,0.0361722182686445,0.0350306445522409,0.0016583747927031,7,1,1,1,34,3.9449,3.3750561144999867,0.2412426614481409,0.362895606991025
653,653,653,"(790, 152)",0.0398661257280504,0.0247176733413949,0.0016583747927031,0.0358610558163465,0.0347450302506482,0.0016583747927031,6,2,0,0,30,3.97722,3.3747392326177086,0.24564579256360078,0.4295386553298693
654,654,654,"(152, 909)",0.0502322391979913,0.030609913957207,0.0024875621890547,0.0449718031792945,0.0346860709252495,0.0024875621890547,10,17,0,11,54,11.08944,11.59370461327207,1.486986301369863,8.336206896551724
655,655,655,"(909, 910)",0.0502322391979913,0.0297073603310671,0.0016583747927031,0.0425237160341128,0.0341410938738534,0.0016583747927031,12,13,2,8,46,11.07806,11.58900419868494,1.4341976516634052,7.203629349708708
656,656,656,"(910, 184)",0.0502322391979913,0.028856507070562,0.0024875621890547,0.0428275921991683,0.0336457984599933,0.0024875621890547,4,13,0,1,54,11.08474,13.286725289814887,1.365215264187867,7.835537710596756
657,657,657,"(184, 185)",0.0413407834043246,0.0294081786924821,0.0033167495854063,0.03760726205769,0.0331154923389532,0.0033167495854063,6,16,0,1,16,9.7651,10.960178510127017,0.940655577299413,3.212131947724768
658,658,658,"(185, 889)",0.0224334757746537,0.0288282258450064,0.0024875621890547,0.0290959428671666,0.0323697560190031,0.0024875621890547,7,8,0,2,46,9.33766,8.823047875571048,0.8609589041095891,2.34565422768068
659,659,659,"(889, 897)",0.0224334757746537,0.0280308664931201,0.0016583747927031,0.0257813788037461,0.031546731538884,0.0016583747927031,6,9,0,2,50,9.32574,8.800338007341097,0.8909491193737769,3.115729806329712
660,660,660,"(897, 896)",0.0224334757746537,0.027276428280635,0.0016583747927031,0.0244638015054913,0.0307755122872381,0.0016583747927031,6,7,0,2,54,9.34028,8.809580395574216,0.877348336594912,3.7487797197291766
661,661,661,"(892, 891)",0.0498469452120285,0.0241804511278195,0.0016583747927031,0.0191595439301187,0.0312759336099585,0.0016583747927031,12,12,0,0,36,10.89882,7.335023370038818,1.1624755381604697,4.072193355377106
662,662,662,"(891, 890)",0.0498469452120285,0.0236160338378992,0.0016583747927031,0.0204850223471621,0.0320778806255984,0.0016583747927031,13,13,1,2,40,10.86986,7.314716522749478,1.184344422700587,4.237639741772949
663,663,663,"(890, 186)",0.0498469452120285,0.0230773646644597,0.0024875621890547,0.0230003603078641,0.0329328235936646,0.0024875621890547,9,7,1,11,44,10.88364,8.370250072618765,1.185812133072407,4.956266729648874
664,664,664,"(186, 187)",0.0649918293666358,0.0283311407630144,0.0033167495854063,0.0353336677428022,0.033387779961795,0.0033167495854063,8,9,2,2,18,10.12226,9.274261269111939,1.0240704500978473,2.9066682412218547
665,665,665,"(187, 911)",0.0855512991726117,0.0296059899349453,0.0024875621890547,0.0508284046738398,0.0339928970065956,0.0024875621890547,7,9,0,1,52,8.38704,9.243286065119227,0.7315557729941291,2.87509840969926
666,666,666,"(911, 912)",0.0855512991726117,0.0287608509014595,0.0016583747927031,0.0504852339557764,0.0344541896408879,0.0016583747927031,11,11,2,3,46,8.38814,9.201721724893712,0.7285714285714285,2.940284994489057
667,667,667,"(912, 153)",0.0855512991726117,0.027962623756637,0.0024875621890547,0.051893008658891,0.0349970980847359,0.0024875621890547,10,5,1,0,56,8.38468,9.21202038606776,0.7327299412915851,3.5301133679735477
668,668,668,"(153, 791)",0.1113768051145479,0.0302104208416833,0.0024875621890547,0.0647936715228272,0.0355615840533128,0.0024875621890547,6,5,1,2,32,7.10676,8.23877049829676,0.5500489236790607,1.8017635018107385
669,669,669,"(791, 151)",0.1113768051145479,0.0293309336770678,0.0024875621890547,0.0653908126613209,0.0358608385370205,0.0024875621890547,4,8,0,1,32,7.1097,8.231297367239694,0.5790117416829745,1.7368131002991656
670,670,670,"(151, 776)",0.1147136249343057,0.0307057745187901,0.0024875621890547,0.0658796108723842,0.0359442060085836,0.0024875621890547,7,3,0,0,42,5.52244,5.79962502310597,0.3788160469667319,0.7660604629192254
671,671,671,"(776, 777)",0.1147136249343057,0.0298050070434718,0.0016583747927031,0.0648016530380619,0.0360225813196332,0.0016583747927031,6,7,0,3,40,5.5094,5.797195595341837,0.39001956947162425,0.7850338529365454
672,672,672,"(777, 778)",0.1147136249343057,0.0289555822328931,0.0016583747927031,0.0649395527511149,0.0361305012133377,0.0016583747927031,3,6,1,1,36,5.538,5.789748871108294,0.38175146771037183,0.7770429853566367
673,673,673,"(778, 779)",0.1147136249343057,0.0281532320190489,0.0016583747927031,0.0651258962755398,0.0362794055712652,0.0016583747927031,4,10,0,1,38,5.5311,5.81348860545565,0.3690313111545988,0.7785781766650921
674,674,674,"(779, 780)",0.1147136249343057,0.0273941486461929,0.0016583747927031,0.0653517380211685,0.0364592780700163,0.0016583747927031,3,4,0,1,38,5.53018,5.795848847342153,0.3835616438356164,0.7673201070697528
675,675,675,"(780, 781)",0.1147136249343057,0.0266749242440998,0.0016583747927031,0.0656076277747977,0.0366665653218205,0.0016583747927031,1,5,1,1,36,5.53938,5.800100345929388,0.37460861056751465,0.7775153519130845
676,676,676,"(155, 154)",0.033363083154995,0.027805316671662,0.0033167495854063,0.0389878651557136,0.0358928571428571,0.0033167495854063,7,10,0,0,26,5.79182,7.077055111040693,0.4061154598825832,1.0703826169107227
677,677,677,"(154, 775)",0.0353617438932048,0.0317794935307913,0.0024875621890547,0.0321559310467519,0.0362401586633812,0.0024875621890547,10,8,0,2,30,5.83416,7.187858142544034,0.4152641878669276,1.1476539127696426
678,678,678,"(775, 774)",0.0353617438932048,0.0308077453635109,0.0016583747927031,0.0251085853753512,0.0357736117702895,0.0016583747927031,6,7,1,0,46,5.8492,7.22960733053421,0.4093444227005871,1.2955046449378051
679,679,679,"(774, 153)",0.0353617438932048,0.0298936618496393,0.0024875621890547,0.0254410074213237,0.0354372355430183,0.0024875621890547,6,5,0,0,24,5.82586,7.20359660936386,0.4161448140900196,1.3874193040466067
680,680,680,"(153, 152)",0.0095362379512686,0.0302104208416833,0.0024875621890547,0.0118419960649468,0.0350316621158426,0.0024875621890547,5,9,0,3,32,7.10004,8.242678708178193,0.5589530332681018,2.5878208156195877
681,681,681,"(150, 151)",0.0162292961196782,0.0253212396069538,0.0024875621890547,0.0106911699498941,0.0354018669641284,0.0024875621890547,3,5,0,0,32,3.96034,3.371623227441971,0.24114481409001956,0.36210832939694537
682,682,682,"(151, 772)",0.0128924762999204,0.0306979585603013,0.0024875621890547,0.0106127606846021,0.0351501020110754,0.0024875621890547,3,4,1,0,30,5.52924,5.770603924053976,0.3719178082191781,0.7737364194615022
683,683,683,"(772, 773)",0.0128924762999204,0.0297902823407356,0.0016583747927031,0.0091082650165156,0.0349626021916855,0.0016583747927031,2,6,0,0,30,5.53178,5.7788164461696905,0.3796477495107632,0.8068414422925524
684,684,684,"(773, 771)",0.0128924762999204,0.0289347408829174,0.0016583747927031,0.0095901929934768,0.0353323762927372,0.0016583747927031,3,2,2,0,26,5.5284,5.787028968285405,0.3835616438356164,0.8662809006455676
685,685,685,"(771, 293)",0.0128924762999204,0.0281269678382349,0.0024875621890547,0.0122267528898038,0.0360236573271999,0.0024875621890547,6,5,0,1,28,5.53012,7.666983548548945,0.38111545988258316,1.4823256180129114
686,686,686,"(293, 295)",0.0234050815539636,0.0301168714414144,0.0024875621890547,0.0198501710657217,0.036102379883251,0.0024875621890547,2,23,3,24,24,5.88498,22.67701814148776,0.41022504892367906,20.923043615178713
687,687,687,"(295, 296)",0.0234050815539636,0.0292562224055116,0.0016583747927031,0.0185795618738824,0.0358864488484199,0.0016583747927031,10,14,1,14,14,5.90358,13.801579128046686,0.4149706457925636,13.49090694378838
688,688,688,"(765, 766)",0.071182425233797,0.0274765333090312,0.0016583747927031,0.0767411425997869,0.0370939960629921,0.0016583747927031,6,13,0,0,36,6.2325,5.371623227441971,0.4532778864970646,0.836679263108172
689,689,689,"(766, 767)",0.071182425233797,0.0267565948572316,0.0016583747927031,0.076651457323999,0.037021119842829,0.0016583747927031,9,2,1,0,38,6.21858,5.356122422033853,0.45655577299412914,0.9310738466383247
690,690,690,"(767, 293)",0.071182425233797,0.0260734206771306,0.0024875621890547,0.078336417456144,0.0369666503187837,0.0024875621890547,6,6,1,2,48,6.21904,7.08429058068605,0.4554794520547945,1.4538655329869312
691,691,691,"(293, 154)",0.0606698199797538,0.0301025884232334,0.0033167495854063,0.0722567267556724,0.0365653993087138,0.0033167495854063,4,4,0,1,60,5.8558,7.366869999207795,0.42690802348336593,1.3781294284364667
692,692,692,"(154, 920)",0.0586711592415439,0.0317811684718159,0.0024875621890547,0.0638653879221526,0.0362162162162162,0.0024875621890547,5,6,0,4,44,5.83146,7.2175394121841085,0.4121819960861057,1.1435207054007244
693,693,693,"(920, 919)",0.0586711592415439,0.0308108936692044,0.0016583747927031,0.0566684865170622,0.0356161956232834,0.0016583747927031,6,7,0,1,36,5.85492,7.210620824421031,0.41340508806262233,1.137104393008975
694,694,694,"(919, 918)",0.0586711592415439,0.0298981084364231,0.0016583747927031,0.0559525250926084,0.0350703733860649,0.0016583747927031,5,4,0,0,38,5.83936,7.2530829966463335,0.41276908023483366,1.163596284049756
695,695,695,"(918, 180)",0.0586711592415439,0.0290378503322739,0.0024875621890547,0.0566139828185498,0.0347590500345861,0.0024875621890547,6,8,0,0,34,5.84866,8.068288045630991,0.40998043052837574,1.4095024405605416
696,696,696,"(180, 181)",0.0629910727597603,0.0300755629816204,0.0033167495854063,0.0507795453829287,0.0341623704039431,0.0033167495854063,7,6,0,2,16,6.67886,12.688425889249782,0.5145303326810177,3.197842859392222
697,697,697,"(181, 903)",0.0462664891311079,0.0299010735625914,0.0024875621890547,0.0333583797431808,0.0335223482321547,0.0024875621890547,7,36,3,30,36,8.41536,35.222239826771236,0.7243639921722114,30.069122972760194
698,698,698,"(903, 904)",0.0462664891311079,0.029042745334136,0.0016583747927031,0.0306869298735727,0.0326281045397976,0.0016583747927031,6,40,0,38,40,8.3752,39.79846312287095,0.7233855185909981,38.526609982679894
699,699,699,"(904, 905)",0.0462664891311079,0.0282323196853711,0.0016583747927031,0.0293528900679902,0.0317954126021618,0.0016583747927031,8,36,0,35,36,8.37772,35.83424436874488,0.7305772994129158,34.636553298693116
700,700,700,"(901, 902)",0.0191084998507429,0.0221683026359325,0.0016583747927031,0.049989946071455,0.0323324396782841,0.0016583747927031,7,5,2,3,38,6.00812,6.569991285748237,0.42279843444227005,0.6904424500078727
701,701,701,"(902, 182)",0.0191084998507429,0.0216949396463329,0.0024875621890547,0.0527445579183367,0.0332075887325494,0.0024875621890547,6,9,1,1,42,6.0001,8.991285748237345,0.42426614481409003,0.8879310344827587
702,702,702,"(182, 183)",0.0159155811537058,0.0292491268917345,0.0033167495854063,0.0520848922474441,0.0339030698302035,0.0033167495854063,10,8,0,2,16,7.18424,10.616440888325544,0.5671722113502935,1.8490001574555188
703,703,703,"(183, 923)",0.0133759705579032,0.0292548030273627,0.0024875621890547,0.0539962071757969,0.0341420604138946,0.0024875621890547,4,12,0,1,36,7.48568,9.888193509202779,0.6009784735812133,2.1176586364352072
704,704,704,"(923, 922)",0.0133759705579032,0.0284306560739291,0.0016583747927031,0.0530149191761421,0.0346173718353522,0.0016583747927031,8,9,0,1,34,7.4978,9.917531490137051,0.5974559686888454,2.1021099039521336
705,705,705,"(922, 921)",0.0133759705579032,0.0276516714816343,0.0016583747927031,0.0537505219368888,0.0351665014288213,0.0016583747927031,4,10,0,0,36,7.5117,9.936412368956137,0.6035714285714285,2.307746811525744
706,706,706,"(921, 155)",0.0133759705579032,0.0269142359793791,0.0033167495854063,0.0614637763977289,0.0357545211977468,0.0033167495854063,11,13,2,0,44,7.51232,10.772584435818215,0.6166340508806262,4.112934970870729
707,707,707,"(155, 298)",0.0052934021778595,0.0278098049162938,0.0024875621890547,0.0545328049301706,0.0357079410197193,0.0024875621890547,5,42,1,35,42,5.83308,38.193878898307325,0.4120841487279843,39.414777200440874
708,708,708,"(298, 296)",0.0052934021778595,0.0270682766979395,0.0016583747927031,0.0537852619533058,0.0359217228129747,0.0016583747927031,6,20,0,19,20,5.82288,19.82803876521693,0.41335616438356165,19.486734372539757
709,709,709,"(294, 296)",0.008777688321876,0.024786763950262,0.0016583747927031,0.0630001538786772,0.0363702162308875,0.0016583747927031,9,11,1,1,24,3.509,7.03533232987404,0.213013698630137,2.848409699259959
710,710,710,"(667, 134)",0.0211681335140801,0.0257022292314905,0.0016583747927031,0.0434528438092138,0.0360129001433349,0.0016583747927031,6,10,0,3,16,7.1613,14.099764979270644,0.5581702544031311,2.362580695953393
711,711,711,"(134, 135)",0.0349876940791661,0.0281940385739333,0.0033167495854063,0.0648710554032668,0.0360182779320849,0.0033167495854063,16,8,0,1,8,14.06308,7.50611317964562,4.433610567514677,4.572547630294442
712,712,712,"(135, 737)",0.0233005098986395,0.0274396486996882,0.0016583747927031,0.060674219816675,0.0359249329758713,0.0016583747927031,1,3,0,0,14,7.03258,3.743510523119174,0.5277886497064579,0.8096362777515352
713,713,713,"(737, 738)",0.0233005098986395,0.026724577304053,0.0016583747927031,0.0608623352115944,0.0360775397870049,0.0016583747927031,3,2,0,0,16,7.02326,3.769996567112942,0.5497553816046967,0.8127460242481499
714,714,714,"(738, 739)",0.0233005098986395,0.0260458285640239,0.0016583747927031,0.0612092938139109,0.0363537710255019,0.0016583747927031,7,4,0,2,20,7.02408,3.7647152024083024,0.537133072407045,0.8112501968193985
715,715,715,"(739, 294)",0.0233005098986395,0.025400703468902,0.0024875621890547,0.0699043594374421,0.0366609922178988,0.0024875621890547,7,0,0,0,16,7.03752,3.738862922179091,0.5516144814090019,0.807628719886632
716,716,716,"(294, 770)",0.0136929460580912,0.024788801874576,0.0016583747927031,0.0142318201284679,0.036111027936641,0.0016583747927031,7,0,0,1,36,3.516,1.8859225223797829,0.20728962818003913,0.29168634860651865
717,717,717,"(770, 769)",0.0136929460580912,0.0242056881360014,0.0016583747927031,0.0140360758403225,0.0359903309558626,0.0016583747927031,3,2,0,1,38,3.50724,1.8856320473210277,0.21345401174168296,0.2863328609667769
718,718,718,"(769, 768)",0.0136929460580912,0.0236493773899401,0.0016583747927031,0.0141319542169961,0.0360645933014354,0.0016583747927031,6,5,0,0,32,3.50208,1.882991364968708,0.21208414872798434,0.29042670445599117
719,719,719,"(768, 677)",0.0136929460580912,0.0231180631433664,0.0016583747927031,0.0142526049972121,0.0361586663868317,0.0016583747927031,0,3,1,0,36,3.50898,1.8882463228498243,0.21541095890410958,0.2876712328767123
720,720,720,"(297, 736)",0.0181975717146337,0.0235984737305547,0.0016583747927031,0.0069405394743901,0.0320072188752355,0.0016583747927031,8,5,0,1,19,8.12756,7.3390900208613905,0.6832191780821918,1.2806644622894032
721,721,721,"(736, 735)",0.0181975717146337,0.0230645654834761,0.0016583747927031,0.0080906015719036,0.0327361563517915,0.0016583747927031,5,1,0,1,20,8.12448,7.381657820380786,0.6833659491193738,1.3049519760667612
722,722,722,"(735, 734)",0.0181975717146337,0.0225542817602064,0.0016583747927031,0.0092762215570907,0.0335214164605164,0.0016583747927031,16,3,0,7,16,8.13808,7.58438300456838,0.6876223091976517,1.2903479766965833
723,723,723,"(734, 136)",0.0181975717146337,0.022066088483917,0.0024875621890547,0.0117829175412863,0.0343648486920841,0.0024875621890547,10,6,0,0,15,8.13738,8.650637724788085,0.6905577299412916,1.2817272870414107
724,724,724,"(136, 137)",0.018242758413688,0.0278001890228441,0.0033167495854063,0.0186032973803075,0.0351839425854071,0.0033167495854063,11,6,2,2,8,7.58738,6.283794132403814,0.6149217221135029,1.0426704455991183
725,725,725,"(137, 668)",0.0261630987524342,0.0272283933893253,0.0024875621890547,0.0240556428604692,0.0352734717753729,0.0024875621890547,7,3,3,2,16,6.90312,5.931210224722069,0.5437866927592955,0.942253188474256
726,726,726,"(135, 136)",0.0108573086618543,0.027422802310246,0.0024875621890547,0.0130700043461294,0.0352889539136795,0.0024875621890547,8,7,0,1,8,7.0443,4.221922944888959,0.5436888454011741,0.8048732483073532
727,727,727,"(136, 720)",0.0108121219628001,0.0278117288932961,0.0024875621890547,0.0093650425711286,0.0344867028881898,0.0024875621890547,6,5,1,4,19,7.6047,6.427024743193641,0.6254892367906066,1.0243662415367658
728,728,728,"(720, 721)",0.0108121219628001,0.0270719224207596,0.0016583747927031,0.0070337887718921,0.0337616528092718,0.0016583747927031,12,3,1,0,15,7.564,6.36650030367847,0.6198140900195694,1.019406392694064
729,729,729,"(721, 722)",0.0108121219628001,0.0263704545951501,0.0016583747927031,0.0060818846276882,0.0330882352941176,0.0016583747927031,6,6,0,0,20,7.57636,6.3946499775542,0.6112035225048924,1.0134624468587623
730,730,730,"(722, 723)",0.0108121219628001,0.0257044204782812,0.0016583747927031,0.0054203074824878,0.032762836185819,0.0016583747927031,4,15,4,0,19,7.56604,6.386411048614962,0.6097358121330724,1.0253897024090695
731,731,731,"(723, 724)",0.0108121219628001,0.0250712013803712,0.0016583747927031,0.0050139548682947,0.0325014822400689,0.0016583747927031,9,9,0,0,16,7.58482,6.394306688848398,0.6201076320939335,1.028814359943316
732,732,732,"(724, 725)",0.0108121219628001,0.0244684304496023,0.0016583747927031,0.0046876940571831,0.0322822420900476,0.0016583747927031,5,7,1,0,18,7.60202,6.412316142491219,0.625587084148728,1.0085419618957645
733,733,733,"(725, 726)",0.0108121219628001,0.0238939631089889,0.0016583747927031,0.0047179643963514,0.0322597902846137,0.0016583747927031,7,8,0,2,18,7.5784,6.403443449787425,0.623238747553816,1.0101165170839237
734,734,734,"(726, 131)",0.0108121219628001,0.0233458515621975,0.0024875621890547,0.00686705171061,0.0325875486381323,0.0024875621890547,7,7,0,1,16,7.56938,7.1161108030315035,0.6093444227005871,1.0342072114627618
735,735,735,"(131, 132)",0.011642123637231,0.0284447379593377,0.0033167495854063,0.0093878675911292,0.0329076620825147,0.0033167495854063,8,6,0,0,7,6.88812,4.8528083656816925,0.5362524461839531,0.8719099354432372
736,736,736,"(133, 130)",0.0279881662621491,0.0291705971990421,0.0033167495854063,0.0108701217655934,0.032776192417448,0.0033167495854063,4,7,0,1,7,8.90118,5.168766009136761,0.7936399217221135,1.572075263737994
737,737,737,"(130, 727)",0.02091002538516,0.0291804785985627,0.0024875621890547,0.0064299603265767,0.0324673576524431,0.0024875621890547,6,2,0,0,16,6.166,3.9512530037761757,0.4484344422700587,0.7489765391276965
738,738,738,"(727, 728)",0.02091002538516,0.0283671261231594,0.0016583747927031,0.0051058636725166,0.0322666952054794,0.0016583747927031,9,2,0,0,19,6.19412,3.9282262536639467,0.45797455968688844,0.7464178869469374
739,739,739,"(728, 729)",0.02091002538516,0.0275978855351381,0.0016583747927031,0.005384048881368,0.0324822236586942,0.0016583747927031,6,7,0,0,18,6.17678,3.954210568010774,0.44222113502935423,0.7490946307668084
740,740,740,"(729, 730)",0.02091002538516,0.0268692629890384,0.0016583747927031,0.0057717675267731,0.0327397111521337,0.0016583747927031,5,8,0,2,17,6.17964,3.950487205894003,0.4529843444227006,0.7280349551251771
741,741,741,"(730, 731)",0.02091002538516,0.0261781241181705,0.0016583747927031,0.006329794748237,0.0330610230824058,0.0016583747927031,10,3,0,4,17,6.19988,3.9510417491879903,0.45841487279843446,0.7544481184065501
742,742,742,"(731, 732)",0.02091002538516,0.0255216489609345,0.0016583747927031,0.007181582616006,0.0337295483149209,0.0016583747927031,4,1,1,0,20,6.19042,3.947265573424173,0.4489236790606654,0.7768855298378208
743,743,743,"(732, 733)",0.02091002538516,0.0248972935031689,0.0016583747927031,0.0082048519235528,0.034449268738574,0.0016583747927031,11,3,0,0,16,6.18694,3.957801896009929,0.45797455968688844,0.790702251613919
744,744,744,"(733, 137)",0.02091002538516,0.0243027567306142,0.0024875621890547,0.012153725107465,0.0352312231602933,0.0024875621890547,10,6,0,0,16,6.203,5.580448387863424,0.44740704500978473,0.8235317272870414
745,745,745,"(137, 134)",0.0129896850464138,0.0272185609822154,0.0024875621890547,0.0119857168518978,0.0352199053793586,0.0024875621890547,6,4,0,0,8,6.86232,7.274762998758879,0.5317514677103719,1.9649267831837507
746,746,746,"(296, 740)",0.0391359230910437,0.0327281608727509,0.0033167495854063,0.0789711067382901,0.0364152424663325,0.0033167495854063,8,19,11,19,19,15.22236,18.639599672555388,10.70518590998043,18.490277121713117
747,747,747,"(740, 741)",0.0391359230910437,0.0317059705024055,0.0016583747927031,0.0200557366311181,0.0355060943296237,0.0016583747927031,18,14,1,9,18,15.26338,16.74829015817687,4.326761252446184,11.821602897181545
748,748,748,"(741, 742)",0.0391359230910437,0.0307456978967495,0.0016583747927031,0.0191333474176601,0.0348142374642764,0.0016583747927031,17,15,4,15,16,15.26306,14.44939132271779,4.964530332681018,9.292512990080303
749,749,749,"(742, 743)",0.0391359230910437,0.0298418825625417,0.0016583747927031,0.0184962526438835,0.0343521235081322,0.0016583747927031,11,16,1,14,19,15.19618,16.619424859383663,4.129060665362036,10.444339474098568
750,750,750,"(743, 744)",0.0391359230910437,0.0289896877478906,0.0016583747927031,0.0180604107114788,0.0340504828053532,0.0016583747927031,15,13,3,5,15,15.27566,13.431170614486783,3.9037671232876714,7.639859864588254
751,751,751,"(744, 745)",0.0391359230910437,0.0281848138540279,0.0016583747927031,0.0176915771476245,0.0337938184773166,0.0016583747927031,16,14,6,8,16,15.2336,13.211413029126726,4.943835616438356,7.2503149110376315
752,752,752,"(745, 746)",0.0391359230910437,0.0274234258817108,0.0016583747927031,0.0173930908115004,0.0335811544566034,0.0016583747927031,14,15,1,11,17,15.23926,13.86030790356228,3.709637964774951,7.025625885687293
753,753,753,"(746, 157)",0.0391359230910437,0.0267020923281301,0.0024875621890547,0.0182836257961398,0.0335298042704626,0.0024875621890547,10,17,1,6,19,15.23738,16.149673875729487,3.623336594911937,6.927885372382302
754,754,754,"(157, 158)",0.0287962773822892,0.0295103628844789,0.0033167495854063,0.0188430222036406,0.0334832583708145,0.0033167495854063,13,8,0,6,9,11.68202,7.946526182365523,1.4301859099804306,2.3784443394740986
755,755,755,"(155, 929)",0.0086839872882687,0.0278085224128389,0.0024875621890547,0.0124950134462853,0.0349089645989521,0.0024875621890547,5,9,0,0,19,5.80952,7.049829675988275,0.41193737769080235,1.079042670445599
756,756,756,"(929, 930)",0.0086839872882687,0.0270658467615243,0.0016583747927031,0.0105425783300931,0.0341797982088198,0.0016583747927031,7,3,1,0,19,5.79766,7.05268161292878,0.4113013698630137,1.0762084711069122
757,757,757,"(930, 931)",0.0086839872882687,0.0263618081664772,0.0016583747927031,0.009891403565841,0.0337304916932371,0.0016583747927031,5,5,1,2,23,5.81506,7.050648287517495,0.41996086105675146,1.0704613446701308
758,758,758,"(931, 932)",0.0086839872882687,0.0256934679790361,0.0016583747927031,0.0094443348631624,0.0334359144972136,0.0016583747927031,5,4,0,0,21,5.79984,7.052021442340701,0.4162426614481409,1.084081247047709
759,759,759,"(932, 933)",0.0086839872882687,0.0250581781914893,0.0016583747927031,0.0090692098952338,0.0331847449232293,0.0016583747927031,3,7,1,1,22,5.81098,7.056484195516122,0.40885518590998043,1.074633915918753
760,760,760,"(933, 934)",0.0086839872882687,0.0244535463725211,0.0016583747927031,0.0087615026689471,0.0329760472492617,0.0016583747927031,3,11,0,0,18,5.808,7.081359423274974,0.41487279843444225,1.0732955440088174
761,761,761,"(934, 161)",0.0086839872882687,0.0238774055595153,0.0024875621890547,0.0091451260148055,0.0329112542298875,0.0024875621890547,3,12,0,1,19,5.79218,8.72143441865378,0.4115949119373777,1.1000236183278225
762,762,762,"(160, 992)",0.0347943775818923,0.0288889953528481,0.0024875621890547,0.0239385542980925,0.0332570388550313,0.0024875621890547,9,10,0,2,20,9.95032,9.689534975837757,0.9896771037181996,2.2657455518815937
763,763,763,"(992, 993)",0.0347943775818923,0.0280883174958077,0.0016583747927031,0.0238107693102136,0.0333693035610525,0.0016583747927031,10,8,0,0,17,9.94704,9.590852676331565,1.009050880626223,2.213706502912927
764,764,764,"(993, 994)",0.0347943775818923,0.0273308253637311,0.0016583747927031,0.0241257059095613,0.0335951863613571,0.0016583747927031,11,7,2,1,22,9.90548,9.608017111621644,1.013600782778865,2.238348291607621
765,765,765,"(994, 995)",0.0347943775818923,0.0266131167799452,0.0016583747927031,0.0245076764235395,0.0338621367401375,0.0016583747927031,7,10,0,2,21,9.92564,9.595394649977553,0.9960371819960862,2.2761769800031493
766,766,766,"(995, 996)",0.0347943775818923,0.0259321377886724,0.0016583747927031,0.0249820565239076,0.034198213526159,0.0016583747927031,12,10,6,2,22,9.94922,9.58314188386279,0.9936399217221135,2.319595339316643
767,767,767,"(996, 997)",0.0347943775818923,0.0252851392150285,0.0016583747927031,0.0257180971999553,0.0347560448427908,0.0016583747927031,9,6,0,2,19,9.92904,9.676041089017403,1.0003913894324854,2.3806487167375217
768,768,768,"(997, 155)",0.0347943775818923,0.0246696395696109,0.0033167495854063,0.0336965486497448,0.0355825686719971,0.0033167495854063,10,8,1,0,19,9.97336,10.415511368137526,1.0045988258317025,3.6502125649504014
769,769,769,"(156, 985)",0.0181975717146337,0.0289618404937441,0.0024875621890547,0.0076366801314863,0.0320369780044628,0.0024875621890547,13,7,0,1,19,8.11224,7.320367582983443,0.6789628180039139,1.2531491103763186
770,770,770,"(985, 986)",0.0181975717146337,0.0281617784419951,0.0016583747927031,0.006013409371716,0.0313165411581407,0.0016583747927031,11,1,2,1,17,8.12824,7.339882225567086,0.6773972602739726,1.24031648559282
771,771,771,"(986, 987)",0.0181975717146337,0.0274047310655123,0.0016583747927031,0.0051115902527459,0.0307872970489124,0.0016583747927031,6,8,0,0,16,8.1058,7.358683883915604,0.7145303326810176,1.2555503070382616
772,772,772,"(987, 988)",0.0181975717146337,0.0266873202035848,0.0016583747927031,0.0045164315766313,0.0304668552950687,0.0016583747927031,4,7,0,0,15,8.13454,7.319073648630806,0.6997553816046966,1.2654306408439615
773,773,773,"(988, 989)",0.0181975717146337,0.0260065124102387,0.0016583747927031,0.0042117662981196,0.0302878095333768,0.0016583747927031,13,7,1,1,19,8.12128,7.346536745094933,0.690068493150685,1.2868052275232247
774,774,774,"(989, 990)",0.0181975717146337,0.0253595760787282,0.0016583747927031,0.0043088233325707,0.0304215119945513,0.0016583747927031,7,5,1,1,16,8.147,7.327180543452428,0.7223581213307241,1.2625964415052748
775,775,775,"(990, 991)",0.0181975717146337,0.024744044810111,0.0016583747927031,0.0049327177251545,0.0307975178119972,0.0016583747927031,9,8,0,2,18,8.14006,7.3160632707491615,0.6928571428571428,1.2638560856558023
776,776,776,"(991, 297)",0.0181975717146337,0.0241576859901446,0.0016583747927031,0.0058798583893304,0.0313556237325152,0.0016583747927031,8,8,0,2,20,8.12326,7.3453220312128655,0.6788160469667319,1.259801606046292
777,777,777,"(801, 802)",0.0400610692175689,0.0251995486648,0.0016583747927031,0.0381581719565567,0.0304622379388734,0.0016583747927031,10,8,0,2,38,8.04458,6.4180992368428,0.651320939334638,0.939930719571721
778,778,778,"(802, 803)",0.0400610692175689,0.0245961820851688,0.0016583747927031,0.0378268128904264,0.0302756439222774,0.0016583747927031,11,7,0,2,40,8.02596,6.43502601072117,0.6356653620352251,0.9084789796882381
779,779,779,"(803, 804)",0.0400610692175689,0.0240210333426283,0.0016583747927031,0.0375745384203198,0.0301334266153615,0.0016583747927031,6,8,2,0,40,8.05008,6.4454831128363566,0.6516144814090019,0.9166666666666666
780,780,780,"(804, 805)",0.0400610692175689,0.0234721681588166,0.0016583747927031,0.0373525107491064,0.0300104514009854,0.0016583747927031,16,3,0,0,42,8.0224,6.440016900367055,0.652348336594912,0.9179263108171941
781,781,781,"(805, 806)",0.0400610692175689,0.0229478250941888,0.0016583747927031,0.0371667238968892,0.029903297793206,0.0016583747927031,7,12,0,0,42,8.04312,6.456230690010298,0.6491682974559687,0.9137143756888679
782,782,782,"(806, 808)",0.0400610692175688,0.0224463966646813,0.0016583747927031,0.0370242291375654,0.0298197463096209,0.0016583747927031,7,3,0,1,50,8.03092,6.4323325147218045,0.6428571428571429,0.9330420406235238
783,783,783,"(808, 809)",0.0400610692175688,0.0219664128811336,0.0016583747927031,0.0369192492683637,0.0297623454505071,0.0016583747927031,9,8,0,0,50,8.02634,6.462198632126541,0.6407534246575343,0.9261533616753267
784,784,784,"(809, 810)",0.0400610692175688,0.0215065268564091,0.0016583747927031,0.0368416839750781,0.0297190734351897,0.0016583747927031,5,7,3,0,40,8.05082,6.44418917848372,0.6681996086105675,0.9315068493150684
785,785,785,"(810, 196)",0.0400610692175688,0.0210655021834061,0.0016583747927031,0.0368340777843893,0.0296890770783584,0.0016583747927031,6,5,1,4,44,8.045,6.469275660830759,0.6653620352250489,1.0460163753739569
786,786,786,"(196, 197)",0.0621176259911009,0.0268572955638695,0.0033167495854063,0.0449208589406126,0.0297932261172459,0.0033167495854063,12,10,2,5,22,13.03728,11.05093876257625,2.0668786692759293,4.790662887734215
787,787,787,"(197, 814)",0.0385548628457527,0.0261610880930172,0.0016583747927031,0.032992901916027,0.0290840688757053,0.0016583747927031,9,1,0,0,42,6.50414,5.526552061052576,0.4769569471624266,0.7100850259801607
788,788,788,"(814, 816)",0.0385548628457527,0.0255000634329936,0.0016583747927031,0.0316504936447774,0.0284145795537544,0.0016583747927031,4,4,0,1,38,6.48946,5.524281074229581,0.4766634050880626,0.7245315698315226
789,789,789,"(816, 274)",0.0385548628457527,0.024871620367506,0.0016583747927031,0.0303259958020409,0.0277848174173482,0.0016583747927031,7,5,0,1,38,6.5114,6.036282975520875,0.46785714285714286,1.1939458353015273
790,790,790,"(274, 275)",0.0415812248118558,0.0247501385268947,0.0033167495854063,0.0368738799361199,0.0274178147592415,0.0033167495854063,10,10,0,12,16,14.1262,11.033325411286276,2.6191780821917807,6.303141237600378
791,791,791,"(275, 278)",0.0326432039892744,0.024167368041361,0.0016583747927031,0.0341759470460425,0.0268148971650917,0.0016583747927031,8,3,0,2,68,7.0743,5.541920832343077,0.5329745596868884,0.7856636750118091
792,792,792,"(278, 817)",0.0326432039892744,0.0236114102237797,0.0016583747927031,0.0328335363677745,0.0262459194776931,0.0016583747927031,10,2,0,0,58,7.04828,5.523805751406163,0.5286203522504892,0.7847976696583215
793,793,793,"(817, 280)",0.0326432039892744,0.0230804562504784,0.0016583747927031,0.0315077802442231,0.0257060641585846,0.0016583747927031,10,12,0,1,60,7.03124,5.519765507407114,0.5268590998043052,0.7870414108014486
794,794,794,"(279, 818)",0.0359845310102323,0.0159107100451199,0.0016583747927031,0.0274190151207246,0.0262470618960564,0.0016583747927031,11,4,0,0,58,8.10172,5.34503155615411,0.664334637964775,1.0484962997953078
795,795,795,"(818, 277)",0.0359845310102323,0.0156678315773063,0.0016583747927031,0.0287526057353478,0.026812512505836,0.0016583747927031,7,4,4,0,60,8.08896,5.345929388153899,0.6751956947162426,1.3016060462919226
796,796,796,"(277, 276)",0.0359845310102323,0.0154322567436146,0.0016583747927031,0.0301030608081146,0.0274103368334924,0.0016583747927031,7,6,1,4,68,8.08734,5.675750613958647,0.6836105675146771,4.051054951976067
797,797,797,"(276, 273)",0.0449225518328138,0.0238372897436404,0.0033167495854063,0.0413841785632497,0.0280432507847924,0.0033167495854063,13,9,1,11,16,15.13782,10.699041432306108,3.84192759295499,8.465871516296646
798,798,798,"(273, 200)",0.0418961898667107,0.0232872480111222,0.0016583747927031,0.0417304083713628,0.0286842355627437,0.0016583747927031,4,7,2,0,46,7.54948,5.35873669756265,0.5940313111545988,0.8428987561014013
799,799,799,"(200, 815)",0.0418961898667107,0.0227620180057754,0.0024875621890547,0.0436083758005269,0.0293666447512601,0.0024875621890547,6,6,0,0,36,7.56546,5.374158282500198,0.6077299412915851,0.8553377420878602
800,800,800,"(815, 198)",0.0235015333659044,0.0222599579164974,0.0024875621890547,0.0203348567398389,0.0296387318751536,0.0024875621890547,6,4,0,0,42,3.78148,2.666296971137342,0.23003913894324854,0.3051094315855771
801,801,801,"(198, 201)",0.0313930905310108,0.0257527226137091,0.0033167495854063,0.0216294950478927,0.0297873391458986,0.0033167495854063,4,2,0,0,18,5.1228,3.9750983654176237,0.33972602739726027,0.47783813572665723
802,802,802,"(201, 195)",0.0309148455181774,0.0265101556317594,0.0024875621890547,0.0221154956252604,0.0303220777914665,0.0024875621890547,7,10,0,0,14,4.98476,4.36401806226729,0.3281311154598826,0.5410565265312549
803,803,803,"(195, 813)",0.0470958714954503,0.026222521797743,0.0024875621890547,0.0323552262298478,0.0306472516581535,0.0024875621890547,15,6,0,3,54,9.87458,9.177242599487707,0.9882093933463797,2.7755865218075892
804,804,804,"(813, 812)",0.0470958714954503,0.0255698081204282,0.0016583747927031,0.0322423727460769,0.0306433580648439,0.0016583747927031,12,7,0,4,48,9.86258,9.170403232195198,1.0095890410958903,2.7270114942528734
805,805,805,"(812, 811)",0.0470958714954503,0.0249487991063116,0.0016583747927031,0.0323199790093397,0.0306893656004275,0.0016583747927031,4,5,1,7,46,9.83402,9.184425255486017,1.0345890410958904,2.7517320107069754
806,806,806,"(811, 807)",0.0470958714954503,0.0243572395128552,0.0016583747927031,0.0324251996735048,0.0307504015910655,0.0016583747927031,7,8,0,7,34,9.85828,9.177136972193615,0.988013698630137,2.737403558494725
807,807,807,"(807, 798)",0.0470958714954503,0.0237930830390435,0.0016583747927031,0.0325679594749713,0.030839257402956,0.0016583747927031,7,6,0,0,38,9.86548,9.178298872428636,0.9926614481409002,2.7297276019524483
808,808,808,"(798, 797)",0.0470958714954503,0.0232544686758836,0.0016583747927031,0.0327538239844725,0.0309532364868333,0.0016583747927031,8,9,0,2,32,9.82734,9.15925955266841,0.9790117416829746,2.7530703826169107
809,809,809,"(797, 796)",0.0470958714954503,0.0227397001979824,0.0016583747927031,0.0329759087615667,0.0310840764987885,0.0016583747927031,11,8,0,1,42,9.8692,9.168501940901528,0.9885518590998043,2.7490159030074004
810,810,810,"(796, 795)",0.0470958714954503,0.0222472283200206,0.0016583747927031,0.0332282396653955,0.0312354312354312,0.0016583747927031,9,7,0,8,42,9.85094,9.186405767250257,0.9617416829745596,2.7827113840340103
811,811,811,"(815, 199)",0.017564780982134,0.0222653004707837,0.0016583747927031,0.0250170898364808,0.0294253995364157,0.0016583747927031,2,5,0,3,46,3.78218,2.6789986532520005,0.23385518590998042,0.3056998897811368
812,812,812,"(194, 195)",0.0153511504586007,0.0257038726315565,0.0016583747927031,0.0103473160366237,0.0306137990556937,0.0016583747927031,7,5,0,1,28,4.8708,4.798859225223798,0.32495107632093934,0.6204534718941899
813,813,813,"(199, 913)",0.0332359869623757,0.0251979691189068,0.0024875621890547,0.0336159277372615,0.0299753933338304,0.0024875621890547,11,5,1,2,17,8.9489,6.619504079854234,0.8053326810176126,1.2496457250826642
814,814,814,"(913, 914)",0.0332359869623757,0.0245871559633027,0.0016583747927031,0.0341031820473908,0.0303182663784001,0.0016583747927031,6,7,0,5,16,8.94244,6.623042594206343,0.7949119373776908,1.252401196661943
815,815,815,"(914, 915)",0.0332359869623757,0.0240052548816656,0.0016583747927031,0.035082241804741,0.0308479345184806,0.0016583747927031,8,2,0,4,21,8.9304,6.6589558741978925,0.799853228962818,1.2489765391276964
816,816,816,"(915, 916)",0.0332359869623757,0.0234502605584506,0.0016583747927031,0.0362235381842309,0.0315186995269581,0.0016583747927031,6,6,0,4,14,8.95156,6.730782434180992,0.8016144814090019,1.2267753109746498
817,817,817,"(916, 185)",0.0332359869623757,0.0229203489366554,0.0024875621890547,0.038195495884603,0.0323281061519903,0.0024875621890547,6,2,2,0,13,8.93022,6.674799968311812,0.7958904109589041,1.257242953865533
818,818,818,"(185, 186)",0.0521432945920467,0.0288192701985805,0.0033167495854063,0.0445069226738504,0.0330909589792838,0.0033167495854063,15,7,0,0,17,9.35486,9.910850563785683,0.886839530332681,2.1598567154778774
819,819,819,"(187, 184)",0.0280380064256325,0.0296016298078103,0.0033167495854063,0.0252878916453401,0.0335456593696976,0.0033167495854063,5,6,0,1,16,8.41546,10.054873379281206,0.7243150684931506,2.192056369075736
820,820,820,"(184, 968)",0.0369294622192993,0.0294182217343578,0.0024875621890547,0.0290809316369482,0.0329391199847048,0.0024875621890547,5,8,0,0,13,9.756,10.107898280915789,0.9722602739726027,3.170406235238545
821,821,821,"(968, 967)",0.0369294622192993,0.0285890384980087,0.0016583747927031,0.0270616847366303,0.0320872688572568,0.0016583747927031,13,8,0,0,14,9.72914,9.531014814227996,0.9516634050880626,3.0927806644622895
822,822,822,"(967, 966)",0.0369294622192993,0.027805316671662,0.0016583747927031,0.0259094225285178,0.0313915352178666,0.0016583747927031,8,6,0,0,20,9.72652,9.56283503657345,0.9750489236790607,3.2581483230987245
823,823,823,"(966, 965)",0.0369294622192993,0.0270634172613437,0.0016583747927031,0.0251275646211853,0.03094688221709,0.0016583747927031,10,14,1,8,18,9.74032,9.52005598246587,0.9764187866927593,3.2318926153361676
824,824,824,"(965, 194)",0.0369294622192993,0.0263600795611024,0.0024875621890547,0.0248982989913051,0.0307920134810805,0.0024875621890547,7,9,1,5,21,9.75342,9.561224220338536,0.9851761252446184,3.1976854038734057
825,825,825,"(194, 201)",0.0207484362420263,0.0256923732424371,0.0024875621890547,0.0139676824857334,0.0304322592041181,0.0024875621890547,3,4,0,1,10,4.85128,4.7418204864136895,0.32460861056751467,0.6197055581798142
826,826,826,"(201, 196)",0.0212266812548598,0.0264932668438742,0.0024875621890547,0.0124733225310229,0.0299070055796652,0.0024875621890547,5,2,0,0,9,5.01962,4.266814544878397,0.33214285714285713,0.5700677058730909
827,827,827,"(197, 198)",0.0227328876266759,0.0261565488971305,0.0024875621890547,0.0070846061205428,0.0297439944754106,0.0024875621890547,7,2,0,0,9,6.50966,5.190578045366923,0.4690802348336595,0.716422610612502
828,828,828,"(198, 199)",0.0148413304615695,0.0257604237867395,0.0024875621890547,0.0079479605715465,0.0298566583318891,0.0024875621890547,5,6,1,3,11,5.17184,3.9369933190736486,0.34637964774951074,0.48452999527633445
829,829,829,"(275, 276)",0.0081081453039092,0.024153815341478,0.0016583747927031,0.0042076385035064,0.027504732364814,0.0016583747927031,6,4,4,3,10,7.0316,5.586574770920806,0.5283268101761253,1.6436781609195403
830,830,830,"(273, 274)",0.0021964864474308,0.0232836512472005,0.0016583747927031,0.0042076385035064,0.027504732364814,0.0016583747927031,8,6,0,1,12,7.57436,5.715545697008107,0.5972113502935421,1.3301054951976066
831,831,831,"(280, 281)",0.0326432039892744,0.0225728564209107,0.0016583747927031,0.0301959355113094,0.0251942842817748,0.0016583747927031,6,2,0,1,52,7.04966,5.499141778235496,0.5420254403131115,0.7750354274917336
832,832,832,"(281, 819)",0.0326432039892744,0.0220871030365188,0.0016583747927031,0.0288979816743081,0.0247065330956917,0.0016583747927031,5,9,0,0,56,7.02928,5.52443951517072,0.5429549902152642,0.783774208786018
833,833,833,"(819, 821)",0.0326432039892744,0.0216218154436416,0.0016583747927031,0.0276139262762728,0.024243155228561,0.0016583747927031,4,9,0,0,56,7.0541,5.521983680583062,0.5357142857142857,0.7935758148323099
834,834,834,"(821, 823)",0.0326432039892744,0.0211757269279393,0.0016583747927031,0.0263465043827015,0.023801535455604,0.0016583747927031,6,3,2,2,64,7.05842,5.546409992342022,0.537426614481409,0.7805070067705873
835,835,835,"(823, 826)",0.0326432039892744,0.0207476731983415,0.0016583747927031,0.0250957220846658,0.0233820621195083,0.0016583747927031,13,3,0,1,48,7.05928,5.499300219176635,0.5366438356164384,0.7895606991025036
836,836,836,"(825, 824)",0.0359845310102323,0.0172475437266707,0.0016583747927031,0.0209731494306236,0.0238184583176979,0.0016583747927031,12,4,0,0,38,8.09552,5.32488314980591,0.6654598825831702,0.9581168319949614
837,837,837,"(824, 822)",0.0359845310102323,0.0169625024613913,0.0016583747927031,0.022231232273779,0.0242558326629123,0.0016583747927031,10,6,0,0,56,8.0744,5.3471441020359665,0.6773483365949119,0.9657140607778303
838,838,838,"(822, 820)",0.0359845310102323,0.0166867294840396,0.0016583747927031,0.0235061986895869,0.0247176733413949,0.0016583747927031,10,5,2,1,54,8.108,5.346747999683118,0.6777397260273973,0.9598094788222327
839,839,839,"(820, 282)",0.0359845310102323,0.0164197799803942,0.0016583747927031,0.0247965427278098,0.0252016550340619,0.0016583747927031,7,10,1,0,56,8.09268,5.3363173043914545,0.6856164383561644,0.9627224059203275
840,840,840,"(282, 279)",0.0359845310102323,0.0161612371520844,0.0016583747927031,0.0261008212430254,0.0257115446114486,0.0016583747927031,9,8,0,0,56,8.07868,5.346404710977317,0.7000978473581213,0.9308770272398047
841,841,841,"(186, 1002)",0.0369984104374393,0.0283351346271321,0.0024875621890547,0.0340747421653674,0.0331400621032672,0.0024875621890547,8,8,0,5,15,10.11426,12.002508648234704,1.011839530332681,4.014603999370178
842,842,842,"(1002, 181)",0.0369984104374393,0.0275600447907858,0.0024875621890547,0.0348351087348487,0.0334702486678508,0.0024875621890547,6,9,0,13,13,10.16712,11.624019646676702,1.0319960861056752,5.071563533301842
843,843,843,"(181, 182)",0.0537229940660918,0.0298929208804283,0.0033167495854063,0.0494171394179615,0.0338954468802698,0.0033167495854063,4,11,0,13,15,8.41248,12.572209458924187,0.7285225048923679,4.8832073689182804
844,844,844,"(182, 998)",0.0569159127631289,0.02925906157504,0.0024875621890547,0.0512432139035119,0.0333471588552467,0.0024875621890547,5,22,0,23,23,7.2233,21.771000026406824,0.5545988258317025,14.784246575342467
845,845,845,"(924, 183)",0.0503777791540223,0.0243813682678311,0.0024875621890547,0.0407015827982649,0.0339355056559176,0.0024875621890547,10,7,0,0,20,7.78444,9.167419261137077,0.626761252446184,2.446622579121398
846,846,846,"(183, 180)",0.052917389749825,0.0292491268917345,0.0033167495854063,0.0393945213646544,0.034147860803579,0.0033167495854063,8,10,0,3,15,7.4691,10.209749399244766,0.6046477495107632,2.1408833254605573
847,847,847,"(180, 917)",0.0485974762316084,0.0300800638515451,0.0024875621890547,0.0422719756303423,0.0344906480581135,0.0024875621890547,5,10,1,0,16,6.64614,9.127465737146478,0.514921722113503,1.6471028184537868
848,848,848,"(917, 187)",0.0485974762316084,0.0292080406878178,0.0024875621890547,0.0405454249799541,0.0341266023373609,0.0024875621890547,7,6,0,1,16,6.64412,9.152472999022947,0.512573385518591,1.665603841914659
849,849,849,"(998, 937)",0.0569159127631289,0.0284387011578277,0.0016583747927031,0.0495269198682987,0.0327459339107768,0.0016583747927031,10,19,0,18,19,7.20528,18.65148274314083,0.5607632093933463,16.32353172728704
850,850,850,"(937, 1003)",0.0569159127631289,0.0276630883567299,0.0016583747927031,0.0488960651624868,0.0323419775268846,0.0016583747927031,5,23,2,15,23,7.21892,22.567007314690116,0.5730430528375734,21.350417257124864
851,851,851,"(1003, 936)",0.0569159127631289,0.0269286591492687,0.0016583747927031,0.0484664632980467,0.0320795871681651,0.0016583747927031,7,23,0,20,23,7.1979,22.668488737489767,0.5776908023483366,21.824476460399936
852,852,852,"(936, 935)",0.0569159127631289,0.0262322182102927,0.0016583747927031,0.048103869802157,0.0318567239876376,0.0016583747927031,11,22,1,22,22,7.19976,21.678523330428582,0.5783757338551859,20.894111163596286
853,853,853,"(928, 927)",0.0503777791540223,0.0269750380245146,0.0016583747927031,0.0372917442015431,0.0323151125401929,0.0016583747927031,2,11,1,6,23,7.77898,8.837122712508913,0.637426614481409,2.4539048968666353
854,854,854,"(927, 926)",0.0503777791540223,0.0262762272043924,0.0016583747927031,0.0376558755962064,0.0325453367875647,0.0016583747927031,14,5,1,0,23,7.79052,8.855977184504477,0.638600782778865,2.472917650763659
855,855,855,"(926, 925)",0.0503777791540223,0.0256127086607484,0.0016583747927031,0.0380936360791766,0.0328163265306122,0.0016583747927031,13,11,0,4,23,7.7886,8.856742982386649,0.6470156555772995,2.4504015115729807
856,856,856,"(925, 924)",0.0503777791540223,0.0249818746763335,0.0016583747927031,0.0387889071037243,0.0332524539538987,0.0016583747927031,3,4,0,0,21,7.8111,8.838707121920304,0.6400195694716243,2.427846008502598
857,857,857,"(896, 895)",0.0224334757746537,0.0265615364285085,0.0016583747927031,0.0231687946193529,0.0300545767189174,0.0016583747927031,7,8,0,2,32,9.31818,8.8593044442684,0.8709882583170254,3.136513934813415
858,858,858,"(895, 894)",0.0224334757746537,0.0258831609220071,0.0016583747927031,0.0218919148412036,0.0293752283522104,0.0016583747927031,7,13,2,1,36,9.36512,8.843645197919143,0.8437866927592955,3.511454888993859
859,859,859,"(894, 188)",0.0224334757746537,0.025238573581115,0.0024875621890547,0.0210803641383818,0.0288786188070209,0.0024875621890547,12,11,0,6,36,9.34852,11.646148564789142,0.8849315068493151,7.692646827271296
860,860,860,"(188, 189)",0.0138240333601701,0.0258776070723543,0.0033167495854063,0.0037041230484604,0.0288385662019656,0.0033167495854063,14,10,0,9,32,10.10372,10.803242757928649,1.0187866927592955,8.48803338056999
861,861,861,"(189, 190)",0.0076877025660081,0.0254365983295368,0.0024875621890547,0.0032555986558387,0.0287958740240204,0.0024875621890547,6,5,0,5,14,7.35886,7.530592305051625,0.575880626223092,1.44229255235396
862,862,862,"(190, 191)",0.0217345073355477,0.0248829100212515,0.0033167495854063,0.0452873196896925,0.0291149630631065,0.0033167495854063,15,17,1,17,18,12.04266,13.123636747735615,1.5337084148727984,4.309557549992127
863,863,863,"(191, 192)",0.0017961319661325,0.0242812273496013,0.0016583747927031,0.0009279219269078,0.02893196430285,0.0016583747927031,5,20,0,2,20,6.01038,19.162586812432334,0.4237279843444227,4.247323256180129
864,864,864,"(192, 193)",0.0488924966159127,0.0262533469752051,0.0033167495854063,0.0262625103958821,0.0293602103418054,0.0033167495854063,9,8,0,6,8,14.39774,7.830283345216404,3.9217710371819963,6.677649189104078
865,865,865,"(193, 188)",0.0394816030497581,0.0260413292738226,0.0033167495854063,0.0228684309221398,0.0288855356757921,0.0033167495854063,12,7,0,21,24,10.92906,9.62235601679474,1.1851272015655576,12.34506376948512
866,866,866,"(193, 908)",0.0498469452120285,0.0260480787921985,0.0024875621890547,0.0164331766324848,0.0293530643041425,0.0024875621890547,12,6,4,0,34,10.90752,7.340119886978795,1.1884050880626222,3.8793890725869944
867,867,867,"(908, 893)",0.0498469452120285,0.0253942852329915,0.0016583747927031,0.0165736613493455,0.0298249084973785,0.0016583747927031,12,11,0,10,30,10.89984,7.303044706752225,1.1575342465753424,3.8263265627460243
868,868,868,"(893, 892)",0.0498469452120285,0.0247725078569521,0.0016583747927031,0.0178568325315692,0.0305285540704738,0.0016583747927031,14,6,0,13,40,10.90126,7.328659325569728,1.1895303326810176,4.0209022201228155
869,869,869,"(189, 193)",0.0404360516458739,0.0254349889275545,0.0033167495854063,0.0155240913472216,0.0287924366136656,0.0033167495854063,14,14,1,11,40,7.41496,6.861813092503103,0.5685420743639922,1.4119036372224847
870,870,870,"(905, 906)",0.0462664891311079,0.0274658953745245,0.0016583747927031,0.0280404114284539,0.0310161252989738,0.0016583747927031,10,36,1,34,36,8.39718,35.82566215109984,0.7211839530332681,34.64045032278381
871,871,871,"(906, 907)",0.0462664891311079,0.0267399835923815,0.0016583747927031,0.0267472002138952,0.0302847672141027,0.0016583747927031,4,33,2,34,34,8.40538,33.83292402756872,0.712573385518591,32.62068965517241
872,872,872,"(907, 192)",0.0462664891311079,0.0260514548635862,0.0016583747927031,0.0256753350124703,0.0297015072406659,0.0016583747927031,9,34,1,32,34,8.4008,33.82553011698223,0.7372309197651663,32.621083293969455
873,873,873,"(191, 898)",0.0191084998507429,0.0242880734684013,0.0016583747927031,0.0449921886444537,0.0294620608784873,0.0016583747927031,5,7,1,0,40,5.99144,6.554384853046027,0.4249510763209393,0.7049677216186427
874,874,874,"(898, 899)",0.0191084998507429,0.0237210125685962,0.0016583747927031,0.0460751211465353,0.0300396044536329,0.0016583747927031,5,14,0,2,38,5.9979,6.545749821753941,0.41673189823874757,0.7094945677846008
875,875,875,"(899, 900)",0.0191084998507429,0.0231798262474052,0.0016583747927031,0.0473606483285138,0.030755891053759,0.0016583747927031,5,12,0,3,34,5.9921,6.5497372521059445,0.4409001956947162,0.6915052747598803
876,876,876,"(900, 901)",0.0191084998507429,0.0226627830498919,0.0016583747927031,0.0486654429354698,0.0315186995269581,0.0016583747927031,5,10,0,2,36,6.0124,6.525416567641078,0.425587084148728,0.6959927570461345
877,877,877,"(683, 684)",0.0722590990250616,0.0300014926115727,0.0016583747927031,0.0754303917288866,0.0350540634809905,0.0016583747927031,11,11,0,0,60,7.7183,6.800285193694051,0.6194716242661448,1.0311368288458511
878,878,878,"(684, 685)",0.0722590990250616,0.0291395848938072,0.0016583747927031,0.0750869345010978,0.0348424002542397,0.0016583747927031,11,9,0,0,46,7.70962,6.848768121682642,0.6331702544031311,1.0284207211462761
879,879,879,"(685, 116)",0.0722590990250616,0.028325817361894,0.0024875621890547,0.0761698196572881,0.0347270214236351,0.0024875621890547,8,5,1,0,44,7.71786,6.840344344978742,0.6279843444227006,1.0410958904109588
880,880,880,"(116, 696)",0.0706593293166649,0.0306285714285714,0.0024875621890547,0.0736782723702372,0.0345084124985693,0.0024875621890547,13,7,0,1,46,8.68744,6.109799572209459,0.7639921722113503,0.9863800976224216
881,881,881,"(696, 124)",0.0706593293166649,0.0297220031545741,0.0024875621890547,0.0728261118048978,0.0343394077448747,0.0024875621890547,9,5,0,2,46,8.67802,7.203094879716919,0.7636986301369864,1.814674854353645
882,882,882,"(124, 694)",0.0703996892963882,0.0306566003202928,0.0024875621890547,0.0644547127687923,0.0341972438042307,0.0024875621890547,13,15,1,2,34,10.53616,9.192584963954685,1.125,4.339670917965675
883,883,883,"(694, 698)",0.0703996892963882,0.0297572048953809,0.0016583747927031,0.0550819842303029,0.0337852980726131,0.0016583747927031,11,8,0,2,40,10.55002,9.150545300905755,1.1169765166340508,4.3565580223586835
884,884,884,"(698, 699)",0.0703996892963882,0.0289090778339765,0.0016583747927031,0.0548120196412681,0.0336054838799565,0.0016583747927031,13,11,1,9,40,10.5625,9.170456045842245,1.111692759295499,4.44772476775311
885,885,885,"(699, 700)",0.0703996892963883,0.0281079569291008,0.0016583747927031,0.054578792049398,0.0334461145931554,0.0016583747927031,13,11,0,11,40,10.56388,9.16884522960733,1.1239236790606653,4.355259014328452
886,886,886,"(703, 702)",0.0455602921308625,0.0260909071241589,0.0016583747927031,0.0363367644082889,0.0327815379597162,0.0016583747927031,7,4,0,44,44,8.75596,5.510470305526948,0.7705968688845402,34.16158872618485
887,887,887,"(702, 695)",0.0455602921308625,0.0254376713773465,0.0016583747927031,0.0365945060560232,0.0329481190066388,0.0016583747927031,10,2,0,38,38,8.76768,5.515381974702263,0.7744618395303327,33.346323413635645
888,888,888,"(695, 125)",0.0455602921308625,0.0248163466880671,0.0016583747927031,0.0369610986757145,0.033138240870497,0.0016583747927031,6,4,2,34,34,8.746,5.515012279172939,0.7744618395303327,32.08061722563376
889,889,889,"(125, 697)",0.0864688215240433,0.030397741593991,0.0024875621890547,0.0589450141173105,0.0337748900775758,0.0024875621890547,22,13,19,45,46,19.27588,11.905014655787056,592.8370352250489,44.99736262005983
890,890,890,"(697, 117)",0.0864688215240433,0.0295045871559633,0.0024875621890547,0.0589662510790495,0.0339307317896632,0.0024875621890547,32,20,10,0,50,19.31806,12.905648419551612,182.10939334637965,24.80569988978114
891,891,891,"(117, 689)",0.0754000299356506,0.0286705971852415,0.0016583747927031,0.0557682135378304,0.0340149485263009,0.0016583747927031,9,10,1,1,46,9.66744,6.4696453563600835,0.9134050880626223,0.954337899543379
892,892,892,"(689, 688)",0.0754000299356506,0.0278824590201835,0.0016583747927031,0.0559132030201255,0.0341150179627167,0.0016583747927031,10,3,0,0,46,9.64982,6.46185534342074,0.9367416829745597,0.9482758620689655
893,893,893,"(688, 687)",0.0754000299356506,0.0271364925070878,0.0016583747927031,0.056096989494212,0.0342409358053434,0.0016583747927031,7,5,3,1,54,9.67966,6.476167841770313,0.9166829745596868,0.9644937805070067
894,894,894,"(117, 116)",0.0102389160697205,0.0286624203821656,0.0024875621890547,0.0052279154627398,0.0337323786081897,0.0024875621890547,8,3,1,0,8,9.6508,5.444638094483614,0.9092954990215264,0.9626043142812155
895,895,895,"(116, 691)",0.0118386857781172,0.0306425794648982,0.0024875621890547,0.0076545015579044,0.034127568057049,0.0024875621890547,8,9,0,1,21,8.67574,6.126330243734981,0.7530332681017613,0.983270351125807
896,896,896,"(691, 690)",0.0118386857781172,0.0297483966452886,0.0016583747927031,0.005974450092855,0.0336975048199167,0.0016583747927031,8,7,1,0,19,8.68038,6.128442789616837,0.7708414872798435,1.0022831050228311
897,897,897,"(690, 656)",0.0118386857781172,0.0289049205474198,0.0016583747927031,0.0059486421718829,0.0337172891970476,0.0016583747927031,1,8,0,5,17,8.67922,6.127544957617048,0.7571428571428571,1.0086994174145805
898,898,898,"(656, 655)",0.0118386857781172,0.0281079569291008,0.0016583747927031,0.0061481098111269,0.0338640384129391,0.0016583747927031,7,2,1,2,21,8.68368,6.135493411497531,0.7756360078277886,1.0380648716737522
899,899,899,"(655, 654)",0.0118386857781172,0.0273537617092698,0.0016583747927031,0.0065095475183606,0.0341304655440781,0.0016583747927031,8,5,0,0,20,8.65988,6.143837967730861,0.7682974559686888,1.0833726972130373
900,900,900,"(654, 653)",0.0118386857781172,0.0266389821523237,0.0016583747927031,0.0069509709737022,0.0344413982179575,0.0016583747927031,7,4,0,1,19,8.6819,6.112361034091209,0.7622798434442271,1.100928987561014
901,901,901,"(653, 652)",0.0118386857781172,0.02596060703907,0.0016583747927031,0.0075012321905645,0.0348393806332331,0.0016583747927031,5,10,0,4,19,8.68918,6.127465737146479,0.787279843444227,1.0954574082821602
902,902,902,"(652, 651)",0.0118386857781172,0.0253159242621436,0.0016583747927031,0.0083969662548053,0.0355081851372041,0.0016583747927031,9,2,1,3,19,8.67086,6.190736486308062,0.7701565557729941,1.1136041568256967
903,903,903,"(651, 119)",0.0118386857781172,0.0247024845865508,0.0024875621890547,0.0109715912034099,0.036455971705813,0.0024875621890547,5,7,0,1,16,8.66992,7.310306583221104,0.788307240704501,1.149228467957802
904,904,904,"(119, 118)",0.0052216327307675,0.0285012052748499,0.0024875621890547,0.0083412840091997,0.0365045252292883,0.0024875621890547,4,6,0,7,7,7.86012,5.413161160843962,0.665068493150685,1.713824594552039
905,905,905,"(120, 121)",0.0292229329542762,0.0294139167337382,0.0024875621890547,0.0191171409003572,0.0364141429390984,0.0024875621890547,6,1,0,0,8,7.17744,4.504898465763553,0.5629158512720157,0.7800346402141395
906,906,906,"(121, 657)",0.0273082325971407,0.0294117647058823,0.0024875621890547,0.0220314397711926,0.0356678102448834,0.0024875621890547,9,1,0,0,15,7.04658,5.214925136655312,0.5513698630136986,0.853369548102661
907,907,907,"(657, 658)",0.0273082325971407,0.0285883607917506,0.0016583747927031,0.0204993338654939,0.034910985670864,0.0016583747927031,9,6,0,0,21,7.05142,5.2034381684227204,0.546771037181996,0.8428200283419934
908,908,908,"(658, 659)",0.0273082325971407,0.0278098049162938,0.0016583747927031,0.0195710571657489,0.0342127659574468,0.0016583747927031,6,8,0,0,20,7.05144,5.196572394306689,0.5447162426614481,0.8448669500866005
909,909,909,"(659, 660)",0.0273082325971407,0.0270725301367095,0.0016583747927031,0.0189329108586302,0.033882114963196,0.0016583747927031,7,11,0,0,21,7.05356,5.214925136655312,0.5384050880626223,0.867776728074319
910,910,910,"(660, 661)",0.0273082325971407,0.0263733379986004,0.0016583747927031,0.0185557944326211,0.0336232853797256,0.0016583747927031,8,5,2,0,19,7.06432,5.215136391243497,0.5519569471624266,0.8454574082821603
911,911,911,"(661, 662)",0.0273082325971407,0.0257093521499072,0.0016583747927031,0.0184805421315608,0.0335643316356349,0.0016583747927031,7,4,0,0,18,7.04654,5.19303387995458,0.5484344422700587,0.8586836718626988
912,912,912,"(662, 122)",0.0273082325971407,0.0250779787897691,0.0024875621890547,0.0225791985668812,0.0337976067034722,0.0024875621890547,5,3,1,0,17,7.0705,5.215506086772822,0.5474559686888454,0.8515194457565738
913,913,913,"(122, 123)",0.0058716969719013,0.0244778664068684,0.0016583747927031,0.0088960147357362,0.0335204847406748,0.0016583747927031,4,1,0,3,8,3.52464,2.666323377960865,0.21526418786692758,1.072114627617698
914,914,914,"(123, 692)",0.0398190138542319,0.0283978525007064,0.0024875621890547,0.0417028326044515,0.0337088073343209,0.0024875621890547,11,14,1,16,17,12.44768,9.797248408988883,2.0528375733855184,15.312667296488742
915,915,915,"(692, 693)",0.0398190138542319,0.0276244359438348,0.0016583747927031,0.0390593850370337,0.0335279399499583,0.0016583747927031,14,16,0,15,17,12.41336,10.290078956402334,1.6853718199608612,13.16186427334278
916,916,916,"(693, 124)",0.0398190138542319,0.0268920305043928,0.0024875621890547,0.0400640540974876,0.0339087892931451,0.0024875621890547,12,12,3,8,16,12.44368,11.106076210092688,1.7028864970645792,12.108723035742402
917,917,917,"(124, 125)",0.0400786538745086,0.0306472516581535,0.0024875621890547,0.0312585300321892,0.0341024770953512,0.0024875621890547,7,6,0,8,8,10.5655,6.360743616150414,1.109784735812133,6.409856715477877
918,918,918,"(122, 707)",0.0206066601065672,0.0244768728055042,0.0016583747927031,0.0166348033984168,0.0336045474810521,0.0016583747927031,2,3,0,1,20,3.52294,2.6139586469143627,0.21193737769080234,0.30207841284837034
919,919,919,"(707, 709)",0.0206066601065672,0.0239039086656624,0.0016583747927031,0.0164000488303496,0.0334451870545494,0.0016583747927031,3,5,0,0,21,3.53456,2.6207452005598246,0.2194716242661448,0.2966855613289246
920,920,920,"(709, 711)",0.0206066601065672,0.023357155307652,0.0016583747927031,0.0161947590046968,0.0333057166528583,0.0016583747927031,4,1,0,0,21,3.54234,2.6158335313845096,0.21868884540117417,0.30644780349551254
921,921,921,"(711, 713)",0.0206066601065672,0.022834854394668,0.0016583747927031,0.0160728696043037,0.03322222528305,0.0016583747927031,1,0,0,0,20,3.53068,2.6202434709128837,0.21629158512720156,0.3033380569988978
922,922,922,"(713, 130)",0.0206066601065672,0.0223354014260579,0.0024875621890547,0.0166679748771382,0.0331957060280759,0.0024875621890547,1,2,0,0,21,3.51558,2.6897990440729886,0.2160958904109589,0.3025507794048181
923,923,923,"(130, 131)",0.0276848009835562,0.0291677751711127,0.0033167495854063,0.0213550467933733,0.0330528681448187,0.0033167495854063,5,1,1,0,8,6.22482,4.1874620401911855,0.45591976516634053,0.7651550936860337
924,924,924,"(131, 747)",0.0268547993091251,0.0284514485231669,0.0024875621890547,0.0209579228821269,0.0329418191750887,0.0024875621890547,10,6,0,0,15,6.92864,5.647706567377011,0.5343933463796477,0.8958825381829633
925,925,925,"(747, 748)",0.0268547993091251,0.0276726096234597,0.0016583747927031,0.0204605358803313,0.0327913426504975,0.0016583747927031,4,9,1,1,17,6.91824,5.642478016319417,0.5452544031311155,0.9019445756573768
926,926,926,"(750, 132)",0.0421566849796035,0.0270185500492875,0.0024875621890547,0.0305387097940014,0.0328315138975852,0.0024875621890547,10,7,4,1,15,9.3817,6.31101956745623,0.8886497064579256,1.8017635018107385
927,927,927,"(132, 133)",0.0462195197224407,0.0290273665968662,0.0033167495854063,0.0348336572445995,0.0329670329670329,0.0033167495854063,8,8,0,2,8,8.11182,5.389342206026037,0.6864970645792564,1.4441820185797511
928,928,928,"(133, 712)",0.0331174413636584,0.0291804785985627,0.0024875621890547,0.0344762810414552,0.0330112501026469,0.0024875621890547,10,6,0,17,21,8.89494,6.817159153925374,0.8061154598825832,8.762045347189419
929,929,929,"(712, 710)",0.0331174413636584,0.0283644574062749,0.0016583747927031,0.0342424553981641,0.0330356653700761,0.0016583747927031,5,5,0,19,19,8.93062,6.8390240038025825,0.8004892367906067,12.726814674854353
930,930,930,"(710, 708)",0.0331174413636584,0.0275928340998009,0.0016583747927031,0.0343399216524853,0.0330954994511525,0.0016583747927031,5,3,1,22,22,8.89704,6.827088119570097,0.8277397260273973,17.78133364824437
931,931,931,"(708, 706)",0.0331174413636584,0.0268620812544547,0.0016583747927031,0.0345195938986758,0.033228632831873,0.0016583747927031,8,10,0,21,21,8.89848,6.814518471573055,0.7976027397260274,18.370886474570934
932,932,932,"(706, 123)",0.0331174413636584,0.0261690354779212,0.0016583747927031,0.0347541216109097,0.0333813108945969,0.0016583747927031,7,9,2,18,20,8.9149,7.023950988935541,0.8141389432485323,18.052393323886
933,933,933,"(935, 177)",0.0569159127631289,0.0255708924368678,0.0016583747927031,0.0478135087707045,0.0316726632875489,0.0016583747927031,5,18,0,17,18,7.18476,17.66312815231456,0.5636497064579257,16.929578019209572
934,934,934,"(177, 178)",0.0629307899677008,0.028381145129786,0.0033167495854063,0.0519826564526123,0.0315781204995941,0.0033167495854063,10,9,3,9,9,14.99486,8.55441125986955,5.263943248532289,7.936899700834514
935,935,935,"(178, 882)",0.0302785289779777,0.0276060980634528,0.0016583747927031,0.03715880854866,0.0310616597125637,0.0016583747927031,18,2,1,18,20,7.47434,4.292455570519422,0.6009295499021526,2.6304518973390016
936,936,936,"(882, 881)",0.0302785289779777,0.0268722565119543,0.0016583747927031,0.0367706828019882,0.030839257402956,0.0016583747927031,6,4,0,15,19,7.48972,4.282262536639467,0.5939823874755381,5.391040780979373
937,937,937,"(881, 880)",0.0302785289779777,0.0261764195172773,0.0016583747927031,0.0364620336014579,0.0306589383770591,0.0016583747927031,7,2,0,17,17,7.49286,4.316802661807811,0.589041095890411,7.847583057786175
938,938,938,"(880, 173)",0.0302785289779777,0.0255157092986353,0.0024875621890547,0.0365233141191766,0.0305370572000101,0.0024875621890547,3,18,0,19,21,7.49336,9.112915577385197,0.5908512720156556,14.862068965517242
939,939,939,"(173, 174)",0.0145205278356947,0.0277880184331797,0.0024875621890547,0.0079269102148619,0.0304161412358133,0.0024875621890547,10,10,0,10,10,7.71772,8.682510760780586,0.6240215264187867,8.761336797354748
940,940,940,"(175, 172)",0.0231685051001332,0.0265445821319305,0.0024875621890547,0.0129686167651846,0.0305672428651087,0.0024875621890547,3,8,0,0,9,7.55564,6.189944281602366,0.6189823874755381,1.391670603054637
941,941,941,"(172, 883)",0.0391941858251389,0.0272388481084133,0.0024875621890547,0.0246474068019547,0.0311813222328515,0.0024875621890547,3,5,0,1,21,7.89804,9.5401251683435,0.64853228962818,2.8474256022673594
942,942,942,"(883, 884)",0.0391941858251389,0.0265241488519398,0.0016583747927031,0.0241986099739307,0.0312597200622083,0.0016583747927031,8,8,0,0,20,7.90884,9.738994956296708,0.662720156555773,2.8789954337899544
943,943,943,"(884, 885)",0.0391941858251389,0.0258459955851782,0.0016583747927031,0.0244727617858651,0.0314217972434277,0.0016583747927031,6,10,1,0,18,7.90242,10.016425044231429,0.6468199608610568,2.771374586679263
944,944,944,"(885, 179)",0.0391941858251389,0.0252016550340619,0.0024875621890547,0.0257660760000366,0.0317134742821079,0.0024875621890547,6,15,0,3,20,7.90412,12.921122818136206,0.6540117416829746,3.0177531097464967
945,945,945,"(179, 176)",0.0422625232528001,0.0280054803427536,0.0033167495854063,0.0283689925946883,0.031853358337075,0.0033167495854063,6,7,1,0,8,7.69606,7.071007948453881,0.6306262230919765,2.22094945677846
946,946,946,"(176, 928)",0.0503777791540223,0.0277120338243066,0.0024875621890547,0.0371298930012006,0.0321248768013638,0.0024875621890547,8,7,0,2,19,7.79534,8.830468192981066,0.6492661448140901,2.4602424814989767
947,947,947,"(748, 749)",0.0268547993091251,0.0269352749363469,0.0016583747927031,0.0204348636818096,0.0327548276704962,0.0016583747927031,2,4,0,0,17,6.9146,5.671974438194829,0.5354207436399218,0.9011572980632971
948,948,948,"(749, 156)",0.0268547993091251,0.0262362129353666,0.0024875621890547,0.022622145782326,0.0329355217521916,0.0024875621890547,6,7,0,0,21,6.90472,8.064406242573082,0.5323385518590998,0.9490631396630452
949,949,949,"(156, 157)",0.0318812117375317,0.028947936919421,0.0033167495854063,0.0291413111060581,0.0331683168316831,0.0033167495854063,9,2,0,3,5,8.12762,4.373920621088489,0.6920743639921723,1.08171941426547
950,950,950,"(157, 753)",0.0422208574462863,0.0295146961650473,0.0024875621890547,0.0270603045056972,0.0333619187252759,0.0024875621890547,16,13,5,0,14,11.6795,11.295360321106974,1.4021037181996086,2.576602109903952
951,951,951,"(753, 160)",0.0422208574462863,0.0286746873365352,0.0024875621890547,0.0255241938243488,0.0332919254658385,0.0024875621890547,16,12,0,3,14,11.67762,11.952811006364044,1.4214285714285715,2.7851125806959534
952,952,952,"(160, 161)",0.0222472813433982,0.0288800019157546,0.0033167495854063,0.0146489801700865,0.0328493993953095,0.0033167495854063,8,5,0,3,5,9.9385,4.457498217539412,1.0089041095890412,1.4750826641473784
953,953,953,"(161, 879)",0.013300257587122,0.0285470813804857,0.0024875621890547,0.0118307262678508,0.0325374342371509,0.0024875621890547,6,6,0,0,19,7.9079,6.580844490216272,0.634637964774951,1.3782081561958746
954,954,954,"(879, 878)",0.013300257587122,0.0277630700522571,0.0016583747927031,0.0108341485262692,0.0320736150634291,0.0016583747927031,8,3,3,0,21,7.882,6.634397528321318,0.6514187866927593,1.4411903637222485
955,955,955,"(878, 877)",0.013300257587122,0.0270209715002688,0.0016583747927031,0.0103746164164495,0.031791221826809,0.0016583747927031,10,8,1,0,19,7.87018,7.249782143705934,0.639187866927593,1.4342229570146434
956,956,956,"(877, 176)",0.013300257587122,0.026317512274959,0.0024875621890547,0.0116484349042648,0.0317996044825313,0.0024875621890547,9,13,0,0,16,7.871,10.65539095302226,0.6441291585127201,2.495040151157298
957,957,957,"(176, 177)",0.0051850016858996,0.0277031217696919,0.0024875621890547,0.0046637546865186,0.0313580696325957,0.0024875621890547,16,7,1,7,7,7.75632,6.679368348781325,0.6366927592954991,4.773893874980318
958,958,958,"(178, 179)",0.0318223854710508,0.0275997803002563,0.0024875621890547,0.0143867189395305,0.0316311275474073,0.0024875621890547,5,4,0,1,7,7.50034,4.805328896986982,0.5995107632093933,1.0083451424972445
959,959,959,"(179, 971)",0.0287540480433897,0.0280119852275102,0.0024875621890547,0.0146174115066997,0.031516228505723,0.0024875621890547,9,10,1,0,17,7.69402,9.418838627901449,0.6355675146771037,1.6858762399622107
960,960,960,"(971, 970)",0.0287540480433897,0.0272567011707272,0.0016583747927031,0.0142999019691774,0.0316244919365412,0.0016583747927031,10,5,1,0,19,7.7096,10.758060682880457,0.6308219178082192,1.6715477877499607
961,961,961,"(970, 969)",0.0287540480433897,0.0265410770483505,0.0016583747927031,0.0148537001655341,0.0320557120833554,0.0016583747927031,4,13,1,0,19,7.69688,12.672212099606538,0.6262720156555773,1.6698551409226894
962,962,962,"(969, 162)",0.0287540480433897,0.0258620689655172,0.0024875621890547,0.0163872054762159,0.0325875486381323,0.0024875621890547,5,18,1,1,19,7.70658,15.859119596503737,0.6348825831702544,1.879822075263738
963,963,963,"(162, 163)",0.0366558696272161,0.0281171313997948,0.0033167495854063,0.0213507448566204,0.0330719025941973,0.0033167495854063,8,3,1,3,4,7.78584,3.658903060550846,0.6192270058708415,1.1319083608880491
964,964,964,"(163, 754)",0.0360809237676974,0.0283624561981138,0.0024875621890547,0.0231007883636996,0.0329814581851993,0.0024875621890547,7,9,0,1,15,8.18212,7.770841585465685,0.7028375733855186,1.581365139348134
965,965,965,"(754, 158)",0.0360809237676974,0.0275858913948488,0.0024875621890547,0.0236350131352506,0.0330555860103058,0.0024875621890547,13,13,0,0,14,8.20024,9.600517573741055,0.6901174168297456,1.7581483230987247
966,966,966,"(158, 159)",0.0529776050777888,0.0292129932417702,0.0033167495854063,0.0318689815511963,0.0333619187252759,0.0033167495854063,12,5,0,3,5,9.95282,4.310993160632708,0.9876712328767123,1.4701621791843804
967,967,967,"(159, 752)",0.0421566849796035,0.0293737974036096,0.0024875621890547,0.0311172005211419,0.0331254978438212,0.0024875621890547,10,9,0,0,19,9.37264,5.828751749452058,0.8914872798434442,1.752401196661943
968,968,968,"(752, 751)",0.0421566849796035,0.0285443786982248,0.0016583747927031,0.0302199359815398,0.0328933013310058,0.0016583747927031,11,4,0,1,17,9.36036,5.8391560379201985,0.8898238747553816,1.7718469532357108
969,969,969,"(751, 750)",0.0421566849796035,0.0277605137766728,0.0016583747927031,0.0300786902009007,0.0327414888418309,0.0016583747927031,10,5,0,2,19,9.3443,5.832765586627585,0.8772504892367906,1.7728310502283104
970,970,970,"(158, 763)",0.0118995960721977,0.0292186553603876,0.0024875621890547,0.0096719394011063,0.032827939134932,0.0024875621890547,11,8,4,1,19,9.90198,8.986321265414983,0.9814579256360079,2.2158321524169424
971,971,971,"(763, 761)",0.0118995960721977,0.0283965151871909,0.0016583747927031,0.0085932219098032,0.0325875486381323,0.0016583747927031,12,4,1,2,15,9.90652,8.838522274155642,0.9914383561643836,2.247087072901905
972,972,972,"(761, 762)",0.0118995960721977,0.0276193747852971,0.0016583747927031,0.0083049701841704,0.0323871418213067,0.0016583747927031,11,8,2,1,17,9.93188,9.019541049407167,0.9850293542074364,2.59120610927413
973,973,973,"(762, 165)",0.0118995960721977,0.0268836379848417,0.0024875621890547,0.0088414927645653,0.0323237737871884,0.0024875621890547,8,9,1,4,19,9.90964,11.7724524017006,0.9855185909980431,5.199417414580381
974,974,974,"(165, 166)",0.0082286355222504,0.029046942363737,0.0024875621890547,0.0048324467223136,0.0320949542261017,0.0024875621890547,10,7,0,5,7,9.35234,6.12846919644036,0.8688356164383562,5.025074791371438
975,975,975,"(167, 164)",0.0066892632929667,0.0278850378043422,0.0024875621890547,0.0031277762233287,0.0316651788058604,0.0024875621890547,7,4,1,1,7,8.62492,4.834693284744778,0.7501956947162427,0.987915288930877
976,976,976,"(164, 982)",0.012403064044855,0.0286951556105453,0.0024875621890547,0.0055253579891825,0.0320966625858306,0.0024875621890547,14,8,1,6,19,8.78726,6.587261348332409,0.7856164383561643,1.627578334120611
977,977,977,"(982, 983)",0.012403064044855,0.0279031026584299,0.0016583747927031,0.0049843767106461,0.032124021096372,0.0016583747927031,9,3,1,0,17,8.74778,6.583590799862685,0.7764677103718199,1.6148638009762242
978,978,978,"(983, 984)",0.012403064044855,0.027153600216148,0.0016583747927031,0.0052061139917158,0.0322287546766435,0.0016583747927031,12,5,0,3,16,8.77536,6.595817159153925,0.7681506849315068,1.5928593922216974
979,979,979,"(984, 159)",0.012403064044855,0.0264433091411406,0.0024875621890547,0.0071126313237514,0.0326007623063822,0.0024875621890547,3,6,0,0,18,8.78176,7.343526367213288,0.7768590998043052,1.634663832467328
980,980,980,"(159, 156)",0.0232239841430403,0.0293666447512601,0.0033167495854063,0.0109279588205117,0.0327940176750509,0.0033167495854063,7,6,2,5,9,9.34996,6.637011803850115,0.8565068493150685,1.622854668556133
981,981,981,"(161, 162)",0.017631011044545,0.0285403256342294,0.0033167495854063,0.012026528819156,0.0328959930171026,0.0033167495854063,8,9,0,0,9,7.86934,7.593229290448652,0.6535714285714286,1.4622894032435836
982,982,982,"(162, 945)",0.0097291894607185,0.0281236882608087,0.0024875621890547,0.0094740390080407,0.0322278934288233,0.0024875621890547,14,15,0,3,15,7.79308,12.043597665636801,0.639334637964775,1.7608644307982995
983,983,983,"(945, 946)",0.0097291894607185,0.0273624503686897,0.0016583747927031,0.0086942808462692,0.0319893899204244,0.0016583747927031,10,7,0,2,12,7.7997,9.618130925031029,0.6318493150684932,1.764407179971658
984,984,984,"(946, 947)",0.0097291894607185,0.0266413360431209,0.0016583747927031,0.0083899376841696,0.0317895458259746,0.0016583747927031,12,10,0,0,20,7.7864,10.516728722701947,0.6553326810176126,2.021846953235711
985,985,985,"(947, 169)",0.0097291894607185,0.0259572544714922,0.0024875621890547,0.0088745870934142,0.0317209816144559,0.0024875621890547,13,12,0,4,21,7.8047,15.81826824051335,0.6552837573385518,3.771099039521335
986,986,986,"(169, 170)",0.0064761255960859,0.0280758933767896,0.0024875621890547,0.0029769873384615,0.0315014105109184,0.0024875621890547,10,8,1,7,8,8.19936,7.732102775357152,0.7064090019569471,5.84061565107857
987,987,987,"(171, 168)",0.0087491115849324,0.0269744346775816,0.0024875621890547,0.0057605091002812,0.0317535545023696,0.0024875621890547,6,5,0,2,8,7.87066,5.4537220417755945,0.6415851272015656,1.0270429853566367
988,988,988,"(168, 979)",0.0142458556194853,0.0283571210233017,0.0024875621890547,0.0089433275101764,0.0322115384615384,0.0024875621890547,5,8,0,1,22,8.60636,9.201404843011435,0.751614481409002,1.9106833569516612
989,989,989,"(979, 980)",0.0142458556194853,0.0275821059372427,0.0016583747927031,0.008587437909953,0.0323229074535659,0.0016583747927031,3,10,3,3,19,8.59254,10.23069001029866,0.7715753424657534,1.8803731695795938
990,990,990,"(980, 981)",0.0142458556194853,0.0268483269885794,0.0016583747927031,0.0088711862961365,0.0324787245502531,0.0016583747927031,3,7,0,1,14,8.6071,9.655232512081122,0.7606653620352251,1.882026452527161
991,991,991,"(981, 163)",0.0142458556194853,0.026152578392679,0.0024875621890547,0.010869781639312,0.0328744718549816,0.0024875621890547,8,13,0,0,15,8.6102,10.38424568908606,0.775,1.8907652338214453
992,992,992,"(163, 160)",0.0148208014790042,0.028358454628824,0.0033167495854063,0.0126721971390098,0.033029332018733,0.0033167495854063,16,9,0,0,9,8.2094,7.264358710290739,0.709491193737769,1.6458825381829634
993,993,993,"(700, 701)",0.0703996892963883,0.0273500396870393,0.0016583747927031,0.0543730893503529,0.0333066364715954,0.0016583747927031,17,8,0,7,34,10.56582,9.177612295017033,1.1151174168297455,4.442135096835144
994,994,994,"(701, 126)",0.0703996892963883,0.0266319229750022,0.0024875621890547,0.0545903059955946,0.0331865712713263,0.0024875621890547,5,5,1,3,28,10.56964,9.185481528426946,1.113454011741683,4.330262950716422
995,995,995,"(126, 127)",0.0616823787929873,0.0292782403923187,0.0033167495854063,0.0524810375417624,0.0329850664624473,0.0033167495854063,13,5,0,0,18,9.64848,7.9765507407114,0.9391878669275929,3.3910801448590773
996,996,996,"(127, 755)",0.0594385380611922,0.0294131993561289,0.0024875621890547,0.0529504522256725,0.0328735757509676,0.0024875621890547,9,6,0,1,28,8.90474,7.122369220206501,0.8059686888454012,2.629428436466698
997,997,997,"(755, 756)",0.0594385380611922,0.0285815854959118,0.0016583747927031,0.0518208593569688,0.0327041978522616,0.0016583747927031,6,7,1,1,36,8.91066,7.146399429612612,0.8046966731898239,2.619390647142182
998,998,998,"(756, 757)",0.0594385380611922,0.0277957038812574,0.0016583747927031,0.0516116177431319,0.0325673084712808,0.0016583747927031,15,8,0,0,38,8.89176,7.102748950328765,0.8097847358121331,2.6012832624783497
999,999,999,"(757, 164)",0.0594385380611922,0.0270518830892084,0.0024875621890547,0.0519466874279879,0.0324490125383414,0.0024875621890547,12,9,1,1,38,8.89846,8.353085637328686,0.8145792563600783,3.0254290662887735
1000,1000,1000,"(164, 165)",0.0537247373093041,0.0286883296065464,0.0033167495854063,0.0504376566655677,0.0323697560190031,0.0033167495854063,9,7,0,3,8,8.77318,6.240724603237476,0.7720156555772995,2.25464493780507
1001,1001,1001,"(165, 876)",0.0573956978592514,0.0290511406065569,0.0024875621890547,0.0528896682454019,0.0324769752787203,0.0024875621890547,9,9,1,2,30,9.35152,9.011196493173836,0.8787181996086105,3.663871831207684
1002,1002,1002,"(876, 168)",0.0573956978592514,0.0282369468508546,0.0024875621890547,0.0527303908379176,0.0323836631669396,0.0024875621890547,7,16,0,7,32,9.34152,12.180332197839922,0.8707436399217221,4.260785703038891
1003,1003,1003,"(168, 169)",0.0518989538246984,0.0283517878552789,0.0033167495854063,0.0509195255282785,0.0319444812332794,0.0033167495854063,9,8,0,0,8,8.62946,7.100425149858723,0.7659001956947162,2.5178712013856086
1004,1004,1004,"(169, 874)",0.0551520176893312,0.0280811232449297,0.0024875621890547,0.0551225162663609,0.0317368421052631,0.0024875621890547,10,7,0,3,50,8.21194,11.451345427658508,0.7041585127201565,4.32203589985829
1005,1005,1005,"(874, 872)",0.0551520176893312,0.0273209188527932,0.0016583747927031,0.0539057234305965,0.0313116626856371,0.0016583747927031,12,4,1,1,56,8.21626,11.469434101771897,0.7025929549902152,5.679341835931349
1006,1006,1006,"(872, 172)",0.0551520176893312,0.0266007896420142,0.0024875621890547,0.0548468873634139,0.0311764857947935,0.0024875621890547,10,21,0,2,40,8.24756,12.693337558425098,0.6987769080234834,10.354314281215556
1007,1007,1007,"(172, 173)",0.0391263369643254,0.0272326973015693,0.0033167495854063,0.0448737382140507,0.0305742172645455,0.0033167495854063,13,19,2,11,20,7.90518,15.844965539095302,0.6499510763209393,16.116950086600536
1008,1008,1008,"(173, 202)",0.0548843381066084,0.0277905797769379,0.0024875621890547,0.0696216952222163,0.0303541315345699,0.0024875621890547,8,32,0,31,32,7.69484,31.21830521006628,0.62720156555773,30.76531254920485
1009,1009,1009,"(205, 174)",0.0512875309286407,0.0254194418683079,0.0016583747927031,0.0345410660682075,0.0296372751400766,0.0016583747927031,5,14,1,14,32,7.45474,6.074863344688268,0.5998043052837574,14.416273027869627
1010,1010,1010,"(174, 175)",0.0666379342830076,0.0272665611575853,0.0033167495854063,0.0424217341568024,0.0303893158624165,0.0033167495854063,11,16,0,16,16,15.1662,12.964033906361404,3.8556262230919764,14.850062982207527
1011,1011,1011,"(175, 871)",0.0426395536642022,0.026549257017061,0.0016583747927031,0.0305127604760467,0.0304084720121028,0.0016583747927031,5,6,0,3,42,7.56442,6.495656077530434,0.6190313111545989,3.7180365296803655
1012,1012,1012,"(871, 873)",0.0426395536642022,0.0258687258687258,0.0016583747927031,0.0309813746435679,0.0306729742102853,0.0016583747927031,6,4,2,1,56,7.56042,6.500541339882226,0.613160469667319,15.427294914186742
1013,1013,1013,"(873, 170)",0.0426395536642022,0.0252222106033671,0.0016583747927031,0.031716716591519,0.0310936936007837,0.0016583747927031,11,14,1,18,52,7.56272,23.02682933269957,0.6067514677103718,35.58427806644623
1014,1014,1014,"(170, 171)",0.0499455547789603,0.0277203144393876,0.0033167495854063,0.0359174728145566,0.0315525090262152,0.0033167495854063,18,10,4,7,10,15.78018,9.565977448572712,7.307876712328767,8.886002204377263
1015,1015,1015,"(171, 875)",0.0403665676753556,0.0269780551640829,0.0016583747927031,0.031701852631203,0.0314759232676497,0.0016583747927031,7,3,2,3,28,7.90788,4.775964509229185,0.6465264187866928,5.777672807431901
1016,1016,1016,"(875, 166)",0.0403665676753556,0.0262745098039215,0.0016583747927031,0.0318684503217989,0.0315715071075159,0.0016583747927031,6,11,1,23,28,7.88188,7.000501729646941,0.6492661448140901,17.20622736576917
1017,1017,1017,"(166, 167)",0.0494250787162782,0.0286828711411311,0.0033167495854063,0.0364687552546229,0.0318845177664974,0.0033167495854063,22,12,1,12,12,17.26192,10.093480155272122,55.909099804305285,10.728467957801922
1018,1018,1018,"(167, 758)",0.0419059399046394,0.0278914868521473,0.0016583747927031,0.0336012803285746,0.0318272986382349,0.0016583747927031,4,6,1,2,34,8.59928,5.048799809870871,0.7527397260273972,1.6472209100928987
1019,1019,1019,"(758, 759)",0.0419059399046394,0.0271425999279798,0.0016583747927031,0.0337376205494996,0.0319115156646909,0.0016583747927031,6,7,3,0,38,8.62824,5.0577253162217115,0.7525440313111545,4.595024405605416
1020,1020,1020,"(759, 760)",0.0419059399046395,0.0264328767123287,0.0016583747927031,0.0339374436256052,0.0320327233127041,0.0016583747927031,11,3,1,31,36,8.64172,5.06208244210304,0.7584637964774951,11.544796095103134
1021,1021,1021,"(760, 128)",0.0419059399046394,0.025759323337178,0.0016583747927031,0.0341650668434639,0.0321720108840633,0.0016583747927031,8,6,0,28,28,8.61768,5.139295994084872,0.7502446183953033,17.92410643993072
1022,1022,1022,"(128, 129)",0.0525589450495006,0.0290777576853526,0.0033167495854063,0.0380581233719437,0.0323541247484909,0.0033167495854063,22,12,10,18,18,17.51704,11.019831524465921,25.52705479452055,16.44981105337742
1023,1023,1023,"(129, 705)",0.0455602921308625,0.0282687168909099,0.0016583747927031,0.0357432002360634,0.0323958417277782,0.0016583747927031,15,8,1,2,28,8.71348,5.508542607409755,0.7663405088062623,4.952330341678476
1024,1024,1024,"(705, 704)",0.0455602921308625,0.0275034778444206,0.0016583747927031,0.0359049567870082,0.0325058623756772,0.0016583747927031,6,6,0,0,38,8.73704,5.520267237054055,0.7614481409001957,16.78904896866635
1025,1025,1025,"(704, 703)",0.0455602921308625,0.0267785771382893,0.0016583747927031,0.0361070981512361,0.0326342849411446,0.0016583747927031,7,3,0,13,44,8.75156,5.52642002693496,0.7798434442270059,28.27708234923634
1026,1026,1026,"(132, 719)",0.0075792888943938,0.0290343549124876,0.0024875621890547,0.0060821470731687,0.0324804740102343,0.0024875621890547,11,2,0,5,19,8.14536,5.5980617391533976,0.6970645792563601,1.3353802550779406
1027,1027,1027,"(719, 718)",0.0075792888943938,0.0282237304001872,0.0016583747927031,0.0049896732427631,0.0322753305143713,0.0016583747927031,9,6,0,0,14,8.14104,5.593731020095593,0.6784735812133073,1.307786175405448
1028,1028,1028,"(718, 717)",0.0075792888943938,0.0274571409056758,0.0016583747927031,0.0049600207733052,0.0321248768013638,0.0016583747927031,10,4,1,1,19,8.11904,5.584145343156671,0.6760763209393347,1.3615965989607937
1029,1029,1029,"(717, 127)",0.0075792888943938,0.0267310931820196,0.0024875621890547,0.0060119513076864,0.0324158692613697,0.0024875621890547,8,3,1,2,18,8.11852,6.222477488182946,0.6892857142857143,2.1023854511100613
1030,1030,1030,"(127, 128)",0.009823129626189,0.0294060275041451,0.0024875621890547,0.0038888518375317,0.0324900994100056,0.0024875621890547,10,6,0,6,8,8.89852,5.743933032295545,0.7955968688845401,5.332664147378366
1031,1031,1031,"(129, 126)",0.0061687773999658,0.0282581189371573,0.0024875621890547,0.0028741087218062,0.0322943444730077,0.0024875621890547,8,8,0,0,9,8.79218,5.1884654994850665,0.7732876712328767,1.0083057786175404
1032,1032,1032,"(126, 716)",0.0148860879033666,0.029285350040067,0.0024875621890547,0.0050335947112374,0.032716618740166,0.0024875621890547,12,10,0,0,17,9.6788,7.162745253373472,0.9393835616438356,1.9685088962368131
1033,1033,1033,"(716, 715)",0.0148860879033666,0.028460848633596,0.0016583747927031,0.0038930985877512,0.0324559987082189,0.0016583747927031,19,10,3,1,16,9.65858,7.203834270775569,0.9186888454011741,2.0542040623523854
1034,1034,1034,"(715, 714)",0.0148860879033666,0.0276815020543071,0.0016583747927031,0.0037369053581317,0.0322347847005051,0.0016583747927031,8,5,0,0,20,9.6625,7.23686920700309,0.9332191780821918,2.147496457250827
1035,1035,1035,"(714, 133)",0.0148860879033666,0.0269436997319034,0.0024875621890547,0.006269608364288,0.0325664290343486,0.0024875621890547,5,15,0,0,17,9.68122,8.250204652882305,0.9281800391389432,2.673161706817824
1036,1036,1036,"(202, 203)",0.0561518594211973,0.0272665611575853,0.0033167495854063,0.0678714748212875,0.0296118054361971,0.0033167495854063,14,10,1,9,10,15.10914,9.81993187039531,4.353326810176125,8.955007085498346
1037,1037,1037,"(203, 206)",0.0508505650631122,0.0265469193686852,0.0016583747927031,0.0613867594715852,0.0289035350509287,0.0016583747927031,11,24,0,3,44,7.55048,16.45638913095144,0.5934931506849315,13.247559439458353
1038,1038,1038,"(206, 207)",0.0527429014448275,0.0260784949724294,0.0033167495854063,0.0607686349261546,0.0282376079983141,0.0033167495854063,20,12,0,12,12,14.8361,11.32364202910032,3.248385518590998,9.495118878916706
1039,1039,1039,"(207, 870)",0.0474601863893992,0.0254237288135593,0.0016583747927031,0.0547714316325676,0.0275953595862984,0.0016583747927031,4,3,0,0,36,7.40258,5.650320842905807,0.5859099804305283,0.9613053062509841
1040,1040,1040,"(870, 868)",0.0474601863893992,0.0248010364612252,0.0016583747927031,0.0534172069055801,0.026987714547855,0.0016583747927031,13,3,1,0,50,7.42878,5.666851514431329,0.5880626223091977,0.970988820658164
1041,1041,1041,"(868, 866)",0.0474601863893992,0.0242081175478742,0.0016583747927031,0.0520767446250052,0.0264120365300803,0.0016583747927031,10,9,1,0,50,7.41572,5.645329953259922,0.5996575342465753,1.3606518658478979
1042,1042,1042,"(866, 864)",0.0474601863893992,0.0236428865494324,0.0016583747927031,0.0507500447908426,0.0258659517426273,0.0016583747927031,6,4,3,0,42,7.42902,5.659087908315509,0.5885518590998043,2.225476302944418
1043,1043,1043,"(864, 210)",0.0474601863893992,0.023103448275862,0.0016583747927031,0.0494371074030926,0.0253473170936757,0.0016583747927031,10,7,0,0,48,7.41078,7.844833504977686,0.599706457925636,8.023539600062982
1044,1044,1044,"(210, 211)",0.0492830224167314,0.0231491256694243,0.0033167495854063,0.04897834381974,0.0248541928569956,0.0033167495854063,12,12,0,0,14,14.61354,11.412791465314637,5.963845401174169,9.393441977641316
1045,1045,1045,"(211, 862)",0.0381423220458335,0.0226308875961718,0.0016583747927031,0.0439454613264872,0.0243720065477032,0.0016583747927031,5,6,0,1,46,7.2946,5.676886107370144,0.5826320939334638,0.9397732640529051
1046,1046,1046,"(862, 860)",0.0381423220458335,0.0221353449699906,0.0016583747927031,0.0426380289173022,0.0239129141633454,0.0016583747927031,6,8,0,0,50,7.2984,5.686577411603158,0.5717221135029354,1.1761139977956228
1047,1047,1047,"(859, 861)",0.0345455148678658,0.0193216591633689,0.0016583747927031,0.0229920685715458,0.0234767373953669,0.0016583747927031,10,8,0,0,48,7.09526,5.8345612506271625,0.5493150684931507,0.9128877342150843
1048,1048,1048,"(861, 212)",0.0345455148678658,0.018959283131583,0.0016583747927031,0.0242967484914484,0.0239181309745745,0.0016583747927031,5,6,0,0,48,7.07666,7.104148511975494,0.5592465753424658,4.303574240277122
1049,1049,1049,"(212, 213)",0.0456862152387637,0.0223213459438449,0.0033167495854063,0.026803389708716,0.0243813682678311,0.0033167495854063,17,14,2,9,16,14.38662,11.787372256991206,3.484050880626223,9.473035742402772
1050,1050,1050,"(213, 863)",0.0438633792114315,0.0218399130749728,0.0016583747927031,0.0266754768811796,0.0248547050822307,0.0016583747927031,7,4,0,2,46,7.18338,9.370408513559903,0.5678082191780822,1.4863800976224217
1051,1051,1051,"(863, 865)",0.0438633792114315,0.0213788090975164,0.0016583747927031,0.0279852685668925,0.0253521126760563,0.0016583747927031,7,12,1,0,44,7.161,11.719057804536693,0.5717221135029354,2.4745315698315227
1052,1052,1052,"(865, 867)",0.0438633792114315,0.0209367730287142,0.0016583747927031,0.0293088226990179,0.025875386199794,0.0016583747927031,18,50,1,0,50,7.19322,17.20871953312736,0.5594911937377691,4.247520075578649
1053,1053,1053,"(867, 869)",0.0438633792114315,0.0205126460633068,0.0016583747927031,0.0306461392775557,0.0264265053904812,0.0016583747927031,5,48,0,2,48,7.20672,23.34030473474346,0.5779843444227006,5.964848055424342
1054,1054,1054,"(869, 208)",0.0438633792114315,0.0201053614297145,0.0016583747927031,0.0319972183025061,0.0270076588883414,0.0016583747927031,2,38,0,24,38,7.18078,28.866302252502045,0.5565068493150684,11.080499133994646
1055,1055,1055,"(208, 209)",0.0491460942668597,0.0250134815613722,0.0033167495854063,0.0344601473439952,0.0276212725024048,0.0033167495854063,14,12,1,12,12,14.60178,11.55747445139824,3.606702544031311,9.061289560699102
1056,1056,1056,"(209, 204)",0.0472537578851445,0.0244065326938255,0.0016583747927031,0.0334854892449222,0.0282567947516401,0.0016583747927031,7,33,1,36,42,7.32716,36.2594206342919,0.5862035225048924,16.839277279168634
1057,1057,1057,"(204, 205)",0.0525550522432296,0.0260784949724294,0.0033167495854063,0.035938995073057,0.0289305762126373,0.0033167495854063,12,10,3,10,10,14.9205,9.837069898861866,4.734833659491194,8.507479137143758
1058,1058,1058,"(860, 858)",0.0381423220458335,0.0216610388677347,0.0016583747927031,0.0413443589545296,0.0234753664376228,0.0016583747927031,5,10,0,0,42,7.30686,5.711822334891336,0.5816536203522505,1.531254920484963
1059,1059,1059,"(858, 214)",0.0381423220458335,0.0212066327876347,0.0016583747927031,0.0400644514381695,0.0230579507867617,0.0016583747927031,3,4,0,0,46,7.3087,9.267870817819324,0.5809686888454012,4.430680207841285
1060,1060,1060,"(214, 215)",0.0396733942092213,0.0211883762605854,0.0033167495854063,0.0397453712967375,0.0226593765853108,0.0033167495854063,21,14,3,5,14,14.35558,11.89175843037841,3.2946673189823876,8.079829948039679
1061,1061,1061,"(215, 856)",0.0301215682766435,0.0207519573259915,0.0016583747927031,0.0353679518241381,0.0222702343360478,0.0016583747927031,7,5,0,1,32,7.17104,7.655787055375109,0.55073385518591,1.038379782711384
1062,1062,1062,"(856, 218)",0.0301215682766435,0.0203331534933908,0.0016583747927031,0.0341065187537003,0.0218986054619407,0.0016583747927031,6,25,0,2,38,7.1509,22.346035015447992,0.563894324853229,3.8446701306880806
1063,1063,1063,"(218, 219)",0.0319316740410442,0.0201705970898143,0.0033167495854063,0.0339468795152623,0.021544178069956,0.0033167495854063,17,9,0,1,10,14.15654,9.520610525759857,3.077152641878669,5.88458510470792
1064,1064,1064,"(219, 854)",0.0253731802031795,0.0197753545953923,0.0016583747927031,0.029918407628235,0.0211991773453567,0.0016583747927031,7,3,0,0,42,7.06142,4.772558028994692,0.5613992172211351,0.8439615808534089
1065,1065,1065,"(854, 851)",0.0253731802031795,0.019395303956256,0.0016583747927031,0.028722695804305,0.0208729966423206,0.0016583747927031,7,7,0,0,44,7.05452,4.779846312287095,0.5541095890410959,0.8757675956542277
1066,1066,1066,"(851, 223)",0.0253731802031795,0.0190295857988165,0.0016583747927031,0.0276239007458354,0.0205942622950819,0.0016583747927031,9,6,0,0,30,7.0525,4.769257176054293,0.5516634050880627,1.5282632656274602
1067,1067,1067,"(223, 224)",0.0273831855017214,0.0190205819730305,0.0033167495854063,0.028279398839888,0.0203379540625316,0.0033167495854063,16,9,7,2,20,13.91176,9.633024373498111,2.596917808219178,7.475122028027083
1068,1068,1068,"(224, 849)",0.0205102197633318,0.0186681526887712,0.0016583747927031,0.0251183256460004,0.0201117318435754,0.0016583747927031,5,4,0,2,28,6.958,4.814914573925902,0.5389432485322896,0.7990473941111635
1069,1069,1069,"(850, 225)",0.016913412585364,0.0175028663483447,0.0016583747927031,0.0072102588878735,0.0198136921484548,0.0016583747927031,7,5,0,0,26,6.7486,4.924133196017851,0.5079745596868884,1.0640450322783814
1070,1070,1070,"(225, 222)",0.0237863783237536,0.0185953280394726,0.0033167495854063,0.009868148206602,0.0200352194570887,0.0033167495854063,12,11,3,11,22,13.6886,9.803929335340252,2.815264187866928,6.803810423555346
1071,1071,1071,"(222, 852)",0.0217763730252118,0.0182588947766843,0.0016583747927031,0.0106055205563609,0.0202787913436801,0.0016583747927031,9,8,0,0,32,6.84344,4.91256700731469,0.5193248532289628,0.7721618642733428
1072,1072,1072,"(852, 853)",0.0217763730252118,0.0179344189159045,0.0016583747927031,0.0117118189126648,0.0205598554331889,0.0016583747927031,7,2,0,0,46,6.8256,4.887638965908791,0.5270547945205479,0.7833018422295701
1073,1073,1073,"(853, 220)",0.0217763730252118,0.0176212741087083,0.0016583747927031,0.0129083259889383,0.0208618035254026,0.0016583747927031,4,6,0,0,40,6.85032,8.524809210700045,0.5209393346379648,1.8424657534246576
1074,1074,1074,"(220, 221)",0.0283348668630764,0.0195569681834398,0.0033167495854063,0.0155217026451261,0.0211950790861159,0.0033167495854063,15,13,1,5,14,13.91904,12.062056035279516,2.9899706457925634,6.670288143599433
1075,1075,1075,"(221, 855)",0.0265247610986757,0.0191845759826925,0.0016583747927031,0.0162002207752331,0.0215372526609043,0.0016583747927031,7,5,0,0,36,6.93484,6.065013599514114,0.5320450097847358,0.8216422610612502
1076,1076,1076,"(855, 216)",0.0265247610986757,0.0188261005307524,0.0016583747927031,0.0174592483284115,0.0218946298246251,0.0016583747927031,1,8,0,1,32,6.94428,9.153001135493412,0.5289628180039139,2.2469296173830893
1077,1077,1077,"(216, 217)",0.0360765870312535,0.0204969577483938,0.0033167495854063,0.0200024085233048,0.0222698230970934,0.0033167495854063,19,10,3,4,14,14.17666,11.67131426760675,2.994569471624266,7.388167217760983
1078,1078,1078,"(217, 857)",0.0345455148678658,0.0200896203628125,0.0016583747927031,0.0204239960709781,0.0226538432639567,0.0016583747927031,4,8,0,0,44,7.08038,5.8018431962819195,0.5514187866927593,0.853290820343253
1079,1079,1079,"(857, 859)",0.0345455148678658,0.0196981575852606,0.0016583747927031,0.0217011510980558,0.0230557467309015,0.0016583747927031,3,4,1,2,44,7.07156,5.830653040745728,0.5494618395303327,0.8648638009762242
1080,1080,1080,"(203, 204)",0.0044714188394128,0.0265445821319305,0.0016583747927031,0.0015859706715772,0.0289500216044937,0.0016583747927031,11,9,0,4,9,7.58074,8.676410784546727,0.6191780821917808,4.41363564792946
1081,1081,1081,"(205, 202)",0.0004376457959166,0.0254172989377845,0.0016583747927031,0.0015859706715772,0.0289500216044937,0.0016583747927031,8,7,0,6,9,7.4366,8.64728405820064,0.5939334637964775,4.71106912297276
1082,1082,1082,"(207, 208)",0.004452839536756,0.0254172989377845,0.0016583747927031,0.0013745858630733,0.027635197066911,0.0016583747927031,9,9,0,2,9,7.41528,8.287702342285247,0.5977495107632094,3.3425838450637695
1083,1083,1083,"(209, 206)",0.001062460863043,0.0244045571362081,0.0016583747927031,0.0013745858630733,0.027635197066911,0.0016583747927031,10,9,5,4,9,7.30028,7.974200533417835,0.5811643835616438,3.522004408754527
1084,1084,1084,"(211, 212)",0.0103108248522257,0.0226266416510318,0.0016583747927031,0.0009701792014476,0.0243862983782909,0.0016583747927031,9,4,0,1,9,7.3022,5.8123531120441525,0.5846379647749511,2.0783341206109274
1085,1085,1085,"(213, 210)",0.00099296050866,0.0218351680185399,0.0016583747927031,0.0009701792014476,0.0243862983782909,0.0016583747927031,13,5,1,0,10,7.19506,6.693337558425097,0.5592465753424658,2.6458825381829634
1086,1086,1086,"(215, 216)",0.0087219504139055,0.020749815041035,0.0016583747927031,0.0007155661850366,0.0222698230970934,0.0016583747927031,5,7,2,1,7,7.17936,5.48068340859278,0.5666829745596869,1.504920484962998
1087,1087,1087,"(217, 214)",0.0007011966447155,0.0200862743791742,0.0016583747927031,0.0007155661850366,0.0222698230970934,0.0016583747927031,6,5,0,0,8,7.0791,6.11138398162085,0.5462818003913894,1.8162100456621004
1088,1088,1088,"(219, 220)",0.0057286183191924,0.0197727608086173,0.0016583747927031,0.000624165405796,0.021191727143334,0.0016583747927031,12,5,0,0,7,7.08854,5.291821806754865,0.5440802348336595,1.3254999212722407
1089,1089,1089,"(221, 218)",0.0009802302457284,0.0191827450730884,0.0016583747927031,0.000624165405796,0.021191727143334,0.0016583747927031,6,7,1,0,8,6.97224,7.336819034038395,0.5395792563600783,1.8447882223271925
1090,1090,1090,"(224, 225)",0.0060430902197174,0.0186664190193164,0.0016583747927031,0.0006539940898442,0.0200235766823291,0.0016583747927031,9,6,2,1,12,6.95248,4.7892999551084,0.5310176125244619,1.0525507794048181
1091,1091,1091,"(222, 223)",0.0011801297798696,0.0182566835205425,0.0016583747927031,0.0006539940898442,0.0200235766823291,0.0016583747927031,7,7,0,1,10,6.85772,4.808233647574533,0.526761252446184,1.1140765233821446
1092,1092,1092,"(849, 227)",0.0205102197633317,0.0183285460265353,0.0024875621890547,0.0244616907210638,0.0199210426336741,0.0024875621890547,9,4,0,1,34,6.93538,4.7983839024003805,0.5568493150684931,0.8187686978428594
1093,1093,1093,"(227, 228)",0.0040785009943367,0.0184290953545232,0.0024875621890547,0.0042422729899633,0.019611669431164,0.0024875621890547,7,4,0,2,24,6.8623,4.907127201668911,0.5167808219178082,1.6599354432372855
1094,1094,1094,"(229, 226)",0.0208271082839114,0.0181328842713016,0.0024875621890547,0.0058083743465772,0.0194588315020088,0.0024875621890547,16,8,5,3,22,13.46078,9.918614169901502,2.216389432485323,5.643520705400724
1095,1095,1095,"(226, 850)",0.016913412585364,0.0178123061471656,0.0016583747927031,0.0063774451207899,0.019619326500732,0.0016583747927031,4,4,2,1,34,6.72298,4.939079458131982,0.5114970645792564,0.7534640214139505
1096,1096,1096,"(226, 227)",0.0030838201798751,0.0178107277882797,0.0024875621890547,0.0013623356056592,0.019490909090909,0.0024875621890547,6,7,0,2,22,6.70736,4.972695344477013,0.49530332681017614,0.7546843016847741
1097,1097,1097,"(227, 846)",0.0195155389488702,0.0184319119669876,0.0024875621890547,0.020304036099202,0.0197847627797099,0.0024875621890547,9,7,0,1,34,6.8302,4.883202619556894,0.5230919765166341,0.7804282790111794
1098,1098,1098,"(846, 847)",0.0195155389488702,0.018101856716149,0.0016583747927031,0.0194805129021012,0.0196897959183673,0.0016583747927031,7,8,0,0,40,6.8211,4.92363146637091,0.5175146771037182,0.824673279798457
1099,1099,1099,"(847, 848)",0.0195155389488702,0.0177834139436121,0.0016583747927031,0.0193214337184047,0.0196583425702549,0.0016583747927031,4,6,0,0,38,6.81104,5.61509414032586,0.5278864970645792,1.093843489214297
1100,1100,1100,"(848, 233)",0.0195155389488702,0.0174759813937312,0.0016583747927031,0.0193288972148503,0.0196596244131455,0.0016583747927031,7,16,0,0,36,6.82978,15.955108400010563,0.525880626223092,1.9381987088647457
1101,1101,1101,"(233, 230)",0.0226899160261394,0.0182343246798409,0.0033167495854063,0.0209479151794657,0.0196811201592767,0.0033167495854063,19,14,1,4,14,13.46468,13.198552906070928,2.785371819960861,5.371358841127382
1102,1102,1102,"(232, 843)",0.0159187317709024,0.0178711675533097,0.0016583747927031,0.0069397426281447,0.0193027945836934,0.0016583747927031,6,7,0,0,38,6.58432,4.995273178589348,0.49902152641878667,0.7157534246575342
1103,1103,1103,"(843, 844)",0.0159187317709024,0.0175607199021492,0.0016583747927031,0.0068948615941563,0.0192963087409398,0.0016583747927031,7,9,0,1,44,6.59778,5.010245847527001,0.4977005870841487,1.257439773264053
1104,1104,1104,"(844, 845)",0.0159187317709024,0.0172608739211953,0.0016583747927031,0.0069578253919066,0.0193040304766782,0.0016583747927031,5,1,0,0,34,6.60406,5.016847553407801,0.4951565557729941,1.8739568571878444
1105,1105,1105,"(845, 228)",0.0159187317709024,0.0169710956629422,0.0016583747927031,0.0072380825193341,0.019371937996948,0.0016583747927031,6,2,0,0,32,6.62434,5.077187145158309,0.5027397260273972,2.487206739096205
1106,1106,1106,"(228, 229)",0.0208271082839114,0.0184669096254555,0.0024875621890547,0.0078053387839731,0.0194868148914167,0.0024875621890547,16,12,2,4,18,13.41372,9.865404420502259,2.347455968688845,6.285584947252401
1107,1107,1107,"(242, 838)",0.0169599902745378,0.0185878762657788,0.0016583747927031,0.0142934210838218,0.0202216670299636,0.0016583747927031,5,36,1,3,36,6.26452,34.40365470437561,0.4521037181996086,0.6341521020311762
1108,1108,1108,"(838, 839)",0.0169599902745378,0.0182522626146441,0.0016583747927031,0.0132387830746612,0.0199625908330988,0.0016583747927031,8,33,0,0,34,6.25992,33.89318439884866,0.4532289628180039,0.6360415682569674
1109,1109,1109,"(839, 241)",0.0169599902745378,0.0179285533768415,0.0016583747927031,0.0124625733191374,0.0197763274408841,0.0016583747927031,4,36,1,2,36,6.25364,35.90113285272915,0.4594422700587084,1.1938277436624154
1110,1110,1110,"(241, 240)",0.0195445777108005,0.0183023993443916,0.0033167495854063,0.0130017818528324,0.0196343389284144,0.0033167495854063,13,8,1,0,8,12.7751,7.908553170139164,1.949412915851272,3.237875925051173
1111,1111,1111,"(240, 239)",0.0138539617659578,0.0179753174745126,0.0016583747927031,0.010904261818616,0.0195287830944862,0.0016583747927031,6,14,1,0,16,6.37634,14.890675750613958,0.462720156555773,1.5922295701464337
1112,1112,1112,"(239, 238)",0.0167020558145844,0.0182191739432576,0.0033167495854063,0.0111752796472123,0.019440011605977,0.0033167495854063,14,6,2,0,6,13.01776,5.832818400274631,1.9733365949119375,2.9075736104550463
1113,1113,1113,"(238, 231)",0.0133820376481551,0.0178950336088317,0.0016583747927031,0.0091045255008886,0.0193700711520855,0.0016583747927031,3,5,0,0,48,6.51768,4.740315297472867,0.4820450097847358,1.2485435364509525
1114,1114,1114,"(231, 232)",0.0190931088481717,0.0181927892593151,0.0033167495854063,0.0093225058682709,0.0193281620616706,0.0033167495854063,13,11,4,5,12,13.20982,10.081517864216114,2.2591487279843445,4.4433947409856716
1115,1115,1115,"(230, 234)",0.0169788448261229,0.0179096498262496,0.0016583747927031,0.0179292449130761,0.0197149022428562,0.0016583747927031,9,46,0,0,46,6.69288,45.265784678760994,0.5093444227005871,2.6786726499763818
1116,1116,1116,"(234, 235)",0.0202988629925522,0.0181927892593151,0.0033167495854063,0.0201161257545455,0.019771464170369,0.0033167495854063,16,6,4,1,6,13.23544,5.933692466133249,2.1048923679060665,3.170681782396473
1117,1117,1117,"(235, 236)",0.0174507689439255,0.017869578746166,0.0016583747927031,0.0180281638156648,0.0198547933027115,0.0016583747927031,7,14,0,2,14,6.619,12.177163379017138,0.4945694716242661,1.6854432372854669
1118,1118,1118,"(236, 237)",0.0231413848887683,0.0182191739432576,0.0033167495854063,0.0210913445575602,0.0199599477003028,0.0033167495854063,10,6,0,2,6,13.00172,5.8041669967519605,2.131262230919765,2.9144229255235397
1119,1119,1119,"(237, 840)",0.0205567974525056,0.01789662694585,0.0016583747927031,0.019609577749886,0.0201026803573809,0.0016583747927031,5,1,0,2,36,6.47768,2.9135440597850484,0.4674657534246575,0.6849708707290191
1120,1120,1120,"(840, 841)",0.0205567974525056,0.0175853018372703,0.0016583747927031,0.0204138416774503,0.0202781093941788,0.0016583747927031,6,2,0,0,34,6.47304,2.913781721196757,0.4792074363992172,0.6820579436309243
1121,1121,1121,"(841, 243)",0.0205567974525056,0.0172846229917016,0.0016583747927031,0.0215094739362433,0.0205773955773955,0.0016583747927031,5,0,1,1,38,6.47736,2.9154453510787186,0.48561643835616436,0.692410643993072
1122,1122,1122,"(230, 231)",0.0048811956813443,0.0179085860235811,0.0016583747927031,0.0010157229284058,0.0193896909868484,0.0016583747927031,4,5,0,0,10,6.70396,7.631783252792522,0.5084637964774951,1.1212013856085656
1123,1123,1123,"(232, 233)",0.002344501558597,0.017868519698339,0.0016583747927031,0.0010157229284058,0.0193896909868484,0.0016583747927031,8,10,0,3,10,6.59372,8.251921096411312,0.5050880626223092,1.1393481341521021
1124,1124,1124,"(235, 239)",0.0020182185299544,0.017868519698339,0.0016583747927031,0.0008729152905625,0.0194792608864194,0.0016583747927031,11,11,0,0,11,6.62118,10.120098233383507,0.49965753424657533,1.605967564163124
1125,1125,1125,"(238, 234)",0.002490142647757,0.01789397154176,0.0016583747927031,0.0008729152905625,0.0194792608864194,0.0016583747927031,4,10,1,0,12,6.5192,11.681454487839657,0.5001956947162427,1.8207762557077625
1126,1126,1126,"(237, 241)",0.0017547119175904,0.01789397154176,0.0016583747927031,0.0010232409029444,0.0196621886004956,0.0016583747927031,9,12,0,0,12,6.479,11.515381974702263,0.47592954990215264,1.1920563690757362
1127,1127,1127,"(240, 236)",0.0048607404261705,0.0179742458566829,0.0016583747927031,0.0010232409029444,0.0196621886004956,0.0016583747927031,9,12,0,1,12,6.36876,11.17296469407695,0.45733855185909983,1.4309951188789167
1128,1128,1128,"(242, 243)",0.0092675167271067,0.0185855846137249,0.0016583747927031,0.0031032575634729,0.0205809071981978,0.0016583747927031,7,2,0,0,15,6.3038,5.686445377485542,0.46051859099804304,0.6580066131317903
1129,1129,1129,"(831, 286)",0.0326432039892744,0.018843161151214,0.0016583747927031,0.0191041775658408,0.021559583824949,0.0016583747927031,10,8,0,0,28,7.0493,5.652644643375848,0.5282289628180039,2.67351598173516
1130,1130,1130,"(286, 287)",0.0348255839291325,0.0196984793296636,0.0033167495854063,0.0191978459652931,0.0212458600521457,0.0033167495854063,12,14,6,15,18,15.13962,10.979138609416673,4.207045009784736,9.95721146276177
1131,1131,1131,"(287, 833)",0.0147501313166761,0.0193222782984859,0.0016583747927031,0.0163198968783717,0.0209305958104097,0.0016583747927031,11,11,1,0,58,7.56036,5.524017005994349,0.5962818003913894,0.8874193040466068
1132,1132,1132,"(833, 835)",0.0147501313166761,0.0189601773389721,0.0016583747927031,0.0154542802624787,0.0206372565796228,0.0016583747927031,8,5,0,2,56,7.5327,5.5443238532836885,0.6035225048923679,0.8897811368288459
1133,1133,1133,"(835, 292)",0.0147501313166761,0.0186113983240482,0.0016583747927031,0.0152585457662313,0.0206182041988648,0.0016583747927031,10,4,0,0,70,7.54412,5.524122633288441,0.5952544031311154,0.9024956699732326
1134,1134,1134,"(292, 837)",0.0270573825203168,0.0193000144029958,0.0024875621890547,0.0182173489993353,0.020679012345679,0.0024875621890547,17,8,2,4,44,12.56518,8.71169030077372,1.712573385518591,3.8769878759250513
1135,1135,1135,"(837, 242)",0.0270573825203168,0.0189360633086295,0.0024875621890547,0.016625509322377,0.0205287078489114,0.0024875621890547,15,14,1,0,42,12.55574,11.348728511447359,1.678816046966732,3.8014092268934028
1136,1136,1136,"(243, 244)",0.0306541896982845,0.0185558444755589,0.0033167495854063,0.0274609489073547,0.0209073730561864,0.0033167495854063,10,5,0,2,46,12.77534,8.582877815627558,1.8407045009784735,4.327743662415368
1137,1137,1137,"(244, 291)",0.0109449066332698,0.0182191739432576,0.0024875621890547,0.0070311037600692,0.0207694692246753,0.0024875621890547,8,4,0,1,34,6.35724,4.295017032401172,0.47509784735812133,0.6868997008345142
1138,1138,1138,"(291, 290)",0.0107825097656026,0.0191589750107233,0.0024875621890547,0.0064793934569667,0.020894694895873,0.0024875621890547,3,2,0,0,24,4.98642,3.194222187013124,0.33214285714285713,1.6453708077468114
1139,1139,1139,"(290, 836)",0.0180914583376341,0.0191013193531526,0.0024875621890547,0.0099387349874962,0.0210086229422524,0.0024875621890547,6,4,0,1,36,8.60158,5.340251921096411,0.7424657534246575,3.8137301212407495
1140,1140,1140,"(836, 834)",0.0180914583376341,0.0187473767663106,0.0016583747927031,0.0098165632288336,0.021005695574173,0.0016583747927031,14,3,1,1,54,8.61098,5.331194380627954,0.7517123287671232,6.502086285624311
1141,1141,1141,"(834, 288)",0.0180914583376341,0.0184063124799682,0.0016583747927031,0.0105174982732207,0.0212630910821961,0.0016583747927031,5,2,1,2,62,8.60076,5.367688610737014,0.7594911937377691,16.494056054164698
1142,1142,1142,"(288, 285)",0.0381669109500904,0.0191815246608242,0.0033167495854063,0.0150281660641259,0.0215954875100725,0.0033167495854063,18,18,4,9,20,16.15492,10.680266180781114,17.84388454011742,14.548653755314124
1143,1143,1143,"(285, 832)",0.0359845310102323,0.0188296277791656,0.0016583747927031,0.0149511692906049,0.0219212941924929,0.0016583747927031,6,9,0,0,24,8.08934,5.358789511209697,0.663894324853229,0.94229255235396
1144,1144,1144,"(259, 260)",0.0340850037502666,0.0219720157411456,0.0033167495854063,0.0258557894987973,0.0238788238788238,0.0033167495854063,20,11,0,9,12,16.8896,8.385117114262325,6.063649706457926,7.224059203275075
1145,1145,1145,"(260, 255)",0.0288683484376182,0.0215023089129388,0.0016583747927031,0.0227718004216257,0.0234466132669725,0.0016583747927031,10,3,1,0,50,8.4486,7.457947133539307,0.7107632093933464,3.7591717839710284
1146,1146,1146,"(255, 256)",0.0302535386690338,0.0212421178708563,0.0033167495854063,0.0224106157313283,0.0230354891698819,0.0033167495854063,12,6,0,3,10,16.05044,8.417650320842906,4.593297455968689,5.566643048338844
1147,1147,1147,"(256, 251)",0.0250503017416375,0.0208027875045279,0.0016583747927031,0.0193722613392087,0.0226368345971919,0.0016583747927031,7,5,0,2,24,8.03218,4.91835010166627,0.6768101761252446,1.9509132420091324
1148,1148,1148,"(251, 252)",0.0264489103583052,0.0205563509920229,0.0033167495854063,0.01901284854178,0.022256671464954,0.0033167495854063,25,11,2,7,12,15.26798,8.514431329055428,3.3014677103718197,5.473586836718627
1149,1149,1149,"(252, 247)",0.0214159837052634,0.0201446539829956,0.0016583747927031,0.0160996166699698,0.0219169120052338,0.0016583747927031,7,6,0,0,48,7.6243,4.297868969341678,0.6089530332681018,1.2581089592190207
1150,1150,1150,"(247, 248)",0.0233234587780323,0.0199272967614011,0.0033167495854063,0.0162459592276356,0.0216094178358329,0.0033167495854063,9,8,1,14,16,14.43654,8.518550793525048,2.680968688845401,5.218705715635333
1151,1151,1151,"(248, 289)",0.0186239273893327,0.0195414404925868,0.0024875621890547,0.0136979082776023,0.0213387122458729,0.0024875621890547,11,1,0,0,16,7.21234,4.265150914996435,0.565068493150685,0.7306329711856401
1152,1152,1152,"(289, 291)",0.0113149788173012,0.0191702432045779,0.0024875621890547,0.0078270147731455,0.0210713911311458,0.0024875621890547,3,3,0,0,20,3.60052,2.1262246164408882,0.21276908023483365,0.2786962683042041
1153,1153,1153,"(291, 292)",0.0114773756849684,0.0191562361014041,0.0024875621890547,0.0063917483035744,0.0207916695400317,0.0024875621890547,4,7,1,0,18,4.9862,3.2265969526525655,0.32788649706457923,0.45508581325775466
1154,1154,1154,"(289, 290)",0.0064790730533592,0.0191726813137897,0.0016583747927031,0.0040110150876237,0.0211008853273611,0.0016583747927031,1,4,0,0,18,3.6106,2.127624178087618,0.21824853228962818,0.6844591402928673
1155,1155,1155,"(244, 842)",0.0188794075463425,0.0182208255272859,0.0016583747927031,0.0211037793471385,0.0211064246836661,0.0016583747927031,7,3,1,1,30,6.39646,4.300509651693997,0.46673189823874756,0.6775704613446701
1156,1156,1156,"(842, 246)",0.0188794075463425,0.0178976893281688,0.0016583747927031,0.0220339374764971,0.0213519351297758,0.0016583747927031,5,2,0,4,32,6.37898,5.20285721830521,0.47309197651663404,1.1939064714218233
1157,1157,1157,"(246, 245)",0.0235789389350422,0.0193900027332508,0.0033167495854063,0.0255512960745275,0.0216773915231692,0.0033167495854063,7,4,0,10,12,13.59258,8.559454963162482,2.3484344422700585,4.253700204692175
1158,1158,1158,"(245, 250)",0.0216714638622733,0.0190232822260079,0.0016583747927031,0.0258985405535788,0.021989643352053,0.0016583747927031,3,9,0,2,54,6.78866,5.080936914098603,0.5063111545988258,1.7369705558179813
1159,1159,1159,"(250, 249)",0.0267043905153151,0.0199272967614011,0.0033167495854063,0.0293685451921752,0.022341608002964,0.0033167495854063,9,8,0,0,12,14.45958,8.54482558293063,2.713062622309198,4.969532357109117
1160,1160,1160,"(249, 254)",0.0253057818986474,0.019540174014485,0.0016583747927031,0.0299440876867497,0.022725559659305,0.0016583747927031,9,6,0,2,20,7.21186,7.682193878898308,0.575293542074364,1.9602424814989765
1161,1161,1161,"(254, 253)",0.0305090188260436,0.0205563509920229,0.0033167495854063,0.0335522364531554,0.0231273731446323,0.0033167495854063,13,10,1,10,10,15.28398,8.467928912831075,3.4069471624266146,5.01007715320422
1162,1162,1162,"(253, 258)",0.0291238285946281,0.0201446539829956,0.0016583747927031,0.0341464129520321,0.0235418130709768,0.0016583747927031,4,2,0,0,46,7.63806,4.956851250363094,0.626174168297456,2.65296803652968
1163,1163,1163,"(258, 257)",0.0343404839072765,0.0212421178708563,0.0033167495854063,0.0378777723389799,0.0239775732151022,0.0033167495854063,16,8,8,0,12,16.07572,8.439541577543638,4.1402641878669275,6.338253818296331
1164,1164,1164,"(248, 246)",0.0038696558700274,0.019538907700533,0.0016583747927031,0.0006867827871286,0.0214403811623317,0.0016583747927031,7,5,1,0,16,7.2041,5.080672845863371,0.5634050880626224,1.1447016217918438
1165,1165,1165,"(245, 247)",0.0010775995540967,0.0190220820189274,0.0016583747927031,0.0006867827871286,0.0214403811623317,0.0016583747927031,6,3,0,0,15,6.799,4.339670970978901,0.5109099804305284,1.000118091639112
1166,1166,1166,"(252, 250)",0.0042030511343696,0.0201433081124417,0.0016583747927031,0.0005694566095904,0.0220773990407498,0.0016583747927031,7,3,2,0,15,7.67744,5.021996883994825,0.6136986301369863,1.4966540702251614
1167,1167,1167,"(249, 251)",0.0005687330979954,0.019538907700533,0.0016583747927031,0.0005694566095904,0.0220773990407498,0.0016583747927031,5,3,0,1,15,7.22954,5.020676542818665,0.5583659491193738,1.5493623051487955
1168,1168,1168,"(256, 254)",0.004373361408724,0.0208013522603791,0.0016583747927031,0.0005952479826766,0.0228435049437436,0.0016583747927031,11,8,1,4,16,8.04708,7.398003644141646,0.661986301369863,2.033341206109274
1169,1169,1169,"(253, 255)",0.0005553147127433,0.0201433081124417,0.0016583747927031,0.0005952479826766,0.0228435049437436,0.0016583747927031,12,8,0,0,16,7.61612,7.270326652406982,0.6200587084148728,2.315225948669501
1170,1170,1170,"(260, 258)",0.0043867797939761,0.0215007755254853,0.0016583747927031,0.0006629361879547,0.0236725880851899,0.0016583747927031,7,5,0,14,17,8.46252,4.879241596028414,0.72720156555773,2.2968430168477405
1171,1171,1171,"(257, 259)",0.0005377675935674,0.0208013522603791,0.0016583747927031,0.0006629361879547,0.0236725880851899,0.0016583747927031,9,5,1,0,16,8.0378,4.904988248963532,0.6659001956947163,2.7407101243898597
1172,1172,1172,"(188, 887)",0.0480910454642417,0.02588204996137,0.0024875621890547,0.0380217840545982,0.028555868633533,0.0024875621890547,12,40,0,37,40,10.1225,38.602154796799496,1.021624266144814,38.385136199023776
1173,1173,1173,"(887, 886)",0.0480910454642417,0.0252343488449949,0.0016583747927031,0.0364798161138038,0.0279224838508022,0.0016583747927031,8,38,1,37,38,10.0757,37.815521930866936,1.036399217221135,36.917139033223116
1174,1174,1174,"(886, 270)",0.0480910454642417,0.0246182738629868,0.0016583747927031,0.0351751353682576,0.0273221567739012,0.0016583747927031,7,38,4,37,38,10.13688,37.82471150545301,1.0093933463796478,36.92139033223115
1175,1175,1175,"(270, 269)",0.0494432058242673,0.0244763760350706,0.0033167495854063,0.035919033546969,0.0268770475362706,0.0033167495854063,22,8,7,7,8,19.37272,7.830626633922206,405.00631115459885,6.950519603212093
1176,1176,1176,"(269, 268)",0.0405113781025715,0.0238949099482871,0.0016583747927031,0.032488254568905,0.0263203841117415,0.0016583747927031,12,8,0,1,20,9.67092,3.918931051783781,0.9275440313111546,5.11443079829948
1177,1177,1177,"(268, 266)",0.0418532166277877,0.0235832453361492,0.0033167495854063,0.0326492458264308,0.0257918261725015,0.0033167495854063,13,6,3,9,18,18.52878,8.30275423169347,12.70880626223092,12.906392694063927
1178,1178,1178,"(266, 263)",0.0366014670767875,0.0230429715115501,0.0016583747927031,0.0293950724111615,0.0252819588277221,0.0016583747927031,8,6,0,1,64,9.30208,4.870157648736433,0.85220156555773,6.609589041095891
1179,1179,1179,"(263, 264)",0.0379515630698512,0.0227487078884822,0.0033167495854063,0.0292834302826939,0.0247959372494191,0.0033167495854063,24,8,2,6,12,17.74472,8.381235311204415,8.000195694716243,8.087978271138404
1180,1180,1180,"(264, 259)",0.032717360638027,0.0222455868518621,0.0016583747927031,0.0261297490252203,0.0243262869130224,0.0016583747927031,6,7,0,1,34,8.86678,4.885103910850564,0.7900195694716242,4.264643363249882
1181,1181,1181,"(257, 262)",0.0329728407950368,0.0208027875045279,0.0016583747927031,0.0384613130487531,0.0244287797763733,0.0016583747927031,2,4,0,14,36,8.05572,4.92099078401859,0.6629158512720157,3.4172177609825223
1182,1182,1182,"(262, 261)",0.0382070432268611,0.0219720157411456,0.0033167495854063,0.0423858297923825,0.0249024344917301,0.0033167495854063,22,9,4,12,12,16.94156,8.415273706725818,5.484931506849315,7.08577389387498
1183,1183,1183,"(261, 265)",0.0368569472337974,0.0215023089129388,0.0016583747927031,0.042930875723806,0.0253926811807807,0.0016583747927031,13,2,1,20,64,8.45214,4.328210409569833,0.7031311154598826,7.889859864588254
1184,1184,1184,"(265, 267)",0.0421086967847976,0.0227487078884822,0.0033167495854063,0.0471439384487471,0.0259070696655281,0.0033167495854063,16,9,0,15,16,17.7641,8.784810795109456,8.234246575342466,11.095772319319792
1185,1185,1185,"(267, 271)",0.0407668582595813,0.0222455868518621,0.0016583747927031,0.047604417769365,0.0264404104183109,0.0016583747927031,5,9,0,6,16,8.8682,9.942010615543056,0.7865949119373777,5.147693276649346
1186,1186,1186,"(271, 272)",0.0496986859812771,0.0235832453361492,0.0033167495854063,0.0524295352045908,0.0270022165998701,0.0033167495854063,10,11,10,12,12,18.58152,11.104306952916634,15.9176614481409,9.236222642103606
1187,1187,1187,"(272, 888)",0.0483465256212515,0.0230442924293958,0.0016583747927031,0.0527458706585429,0.0275852604130927,0.0016583747927031,6,9,0,1,38,9.27982,5.566320737278513,0.861692759295499,0.9455597543693907
1188,1188,1188,"(888, 299)",0.0483465256212515,0.0225294227535961,0.0024875621890547,0.054127298723814,0.028199312554072,0.0024875621890547,6,5,2,1,38,9.28838,5.573635427394438,0.8691780821917808,0.9690206266729648
1189,1189,1189,"(299, 189)",0.0342997208517119,0.0220370573402039,0.0024875621890547,0.0150402746998863,0.0284931247932712,0.0024875621890547,10,2,0,1,18,4.6597,2.8260582534526923,0.2937866927592955,0.32227208313651395
1190,1190,1190,"(299, 190)",0.0132169292508674,0.0220378627293326,0.0016583747927031,0.0404024126972316,0.0284514485231669,0.0016583747927031,7,3,0,0,30,4.63444,3.2129974385381184,0.299119373776908,0.33376633601007716
1191,1191,1191,"(269, 271)",0.0081019522030236,0.0238930163447251,0.0016583747927031,0.001341809755457,0.0266160534969433,0.0016583747927031,8,7,0,15,16,9.70294,9.265124508172912,0.937573385518591,5.673437253975752
1192,1192,1192,"(272, 270)",0.0005222848413533,0.0230412105232991,0.0016583747927031,0.001341809755457,0.0266160534969433,0.0016583747927031,11,15,2,0,15,9.26276,14.416752488843118,0.8360567514677104,7.437962525586522
1193,1193,1193,"(266, 265)",0.0044218740323279,0.0230412105232991,0.0016583747927031,0.0009633607394651,0.0255513888006101,0.0016583747927031,12,3,0,10,17,9.30884,4.229105600887269,0.851027397260274,4.6389151314753585
1194,1194,1194,"(267, 268)",0.000511963006544,0.0222439456259106,0.0016583747927031,0.0009633607394651,0.0255513888006101,0.0016583747927031,15,2,0,3,16,8.86728,4.40051229237635,0.7798434442270059,4.138403401039207
1195,1195,1195,"(264, 262)",0.004404326913152,0.0222439456259106,0.0016583747927031,0.0007767979675706,0.0245736291949385,0.0016583747927031,5,5,1,8,15,8.89088,4.855501861681058,0.7981409001956947,2.741182490946308
1196,1196,1196,"(261, 263)",0.0005202204743915,0.0215007755254853,0.0016583747927031,0.0007767979675706,0.0245736291949385,0.0016583747927031,11,5,1,0,17,8.46844,4.893686128495603,0.7336105675146771,3.6988663202645253
1197,1197,1197,"(826, 827)",0.0326432039892744,0.0203365822400593,0.0016583747927031,0.0238571477823645,0.0229806208197564,0.0016583747927031,4,4,0,0,46,7.06688,5.480498560828118,0.5404598825831702,0.7994410329082035
1198,1198,1198,"(827, 284)",0.0326432039892744,0.0199414653504638,0.0016583747927031,0.0226322424353313,0.0225965411927825,0.0016583747927031,5,6,0,0,42,7.06584,5.5296680662283135,0.5396281800391389,0.7870807746811526
1199,1199,1199,"(284, 830)",0.0326432039892744,0.0195614092000259,0.0016583747927031,0.0214325382449787,0.0222328736818818,0.0016583747927031,7,6,0,0,46,7.07054,5.521349916818506,0.5398727984344422,0.7874350495984884
1200,1200,1200,"(830, 831)",0.0326432039892744,0.0191955687841214,0.0016583747927031,0.0202585256960978,0.0218882718065991,0.0016583747927031,4,3,0,3,46,7.06818,5.5043703292930894,0.5431506849315069,0.87025665249567
1201,1201,1201,"(832, 829)",0.0359845310102323,0.018490409824755,0.0016583747927031,0.0161126091767305,0.022263656334804,0.0016583747927031,7,4,0,4,50,8.11556,5.3476458316829065,0.6696183953033268,0.9419382774366242
1202,1202,1202,"(829, 283)",0.0359845310102323,0.0181631976866773,0.0016583747927031,0.0172925413864661,0.0226219729511733,0.0016583747927031,6,11,0,0,46,8.08096,5.349071800153159,0.6814579256360078,0.9537474413478192
1203,1203,1203,"(283, 828)",0.0359845310102323,0.0178473650718482,0.0016583747927031,0.0184983469954571,0.0230003432887058,0.0016583747927031,8,6,2,0,40,8.08038,5.352900789564023,0.6750978473581213,0.9461108486852464
1204,1204,1204,"(828, 825)",0.0359845310102323,0.0175423285041019,0.0016583747927031,0.0197290734265303,0.0234002095541154,0.0016583747927031,8,2,0,0,40,8.08982,5.351184346035016,0.6758317025440314,0.9583923791528893
1205,1205,1205,"(285, 286)",0.0013525044211859,0.0188213995879892,0.0016583747927031,0.0010549245682635,0.0212799745910751,0.0016583747927031,9,3,1,4,10,8.08742,5.260080804879981,0.6781311154598826,2.115099984254448
1206,1206,1206,"(287, 288)",0.0192455770937841,0.0193188735462787,0.0016583747927031,0.0010549245682635,0.0212799745910751,0.0016583747927031,7,9,1,3,9,7.59174,5.182761625604056,0.6160958904109589,2.612265784915761
