,Unnamed: 0.1,Unnamed: 0,Nodo,Conections,DiBC,DiCC,DiDC,BC,CC,DC,state RW,state_RW_UL,state_RWM,state_RWM_UL,MaxOcupation,mean_state_RW,mean_state_RW_lim,mean_state_RWM,mean_state_RWM_lim
0,0,0,0,"(0, 3)",0.0170933394342937,0.0568335588633288,0.0059523809523809,0.0054283356567423,0.0666666666666666,0.0059523809523809,4,8,2,5,14,44.19222,6.511904124979937,1.828385228095583,7.495303319486546
1,1,1,1,"(3, 6)",0.013113251706691,0.0538174052322477,0.0039682539682539,0.0075373994123809,0.0691452874193991,0.0039682539682539,2,1,0,0,182,22.1219,3.2949547910759187,0.3944001930967897,7.37869091725609
2,2,2,2,"(6, 7)",0.043332217920403,0.0622222222222222,0.0079365079365079,0.0202242647539408,0.0737920937042459,0.0079365079365079,11,14,1,20,22,42.78712,12.735594671232144,2.572371067664333,17.04427229519853
3,3,3,3,"(3, 2)",0.001992016157026,0.0537944284341978,0.0059523809523809,0.0024888487057076,0.0664819944598338,0.0059523809523809,6,2,0,1,6,22.0947,4.066449093146434,0.4043768605680264,1.7958534485984805
4,4,4,4,"(2, 12)",0.022312402981957,0.0622375895282785,0.0079365079365079,0.0262843582402091,0.0699417152373022,0.0079365079365079,10,8,2,197,197,21.38684,16.742710395377454,0.3784697079411054,167.55162606189887
5,5,5,5,"(12, 13)",0.0139449161042813,0.060236643958408,0.0079365079365079,0.0164273101876762,0.067370672370004,0.0079365079365079,8,8,0,7,8,22.1173,7.70381467016211,0.4093651943036447,6.725122562778339
6,6,6,6,"(13, 17)",0.0138152049531984,0.0610391183238464,0.0079365079365079,0.0126498054642463,0.0668080593849416,0.0079365079365079,53,52,0,54,54,22.19642,52.73880477235033,0.3931128811650173,52.69275101979717
7,7,7,7,"(16, 14)",0.004376424747058,0.0521415270018622,0.0039682539682539,0.0020300305464918,0.0611427878199684,0.0039682539682539,7,11,0,17,56,23.36658,9.816435717725108,0.4112157052055676,16.287975749410577
8,8,8,8,"(14, 15)",0.0155287098272045,0.0576791027695124,0.0079365079365079,0.0066967308881375,0.0632133450395083,0.0079365079365079,7,7,0,6,7,45.57018,6.503022845219625,2.4891785340735377,6.088207776655065
9,9,9,9,"(15, 1)",0.0075653223516046,0.054574986464537,0.0039682539682539,0.003406670852111,0.063237139272271,0.0039682539682539,12,26,0,194,197,22.79794,20.82686854635921,0.4157212969667712,183.16844429474943
10,10,10,10,"(1, 0)",0.0170933394342937,0.060236643958408,0.0059523809523809,0.0053005828378708,0.0655141037306642,0.0059523809523809,6,6,3,6,6,44.16962,5.807019421111765,2.246520234934428,5.16881853224056
11,11,11,11,"(5, 4)",0.0295966078059233,0.0659513216435488,0.0079365079365079,0.0351641868912878,0.0747109398161873,0.0079365079365079,8,7,0,0,20,20.56244,7.502220319940078,0.363343792742779,1.5375921559821863
12,12,12,12,"(4, 2)",0.0278603323370435,0.065977222149496,0.0079365079365079,0.0333569554952121,0.0726958026828212,0.0079365079365079,14,9,0,81,182,20.6673,16.430581563319244,0.3626196797811569,31.813891695670076
13,13,13,13,"(2, 1)",0.0075399455121125,0.0622222222222222,0.0059523809523809,0.0056498840417612,0.0679245283018867,0.0059523809523809,15,16,0,16,16,21.41922,15.636723556792038,0.3784697079411054,12.900116013622243
14,14,14,14,"(7, 5)",0.0058964634511354,0.0585978374607603,0.0059523809523809,0.0081339201994358,0.0754716981132075,0.0059523809523809,7,3,0,6,16,21.4068,6.350543042105826,0.3775042239922761,0.9635118446165936
15,15,15,15,"(5, 11)",0.0312438183289163,0.0659685863874345,0.0079365079365079,0.0572498250324059,0.0795203534237929,0.0079365079365079,6,11,0,1,196,20.57188,7.262425766411642,0.3820098157534797,1.7158788967478762
16,16,16,16,"(11, 9)",0.023623283904207,0.0659599528857479,0.0079365079365079,0.0482590271915209,0.0772295433650015,0.0079365079365079,8,14,0,20,28,20.66604,10.125247445294526,0.373883659184166,19.468507915122935
17,17,17,17,"(8, 10)",0.0483421949065587,0.0667372881355932,0.0079365079365079,0.0189890048300385,0.0741831027377097,0.0079365079365079,21,28,0,27,28,41.59092,24.97667326520785,4.86885509695068,26.988061824033533
18,18,18,18,"(10, 4)",0.0264946191742556,0.0626009191404794,0.0059523809523809,0.0088172575536465,0.0727692751949177,0.0059523809523809,14,16,2,0,196,20.8066,12.948263870311914,0.3572290610668597,1.1930316979154971
19,19,19,19,"(4, 6)",0.0282308946431354,0.0659599528857479,0.0059523809523809,0.0061393341677426,0.0726748377793799,0.0059523809523809,6,10,1,1,14,20.6796,9.54020651650527,0.3717113202993,5.393099060663897
20,20,20,20,"(9, 25)",0.0432581474661993,0.0694310511089681,0.0079365079365079,0.0726052115000483,0.077634011090573,0.0079365079365079,25,29,0,174,174,19.3227,39.91220373441764,0.3399308069836672,172.9645222858426
21,21,21,21,"(24, 8)",0.0328189699328935,0.061053906723198,0.0059523809523809,0.0116654936331664,0.0711161281219133,0.0059523809523809,20,27,0,174,174,22.2243,23.0675726285378,0.4004344677769732,172.9587964522286
22,22,22,22,"(15, 12)",0.0059753159050233,0.0545513583721181,0.0059523809523809,0.0047212073848921,0.0654460459680561,0.0059523809523809,5,7,0,4,9,22.7937,5.082981113905088,0.4072733124145144,4.090041540361513
23,23,23,23,"(12, 24)",0.014342802782699,0.0602510460251046,0.0079365079365079,0.0123789838188374,0.0697288323187603,0.0079365079365079,25,22,1,88,89,22.12278,18.93092932427372,0.3919864832247164,87.47913625987051
24,24,24,24,"(24, 25)",0.0087441526201821,0.0610391183238464,0.0079365079365079,0.0104646573373973,0.0698447893569844,0.0079365079365079,9,9,0,9,9,22.25082,8.801508747525547,0.4132271300989621,8.03124883050784
25,25,25,25,"(26, 27)",0.0222554105382137,0.0652934317916828,0.0079365079365079,0.0159849577213764,0.0704500978473581,0.0079365079365079,9,9,0,9,9,21.47838,8.904874003531111,0.3878027194464559,7.977134089293066
26,26,26,26,"(27, 13)",0.009034502358487,0.0617344439000489,0.0079365079365079,0.0078730395058491,0.0662721893491124,0.0079365079365079,88,89,0,88,89,22.39628,87.46048900540367,0.4203878027194465,87.92182178810673
27,27,27,27,"(13, 14)",0.0091642135095699,0.0610391183238464,0.0059523809523809,0.0038939204377955,0.0655226209048362,0.0059523809523809,9,9,2,8,9,22.23674,8.925258145631588,0.4120202751629254,8.060476778563677
28,28,28,28,"(19, 16)",0.0108549759643199,0.054967826371469,0.0059523809523809,0.0018375082957509,0.0601791044776119,0.0059523809523809,7,5,0,6,7,46.67064,6.400032101011182,2.0504465363263336,3.5837730623853896
29,29,29,29,"(17, 18)",0.0042047413177773,0.0576791027695124,0.0059523809523809,0.003985284572197,0.06351606805293,0.0059523809523809,10,10,0,8,10,22.7706,9.988818147771656,0.4099283932737951,9.06721305340369
30,30,30,30,"(16, 17)",0.0044904796466852,0.0521199586349534,0.0059523809523809,0.002400619978328,0.0620460421026714,0.0059523809523809,5,8,0,3,16,23.3124,6.329998394949441,0.4175718078686942,5.172411212155234
31,31,31,31,"(17, 20)",0.0141009432821062,0.0576791027695124,0.0079365079365079,0.0096244563699052,0.0660031430068098,0.0079365079365079,60,66,1,174,178,22.77696,56.77256433577658,0.4166063239198648,175.4185472100595
32,32,32,32,"(23, 18)",0.0046621630759659,0.0588853838065194,0.0039682539682539,0.0044828192954957,0.0626865671641791,0.0039682539682539,176,160,0,173,178,23.89142,171.4869188379434,0.4282725883015528,171.66969799034467
33,33,33,33,"(18, 19)",0.0108549759643199,0.0581449007844946,0.0059523809523809,0.0036464252305233,0.0617344439000489,0.0059523809523809,16,16,1,16,16,46.69436,15.962495318602535,2.582830477109985,15.246510235395382
34,34,34,34,"(20, 21)",0.0130611793234271,0.0581449007844946,0.0079365079365079,0.0102790724751154,0.06667548617542,0.0079365079365079,18,18,1,18,18,23.3365,17.871435450216683,0.4334218360286427,16.845664458665468
35,35,35,35,"(22, 23)",0.0196098822785132,0.0625155048375093,0.0079365079365079,0.0155304022781644,0.0665522250099036,0.0079365079365079,14,14,0,14,14,47.80244,13.871274945160772,3.7443881245474295,13.169379888477229
36,36,36,36,"(25, 26)",0.0289289328754159,0.0667372881355932,0.0079365079365079,0.0484867834339188,0.0742815033161385,0.0079365079365079,16,15,0,16,16,20.75256,15.59429672034669,0.3839407836511385,14.992215860184873
37,37,37,37,"(26, 21)",0.0219754329582693,0.0652934317916828,0.0079365079365079,0.0324378623480498,0.0719897157548921,0.0079365079365079,112,111,0,112,112,21.54094,110.26419132202663,0.3893314023654357,110.95696268852214
38,38,38,38,"(23, 20)",0.0129596476319708,0.058857876912297,0.0059523809523809,0.0036612524066802,0.0650154798761609,0.0059523809523809,11,17,0,0,18,23.88816,12.550906853565888,0.4277093893314023,8.26510983870364
39,39,39,39,"(20, 27)",0.0139994115906498,0.0581449007844946,0.0079365079365079,0.0064203434799157,0.0661938534278959,0.0079365079365079,81,109,0,112,112,23.27294,91.51425819913328,0.4250543084721216,110.54986714569064
40,40,40,40,"(27, 24)",0.0272203197703765,0.0617344439000489,0.0079365079365079,0.0087678524291031,0.0683111954459203,0.0079365079365079,14,14,1,14,14,22.38918,13.79963618853994,0.4261002494166868,13.012237565959358
41,41,41,41,"(21, 22)",0.0052459652857267,0.0617344439000489,0.0059523809523809,0.0089499467087901,0.0684503599076463,0.0059523809523809,18,18,0,18,18,22.42682,17.9688085174683,0.4145144420307345,17.160248493694098
42,42,42,42,"(21, 32)",0.0297906469959699,0.0617344439000489,0.0079365079365079,0.027771761235175,0.0707865168539325,0.0079365079365079,130,130,1,126,130,22.43462,129.24546573217057,0.4096870222865878,128.66666666666666
43,43,43,43,"(32, 33)",0.0360149847004744,0.0625155048375093,0.0079365079365079,0.0279927071823266,0.0705684682161859,0.0079365079365079,15,16,1,12,16,23.8969,15.862661173826975,0.4385710837557325,14.429662063545528
44,44,44,44,"(34, 35)",0.020623065245805,0.0616664627431787,0.0079365079365079,0.0165068873905184,0.0658995815899581,0.0079365079365079,16,16,0,15,16,21.87416,15.946230806270398,0.3884463754123421,14.725534224018562
45,45,45,45,"(35, 22)",0.0123758454222101,0.0584009269988412,0.0059523809523809,0.0130946608632093,0.0658565268522148,0.0059523809523809,93,92,0,129,132,25.32434,98.19009148788189,0.4746962748410974,130.93671644025298
46,46,46,46,"(29, 30)",0.0131228645463901,0.0613138686131386,0.0059523809523809,0.0112322139945836,0.0714184497661895,0.0059523809523809,5,8,0,3,8,21.58644,6.272323578192713,0.3758950840775605,2.9413195613936605
47,47,47,47,"(30, 33)",0.018023925702582,0.0638055450056969,0.0079365079365079,0.014695555484427,0.0710059171597633,0.0079365079365079,49,51,0,50,58,20.73236,52.13717832111711,0.364067905704401,55.15983683245388
48,48,48,48,"(33, 34)",0.0180163944537927,0.0609579100145137,0.0079365079365079,0.0165647644077683,0.0678422398707766,0.0079365079365079,10,10,0,9,10,22.3405,9.988497137659836,0.399790811811087,9.033194865461622
49,49,49,49,"(34, 37)",0.0216908188653801,0.061681556725003,0.0079365079365079,0.0204290530635151,0.0656934306569343,0.0079365079365079,51,51,1,51,51,21.8854,50.96939703600663,0.3902164293185292,50.21829272856555
50,50,50,50,"(37, 38)",0.0078765877899646,0.0583738707435719,0.0059523809523809,0.00560444755448,0.061832903938167,0.0059523809523809,8,8,0,8,8,25.29512,7.9836819859825585,0.4662482902888406,7.213689607424872
51,51,51,51,"(39, 36)",0.0127848742766379,0.0528523489932885,0.0059523809523809,0.007503545385272,0.0603520536462699,0.0059523809523809,6,6,0,2,7,57.53068,6.215237279974319,2.6743100812615657,3.9174057857116127
52,52,52,52,"(36, 35)",0.0100433866941961,0.0502342270507325,0.0059523809523809,0.0106332610978127,0.0635240736072599,0.0059523809523809,7,3,0,27,52,28.80094,5.566796854100904,0.5654517660310564,7.875715729201751
53,53,53,53,"(35, 32)",0.0182906065177909,0.0583738707435719,0.0079365079365079,0.0154812253056528,0.067316682249232,0.0079365079365079,8,8,0,8,8,25.34902,7.829383125568455,0.4645586933783892,6.521013435125931
54,54,54,54,"(32, 31)",0.0120662688132866,0.0625155048375093,0.0079365079365079,0.0123576844031702,0.0684410646387832,0.0079365079365079,57,57,1,58,58,23.86644,57.59221015461987,0.4543406549199453,56.98806182403353
55,55,55,55,"(31, 28)",0.0076172167161942,0.0609579100145137,0.0059523809523809,0.0046687242287498,0.0697867626696206,0.0059523809523809,8,8,0,5,8,22.30174,7.976191750040126,0.3951243060584117,7.080573331836384
56,56,56,56,"(25, 28)",0.0230733672109656,0.0667726550079491,0.0059523809523809,0.0255949030291918,0.0741940232592374,0.0059523809523809,63,63,0,63,63,20.78584,62.53159274517147,0.3810443318046504,62.06429400097301
57,57,57,57,"(28, 29)",0.0326786554977364,0.0652934317916828,0.0079365079365079,0.02521590332455,0.0737381126554498,0.0079365079365079,7,8,0,6,8,43.11102,7.889786528275641,4.6422881969587255,7.084390554245724
58,58,58,58,"(30, 31)",0.0108528585239747,0.0638055450056969,0.0079365079365079,0.0075222565784725,0.0693069306930693,0.0079365079365079,8,9,0,7,9,20.69178,8.889733026590338,0.3713894923163569,7.694921597245612
59,59,59,59,"(31, 26)",0.0153019106210671,0.0609579100145137,0.0079365079365079,0.0133710487344616,0.069526831287074,0.0079365079365079,63,60,0,64,64,22.26594,62.14964421379273,0.4174108938772226,62.960143707196586
60,60,60,60,"(36, 37)",0.0007534160118653,0.0502142074324997,0.0059523809523809,0.0006380458036736,0.0589198036006546,0.0059523809523809,8,8,0,3,8,28.78108,7.71681557969076,0.559015206372194,4.467796863889824
61,61,61,61,"(37, 40)",0.0145676470872807,0.0583873957367933,0.0059523809523809,0.0074716366827729,0.0621378375046233,0.0059523809523809,57,57,0,57,57,25.28912,56.80696591942646,0.4679378871992919,56.23951199431159
62,62,62,62,"(40, 41)",0.0250639568327384,0.0557830658550083,0.0079365079365079,0.0134811690305722,0.0611353711790393,0.0079365079365079,8,8,0,7,8,57.5101,7.904606495104596,3.158902566578164,7.32659705849332
63,63,63,63,"(42, 43)",0.0067271634741813,0.0540482573726541,0.0079365079365079,0.0031218312181117,0.0571493366594852,0.0079365079365079,8,8,1,8,8,27.9474,7.984966026429832,0.5426824362378309,7.262003667527413
64,64,64,64,"(43, 38)",0.0029202149160967,0.0514180779432768,0.0059523809523809,0.0049175572195253,0.0562814070351758,0.0059523809523809,55,55,0,53,55,32.24314,54.77229682735006,0.6634483868372355,54.28041615209012
65,65,65,65,"(38, 39)",0.0127848742766379,0.0557830658550083,0.0059523809523809,0.0070627950293198,0.0590578861026482,0.0059523809523809,8,8,0,8,8,57.5438,7.933550906853566,3.54308472121651,7.302571011563939
66,66,66,66,"(41, 42)",0.0050324955967189,0.0528523489932885,0.0059523809523809,0.0022866399717112,0.0579376939878146,0.0059523809523809,6,7,0,5,7,28.79466,6.468888769996255,0.5532223026792179,4.727817072714345
67,67,67,67,"(42, 45)",0.0117581313219525,0.0540482573726541,0.0079365079365079,0.0062141764516369,0.05687845615619,0.0079365079365079,61,61,0,61,61,27.96858,60.21250869402386,0.5518545337517097,60.342315033120016
68,68,68,68,"(45, 46)",0.0040083416284238,0.0513971038139914,0.0059523809523809,0.0017150694634564,0.0539152759948652,0.0059523809523809,8,8,1,8,8,32.25422,7.991172221924991,0.6822753238394078,7.377643052280978
69,69,69,69,"(47, 44)",0.0101849222127552,0.0468575678690963,0.0059523809523809,0.0016363929131507,0.0525711901533326,0.0059523809523809,7,7,6,7,7,73.0772,6.149644213792734,9.22680827097916,4.550391078178212
70,70,70,70,"(44, 43)",0.0047012896167965,0.0447880565182617,0.0059523809523809,0.0038524093782098,0.0552268244575936,0.0059523809523809,44,55,0,52,62,36.5176,31.30067947140335,0.836350470673425,54.76329478687175
71,71,71,71,"(43, 40)",0.0085082381748811,0.0513971038139914,0.0059523809523809,0.0043410890836221,0.0578446000229542,0.0059523809523809,7,7,0,7,7,32.18516,6.9664009416296615,0.670206774479041,6.330189738407994
72,72,72,72,"(44, 45)",0.003495561025382,0.0447721417784489,0.0059523809523809,0.0018019417121603,0.0541935483870967,0.0059523809523809,7,8,0,6,14,36.50826,7.978866834305281,0.8067422962426583,10.924516298042738
73,73,73,73,"(45, 52)",0.0112453507189106,0.0513971038139914,0.0079365079365079,0.00646680473622,0.0571493366594852,0.0079365079365079,161,153,0,165,166,32.2649,162.1435985233535,0.6725400273553785,165.32670932974065
74,74,74,74,"(52, 53)",0.0008086402221591,0.0491467576791808,0.0079365079365079,0.0021268210559923,0.0563947633434038,0.0079365079365079,28,28,6,27,28,36.52472,27.993151784281206,0.8276611151339609,27.66734029415067
75,75,75,75,"(54, 55)",0.0311731040173346,0.0531253293981237,0.0079365079365079,0.0072372492667045,0.0563317313065832,0.0079365079365079,24,24,9864,24,24,81.49936,23.92793322989674,9574.357792260036,23.44466898693911
76,76,76,76,"(55, 46)",0.0041885090137548,0.0504807692307692,0.0039682539682539,0.0020082853129062,0.0535145466128689,0.0039682539682539,163,161,0,153,164,40.80032,163.0689636723557,1.0141604312494972,160.82856180532167
77,77,77,77,"(46, 47)",0.0101849222127552,0.0491467576791808,0.0059523809523809,0.0007222293077051,0.0516234763904537,0.0059523809523809,12,12,12,10,12,73.0486,11.964421379273448,10.354734894199051,11.393136484413008
78,78,78,78,"(41, 48)",0.0180433896654429,0.052863436123348,0.0059523809523809,0.0119616554395181,0.0636926576519651,0.0059523809523809,6,9,0,93,101,28.78064,7.705045208924081,0.5711642127282968,93.59829347704051
79,79,79,79,"(48, 49)",0.0024338098393764,0.0540482573726541,0.0079365079365079,0.0049520299997799,0.0628977910894796,0.0079365079365079,14,14,0,14,14,28.02128,13.971697608474669,0.559739319333816,13.636241158639272
80,80,80,80,"(50, 51)",0.0395853497355441,0.0585433848298292,0.0079365079365079,0.0181345230623382,0.0629449231922068,0.0079365079365079,13,13,0,13,13,17.81652,12.898828313091862,0.304288357872717,12.279517982111448
81,81,81,81,"(51, 42)",0.0134527991994149,0.0558882235528942,0.0079365079365079,0.0133919249378676,0.0595744680851063,0.0079365079365079,101,100,0,99,101,27.13638,100.41613610828742,0.5202349344275484,100.24912989783316
82,82,82,82,"(49, 50)",0.0258042867894774,0.0619164619164619,0.0079365079365079,0.0240575089089746,0.0658995815899581,0.0079365079365079,14,14,0,14,14,21.44748,13.9808998983468,0.383377584680988,13.51248082032858
83,83,83,83,"(50, 53)",0.0121476599553685,0.0585705984892504,0.0079365079365079,0.015260734433999,0.0621838371375694,0.0079365079365079,124,124,0,124,124,17.87496,123.81916430367556,0.3042079008769812,123.65749784813444
84,84,84,84,"(53, 54)",0.0116993335711101,0.0558882235528942,0.0059523809523809,0.0066844291757814,0.0587549545348566,0.0059523809523809,16,16,0,16,16,27.1344,15.986678080359532,0.5168557406066457,15.449534074323566
85,85,85,85,"(55, 52)",0.024996523433003,0.0504605526631958,0.0059523809523809,0.0032361664927339,0.0570846075433231,0.0059523809523809,16,16,1,9,16,40.72962,15.729762987534109,1.0198728779467374,14.023165300699825
86,86,86,86,"(52, 51)",0.0354332339297548,0.0491467576791808,0.0079365079365079,0.015586989567928,0.0603303806559731,0.0079365079365079,119,123,0,124,124,36.45582,123.39655449146647,0.8252474052618876,123.01313573593802
87,87,87,87,"(51, 48)",0.0615657844658839,0.0558882235528942,0.0079365079365079,0.0221516608779181,0.0637893937476268,0.0079365079365079,16,14,0,13,16,27.19678,15.862500668771066,0.5172580255853246,15.238688671831143
88,88,88,88,"(33, 64)",0.0360225159492634,0.0609579100145137,0.0079365079365079,0.0250856680001123,0.0714792228052758,0.0079365079365079,36,43,0,376,382,22.31852,42.97421218768391,0.4098479362780594,377.1651510048277
89,89,89,89,"(67, 34)",0.0242974896573925,0.061931678545097,0.0079365079365079,0.0271598276802532,0.0673076923076923,0.0079365079365079,376,378,0,376,378,21.43768,374.4066663099888,0.3749296001287311,375.9172560907152
90,90,90,90,"(64, 65)",0.0789601891016616,0.0616664627431787,0.0079365079365079,0.0409351339077238,0.0738786279683377,0.0079365079365079,26,23,0,25,26,21.91468,24.54004601144936,0.3836189556681953,22.93682871150032
91,91,91,91,"(66, 67)",0.0353119405819673,0.0643595964755459,0.0079365079365079,0.0262070545301318,0.0702830846464928,0.0079365079365079,23,19,0,24,26,14.89834,23.29356374725804,0.2371872234290771,24.375584746079863
92,92,92,92,"(49, 60)",0.0037021057893442,0.061931678545097,0.0079365079365079,0.0081624522512181,0.0657791699295223,0.0079365079365079,53,53,1,53,53,21.47958,52.97191161521588,0.3844235256255531,52.75360203585196
93,93,93,93,"(60, 61)",0.0017910167924368,0.0630709548241772,0.0059523809523809,0.0041320175728274,0.0671373384840815,0.0059523809523809,7,6,1,7,7,15.72418,6.988764646086351,0.2582669563118513,6.805209385876277
94,94,94,94,"(62, 63)",0.0161353303575341,0.0606571187868576,0.0059523809523809,0.0146632981914079,0.0660983606557377,0.0059523809523809,3,3,0,6,7,12.83418,5.784816221710984,0.1899589669321747,6.153587066352308
95,95,95,95,"(63, 50)",0.0259287229014349,0.0595181861124232,0.0079365079365079,0.01569780060723,0.0644007155635062,0.0079365079365079,52,52,0,52,54,14.30432,51.98721309721256,0.2287392388768203,53.49032596085476
96,96,96,96,"(65, 68)",0.0885656827070248,0.0649819494584837,0.0079365079365079,0.0485641730933082,0.0769818237360623,0.0079365079365079,43,50,0,6,108,19.89498,43.51056658284736,0.3478155925657736,80.25788705512518
97,97,97,97,"(68, 69)",0.0825344301054326,0.0610687022900763,0.0059523809523809,0.0543642374914056,0.0796208530805687,0.0059523809523809,18,18,1,12,18,9.92478,15.907763094537476,0.1506959530131145,1.422626398712623
98,98,98,98,"(69, 70)",0.0020987387495481,0.0576,0.0059523809523809,0.0080263498853149,0.0753250635181587,0.0059523809523809,8,8,0,2,8,5.00186,6.641217698357498,0.0705607852602783,4.481830769806519
99,99,99,99,"(70, 61)",0.0191776500516346,0.0667815025838081,0.0059523809523809,0.0351565833380672,0.0736303871439006,0.0059523809523809,65,60,0,65,65,10.0053,63.03429458027928,0.16107490546303,64.75629654578796
100,100,100,100,"(61, 62)",0.0229567384146482,0.064516129032258,0.0079365079365079,0.0330305643289125,0.0694789081885856,0.0079365079365079,8,8,0,8,8,25.65278,7.900754373762774,0.6084158017539625,7.808203285805172
101,101,101,101,"(62, 57)",0.0048333364865373,0.0606863335340156,0.0039682539682539,0.0094502200724014,0.0651920838183934,0.0039682539682539,60,49,0,59,60,12.87494,53.57311005296667,0.2032343712285783,59.78717113880469
102,102,102,102,"(57, 58)",0.0075727090192924,0.0581314878892733,0.0059523809523809,0.0064282222601499,0.0615534929164631,0.0059523809523809,7,7,1,7,7,33.61002,6.929966293938259,0.9328184085606244,6.901650387335804
103,103,103,103,"(53, 56)",0.0012569666064175,0.0559006211180124,0.0079365079365079,0.0044931510198278,0.0587823652904128,0.0079365079365079,110,110,0,110,110,27.1858,109.96110427478466,0.5220854453294714,109.84012574379702
104,104,104,104,"(56, 57)",0.0007513009621785,0.0569169960474308,0.0059523809523809,0.0024451654768002,0.0599215313280228,0.0059523809523809,16,16,1,16,16,20.74374,15.986303568562407,0.3470914796041516,15.899891471127578
105,105,105,105,"(59, 54)",0.0174856988756477,0.0540077153879125,0.0059523809523809,0.0037529010526771,0.0574162679425837,0.0059523809523809,110,109,0,110,110,54.32654,109.43962334813548,13.773674470995251,109.77534523408556
106,106,106,106,"(58, 59)",0.0075727090192924,0.0549798189156757,0.0039682539682539,0.0018637235042426,0.0587070471753057,0.0039682539682539,15,12,0,16,16,33.55214,14.28527098603606,0.797006999758629,15.778152015268889
107,107,107,107,"(68, 71)",0.0040431810310159,0.061053906723198,0.0059523809523809,0.0065924224860417,0.0729377713458755,0.0059523809523809,8,6,0,6,8,9.90298,7.676689315713445,0.145385791294553,6.391564686950339
108,108,108,108,"(71, 60)",0.0153015561885332,0.0654545454545454,0.0079365079365079,0.0251892628677037,0.0714285714285714,0.0079365079365079,65,65,0,65,65,9.97294,64.70691776790969,0.1523855499235658,64.65199655701508
109,109,109,109,"(60, 63)",0.0172126451854406,0.063055173276617,0.0079365079365079,0.0201333819023181,0.0674247491638796,0.0079365079365079,8,8,0,8,8,15.68672,7.934620940559627,0.2582669563118513,7.698214887167395
110,110,110,110,"(63, 56)",0.0074192526415399,0.0595463137996219,0.0079365079365079,0.0125124392251077,0.0634600856207504,0.0079365079365079,59,60,0,60,60,14.28596,59.75967042961853,0.2263255290047469,59.8440926612028
111,111,111,111,"(56, 59)",0.0079249182857789,0.0569041436152196,0.0059523809523809,0.0053940880214656,0.0599500416319733,0.0059523809523809,8,8,0,8,8,20.76174,7.966561446685571,0.3659988736020597,7.782044085176453
112,112,112,112,"(48, 67)",0.0771753642919504,0.0540598519789767,0.0079365079365079,0.0367527987710344,0.0674698795180722,0.0079365079365079,17,26,0,123,128,28.00908,19.15649242951153,0.5446938611312253,125.8962987912129
113,113,113,113,"(66, 49)",0.0270725827394452,0.0643924875431199,0.0079365079365079,0.0335541361325784,0.0698157639562266,0.0079365079365079,129,130,0,130,130,14.93156,129.6498314696913,0.2484512028320862,129.4061973728528
114,114,114,114,"(65, 66)",0.0269628981040876,0.0649651972157772,0.0079365079365079,0.0299884235613302,0.0724762726488352,0.0079365079365079,18,17,0,18,18,19.89916,17.255524049007544,0.34693056561268,16.78073425395756
115,115,115,115,"(67, 64)",0.0881898152165248,0.0619164619164619,0.0079365079365079,0.0361511415026159,0.0710960643250105,0.0079365079365079,18,16,0,15,18,21.40876,16.47118934246429,0.3821707297449513,15.456382620410912
116,116,116,116,"(70, 71)",0.0466800003748422,0.066746126340882,0.0079365079365079,0.0576561547133962,0.0745451856234284,0.0079365079365079,15,11,1,15,16,9.99262,12.316729976994276,0.1536728618553383,15.382395868418095
117,117,117,117,"(71, 66)",0.0354216252173249,0.0654205607476635,0.0079365079365079,0.0346208630732039,0.0723098995695839,0.0079365079365079,24,25,0,106,106,9.99068,24.14172596436788,0.1522246359320943,104.62740915384904
118,118,118,118,"(69, 112)",0.0784476197853079,0.0576,0.0059523809523809,0.0570891634851446,0.0832920178482895,0.0059523809523809,5,9,0,1,92,4.94812,7.942753196725697,0.0689516453455627,0.3957187231016803
119,119,119,119,"(115, 70)",0.0637589116769286,0.0668257756563245,0.0059523809523809,0.0896012497686429,0.0778258184064237,0.0059523809523809,15,6,0,94,94,14.99084,10.78075009362795,0.2488534878107651,92.27693574342278
120,120,120,120,"(29, 72)",0.0175677193807696,0.0613437195715676,0.0059523809523809,0.0093552825297558,0.0744240992321323,0.0059523809523809,6,5,0,3,193,21.50422,6.463538601465946,0.3922278542119237,25.08521387672617
121,121,121,121,"(72, 73)",0.0057085836195109,0.0638055450056969,0.0059523809523809,0.005560162564069,0.0740196798355118,0.0059523809523809,13,11,0,12,13,20.72852,12.123214381253009,0.3634242497385148,11.799745518506043
122,122,122,122,"(74, 75)",0.0167941054193015,0.0662199448167126,0.0059523809523809,0.0117117442552816,0.0740414279418246,0.0059523809523809,10,10,1,4,13,17.8685,9.751377668396554,0.311931772467616,3.5226975038359343
123,123,123,123,"(75, 30)",0.0157539196801665,0.0649651972157772,0.0079365079365079,0.0129443598509356,0.0709459459459459,0.0079365079365079,31,39,0,190,192,19.90892,61.17644855812958,0.3472523935956231,186.62782081508925
124,124,124,124,"(64, 75)",0.0452521420641273,0.0616664627431787,0.0079365079365079,0.0246148029506789,0.0724762726488352,0.0079365079365079,30,39,0,159,160,21.92566,43.27023701246589,0.377906508970955,156.994274166386
125,125,125,125,"(75, 72)",0.0462923278032623,0.0649651972157772,0.0079365079365079,0.0225148633090981,0.0738353354819806,0.0079365079365079,8,15,0,15,16,19.87086,15.388529238671016,0.3484592485316598,14.080535908087272
126,126,126,126,"(72, 79)",0.0581514635645208,0.0638378720709309,0.0059523809523809,0.0291460227989562,0.0774074642911995,0.0059523809523809,23,16,1,26,26,20.68576,22.843240062061955,0.3499074744549038,24.62688522136148
127,127,127,127,"(79, 76)",0.0820282365963639,0.070886075949367,0.0079365079365079,0.0470118719650311,0.0813165537270087,0.0079365079365079,14,14,0,13,14,35.72804,13.43395216949334,1.966529889773916,12.82107705549942
128,128,128,128,"(76, 83)",0.0385942692638235,0.066254765347706,0.0059523809523809,0.0270605208190671,0.0794701986754966,0.0059523809523809,6,8,0,3,140,17.87138,6.691348777486491,0.3009091640518143,1.1030650050522062
129,129,129,129,"(83, 80)",0.0306979343197747,0.0704304080491894,0.0079365079365079,0.0156561018330022,0.0800381133873273,0.0079365079365079,7,4,0,0,22,18.0185,7.699267026911348,0.311207659505994,1.1787732495041354
130,130,130,130,"(81, 82)",0.0447966248699476,0.0735229759299781,0.0079365079365079,0.0454450423431746,0.0854526958290946,0.0079365079365079,10,13,1,4,22,22.1071,9.984484511262105,0.4174108938772226,1.7936080236518095
131,131,131,131,"(82, 77)",0.0471068560611058,0.0704697986577181,0.0079365079365079,0.0476137655183337,0.0846489754786698,0.0079365079365079,3,14,0,0,142,18.16978,9.658659247766304,0.3236784938450398,1.185883761835261
132,132,132,132,"(77, 78)",0.0300743024872641,0.0704304080491894,0.0079365079365079,0.0302565244604665,0.0814611281719735,0.0079365079365079,12,14,0,11,16,18.0224,12.63988015622492,0.3083916646552417,2.5121065828374687
133,133,133,133,"(78, 73)",0.0476539135092419,0.0712972131843259,0.0059523809523809,0.0510860278513059,0.0814874696847211,0.0059523809523809,24,22,0,23,24,15.05408,21.25418650687497,0.2533590795719688,13.834137943939224
134,134,134,134,"(73, 74)",0.0553505686993295,0.070886075949367,0.0079365079365079,0.0507555985593319,0.0781153130812151,0.0079365079365079,15,16,1,15,16,35.73044,15.29201219838425,1.5453375170971115,14.918715616930504
135,135,135,135,"(74, 65)",0.0365683917094512,0.066254765347706,0.0059523809523809,0.0315443714359789,0.0756189047261815,0.0059523809523809,9,10,0,0,164,17.85144,10.798512653148574,0.298093169201062,2.841847236256128
136,136,136,136,"(76, 77)",0.0414458957619635,0.0662199448167126,0.0059523809523809,0.0204531657781623,0.0830176247735134,0.0059523809523809,6,10,0,0,13,17.86618,7.303729067465625,0.3100008045699574,1.0142210246622507
137,137,137,137,"(77, 108)",0.0584784493358052,0.0704500978473581,0.0079365079365079,0.0417848251869912,0.0866277071158473,0.0079365079365079,10,5,0,0,134,18.02688,10.45374779305548,0.3161155362458765,1.271097638561431
138,138,138,138,"(108, 109)",0.0295359205601325,0.0712568924077477,0.0079365079365079,0.0243897468924411,0.0857872340425531,0.0079365079365079,6,7,0,0,7,15.07172,5.704991707238778,0.2531981655804972,0.9009019123535796
139,139,139,139,"(110, 111)",0.0427557427835966,0.0738678000879378,0.0079365079365079,0.0409000039793479,0.0863753213367609,0.0079365079365079,8,7,0,0,9,14.09768,6.546947728853459,0.247083433904578,0.915048089517608
140,140,140,140,"(111, 78)",0.0394683124832437,0.0727482678983833,0.0079365079365079,0.0464215009956009,0.0841121495327102,0.0079365079365079,9,21,0,1,133,12.05838,13.90535551869884,0.200418376377826,2.289098461883912
141,141,141,141,"(78, 79)",0.021888701461266,0.0712568924077477,0.0059523809523809,0.0187113164569659,0.0807562890562409,0.0059523809523809,13,12,0,12,13,15.03962,12.3951099459633,0.2460374929600128,7.121065828374687
142,142,142,142,"(109, 110)",0.0524478966346517,0.0740523067881281,0.0079365079365079,0.0650338230562845,0.0883900385829533,0.0079365079365079,2,4,0,1,9,13.84732,5.843133058691349,0.2356585405100973,0.7923730399311403
143,143,143,143,"(110, 113)",0.0441036110969344,0.0738678000879378,0.0079365079365079,0.0574421244935735,0.0868217054263565,0.0079365079365079,10,10,0,1,132,14.08192,8.667166015729496,0.2375090514120202,1.472886493768946
144,144,144,144,"(113, 114)",0.0271608598790306,0.0727062896710906,0.0059523809523809,0.0379557423944051,0.0830039525691699,0.0059523809523809,6,5,1,6,8,12.0694,6.384570113958589,0.1901198809236463,5.241757419258262
145,145,145,145,"(115, 112)",0.0156409461187933,0.0667549668874172,0.0059523809523809,0.0151950316084676,0.0828266228430567,0.0059523809523809,6,5,0,0,7,15.07,5.4633245947247335,0.2495776007723871,0.9676658807679354
146,146,146,146,"(112, 111)",0.0385781511030021,0.06667548617542,0.0079365079365079,0.0446934723505787,0.0853658536585365,0.0079365079365079,2,4,1,0,131,9.99932,7.566903857471511,0.1490868130983989,0.6484038771004079
147,147,147,147,"(111, 108)",0.0418655814033547,0.0727062896710906,0.0079365079365079,0.0392465784378621,0.0861833105335157,0.0079365079365079,7,7,0,2,9,12.02474,6.772136322294152,0.1972000965483948,0.7681972980053142
148,148,148,148,"(112, 113)",0.0555104148010992,0.0666402221340737,0.0079365079365079,0.037332599991017,0.082004555808656,0.0079365079365079,11,3,0,0,18,10.00256,8.030870472419881,0.1609139914715584,0.8330900789641106
149,149,149,149,"(113, 116)",0.0724531660190033,0.0727062896710906,0.0079365079365079,0.0557277806731597,0.0847486127459223,0.0079365079365079,3,4,0,4,230,12.05166,8.389973784174202,0.1902003379193821,1.0912391003330717
150,150,150,150,"(117, 114)",0.0522389979166911,0.0643595964755459,0.0039682539682539,0.0546806532810241,0.0790836340812804,0.0039682539682539,9,4,0,228,228,18.00716,9.028195388154726,0.3173223911819132,222.0979753751731
151,151,151,151,"(114, 115)",0.0813879293662983,0.0714995034756703,0.0079365079365079,0.0988021684193994,0.0816723383568303,0.0079365079365079,15,19,1,18,20,30.03834,15.743405917286395,0.9418295920830316,19.254107256464952
152,152,152,152,"(116, 124)",0.0695368557136936,0.0714995034756703,0.0079365079365079,0.0553190058162308,0.0825012276968407,0.0079365079365079,8,8,0,0,94,15.0449,8.1577229682735,0.2475661758789926,2.066838815912578
153,153,153,153,"(124, 126)",0.0689081700900668,0.0705981229864126,0.0079365079365079,0.0539625263225446,0.0813428018076178,0.0079365079365079,13,8,1,11,214,19.28074,10.049275052164145,0.3585163729986322,5.150480895176079
154,154,154,154,"(129, 125)",0.0516365223669983,0.064113980409617,0.0039682539682539,0.051395326370562,0.0770053475935828,0.0039682539682539,8,4,0,217,220,16.73194,5.861216628323792,0.2955990023332528,208.80805359080875
155,155,155,155,"(125, 117)",0.067567125807538,0.0687210253613307,0.0079365079365079,0.0612876201952604,0.0778138026864289,0.0079365079365079,15,21,5,96,96,35.96168,15.547750254133003,37.67632150615496,95.18483589686016
156,156,156,156,"(109, 118)",0.0227069555456377,0.074095854160541,0.0059523809523809,0.018993547166571,0.0865533230293663,0.0059523809523809,6,5,0,15,64,13.84304,5.944037237172971,0.2395204763054147,1.987725010291531
157,157,157,157,"(119, 110)",0.0344114572458792,0.0690410958904109,0.0079365079365079,0.0324998738124079,0.0839021142000998,0.0079365079365079,10,10,0,1,66,14.34542,8.724519822374404,0.2399227612840936,1.1100258223868866
158,158,158,158,"(118, 120)",0.0291169836611472,0.0738678000879378,0.0079365079365079,0.020038051484529,0.0841964584029402,0.0079365079365079,13,12,0,26,27,28.2408,13.771601305441122,1.170568830959852,13.130796003143596
159,159,159,159,"(121, 119)",0.0225770471652323,0.0683204554697031,0.0079365079365079,0.020506986068925,0.0800508259212198,0.0079365079365079,6,7,0,0,27,13.59608,7.59237065967578,0.2312334057446295,1.137644549230942
160,160,160,160,"(117, 116)",0.0133400563202702,0.0643267389917039,0.0059523809523809,0.0098434347565927,0.0797847079309799,0.0059523809523809,6,11,2,0,16,17.99992,7.730405007757744,0.3251267197682838,1.0081209535571274
161,161,161,161,"(116, 119)",0.0162563666255799,0.0714995034756703,0.0079365079365079,0.0139672901557983,0.0817783546973876,0.0079365079365079,11,9,0,1,338,15.04558,8.150286234016372,0.2593128972564164,1.0480146701096515
162,162,162,162,"(119, 118)",0.0044219565449329,0.0690410958904109,0.0059523809523809,0.0042356106365912,0.0818846466287571,0.0059523809523809,13,4,0,8,14,14.3471,7.721684233053341,0.2481293748491431,2.1347629205493805
163,163,163,163,"(120, 121)",0.0117652174631725,0.068814855270344,0.0059523809523809,0.0066622921905368,0.0811202317720907,0.0059523809523809,3,6,0,2,16,14.0957,6.880744743459419,0.2352562555314184,0.9043074735226976
164,164,164,164,"(121, 122)",0.0097841710132252,0.0683204554697031,0.0079365079365079,0.008681975185598,0.0797847079309799,0.0079365079365079,10,8,0,0,260,13.63626,7.529613182815258,0.2192453133799984,1.106507989970435
165,165,165,165,"(122, 123)",0.0014690860881573,0.064008128016256,0.0039682539682539,0.0014906113953206,0.0779461800185586,0.0039682539682539,4,4,0,1,16,6.81642,3.771012786902788,0.1056400354010781,1.8514651397777029
166,166,166,166,"(123, 124)",0.0133138462463364,0.0681818181818181,0.0079365079365079,0.0099288982157643,0.0780790085205267,0.0079365079365079,9,14,0,100,100,23.50852,11.651383018565085,0.787915359240486,98.7223532053441
167,167,167,167,"(124, 125)",0.0139425318699631,0.0705981229864126,0.0059523809523809,0.0089893712033735,0.0790464240903387,0.0059523809523809,4,6,1,12,16,19.27832,9.617730458509444,0.3622978517982138,14.763556753115529
168,168,168,168,"(122, 130)",0.0063270133544913,0.0639756283320639,0.0059523809523809,0.0074891982883391,0.0801271860095389,0.0059523809523809,3,3,0,2,102,6.81538,4.051896634743994,0.0979161638104433,0.3625987051382807
169,169,169,169,"(130, 131)",0.0162147579376349,0.0681818181818181,0.0079365079365079,0.0157069704261905,0.0812510075769788,0.0079365079365079,5,5,1,4,8,11.78734,5.32892836124338,0.1847292622093491,1.0284420493245012
170,170,170,170,"(132, 133)",0.0208947778900344,0.0687960687960688,0.0079365079365079,0.0113475231515544,0.0797847079309799,0.0079365079365079,6,8,0,2,8,15.40606,6.20068482157188,0.2833695389814144,2.6479173683619623
171,171,171,171,"(133, 123)",0.0098566885876025,0.070440251572327,0.0059523809523809,0.0069167172892769,0.0773836941501612,0.0059523809523809,10,4,0,88,102,16.75384,7.7594029211920175,0.3036447019068308,97.88948766887466
172,172,172,172,"(131, 156)",0.0177494556470699,0.0641466208476517,0.0079365079365079,0.0220355848051569,0.0820846905537459,0.0079365079365079,15,19,0,1,69,13.14006,15.731742549890322,0.2200498833373561,1.217170016092212
173,173,173,173,"(156, 157)",0.0287155374630523,0.0687960687960688,0.0079365079365079,0.033538231853582,0.0833471142715396,0.0079365079365079,5,4,0,2,5,15.40528,4.629393825905516,0.2697723067020677,1.3288050596908798
174,174,174,174,"(157, 160)",0.0478732245604227,0.0729166666666666,0.0079365079365079,0.0416554494208056,0.0861096873398257,0.0079365079365079,28,21,0,2,28,21.1847,21.364025466802204,0.4279507603186097,5.086710826690618
175,175,175,175,"(160, 161)",0.0175278027601586,0.0710259301014656,0.0079365079365079,0.0133838279145322,0.083072358661612,0.0079365079365079,5,4,0,0,5,18.65854,4.699909047134985,0.3499879314506396,1.748437558474608
176,176,176,176,"(162, 163)",0.0278106198337014,0.0686461454644511,0.0079365079365079,0.0150212080869544,0.0825147347740668,0.0079365079365079,4,3,0,2,4,15.4274,3.906104542293082,0.2703355056722182,1.2292953108042364
177,177,177,177,"(163, 158)",0.0286345312405438,0.0692593101552837,0.0079365079365079,0.0163470547639351,0.0816591056383668,0.0079365079365079,18,23,0,4,29,16.09852,15.15665293456744,0.289001528682919,2.5453388720482018
178,178,178,178,"(158, 159)",0.0379902670055126,0.0710259301014656,0.0079365079365079,0.0201737091744257,0.0821515892420537,0.0079365079365079,5,4,0,2,5,18.59824,4.541383553581938,0.3512752433824121,1.7265820889936754
179,179,179,179,"(159, 132)",0.0290142572289491,0.0713173906891184,0.0079365079365079,0.0170448251843256,0.08047261695673,0.0079365079365079,14,10,0,3,69,17.70788,8.460274998662458,0.3278622576233003,2.627072340107032
180,180,180,180,"(161, 176)",0.0101759811501362,0.070935960591133,0.0079365079365079,0.0108752766788726,0.0826907301066448,0.0079365079365079,10,12,0,7,74,15.1172,17.221015461987054,0.2620484351114329,2.989184536506867
181,181,181,181,"(176, 177)",0.0066111840493697,0.0686461454644511,0.0059523809523809,0.0088421011928703,0.0796837944664031,0.0059523809523809,7,7,0,7,7,15.46092,6.967470975335723,0.2759674953737227,5.058455896111672
182,182,182,182,"(178, 179)",0.0178101503315773,0.0667107875579086,0.0059523809523809,0.0087106819746108,0.0803699569446659,0.0059523809523809,5,3,0,0,7,15.8133,5.669199079771013,0.2675999678172017,1.017476890834924
183,183,183,183,"(179, 162)",0.0190277471192063,0.069060016442861,0.0079365079365079,0.0109120856153314,0.0803059273422562,0.0079365079365079,68,54,1,0,74,15.83224,63.904659996789896,0.2717837315954622,2.356947719022492
184,184,184,184,"(126, 127)",0.0600057878979586,0.0687210253613307,0.0079365079365079,0.0490767197385055,0.081146353244244,0.0079365079365079,12,8,0,12,18,18.01198,8.940506125942967,0.3341379032906911,4.900078589873133
185,185,185,185,"(127, 164)",0.0607358372156485,0.070440251572327,0.0079365079365079,0.0505309383940059,0.0816326530612244,0.0079365079365079,11,17,0,6,138,16.73398,11.06826815044674,0.3170810201947059,7.32281725983309
186,186,186,186,"(164, 165)",0.0532377635171584,0.0684410646387832,0.0079365079365079,0.0462959355335456,0.0820179007323026,0.0079365079365079,8,8,0,1,8,16.75192,6.785832753731743,0.2933462064526511,3.253433628980951
187,187,187,187,"(165, 168)",0.058978484534967,0.0713173906891184,0.0079365079365079,0.0520330671999794,0.083223249669749,0.0079365079365079,13,20,0,9,60,17.71636,18.202022363704454,0.329793225520959,16.727180868979456
188,188,188,188,"(168, 169)",0.045868698429228,0.069078947368421,0.0079365079365079,0.0438546741273454,0.0802547770700636,0.0079365079365079,8,8,0,0,8,16.76008,7.517628805307367,0.312655885429238,3.690543018599603
189,189,189,189,"(169, 172)",0.0483303487670147,0.0692593101552837,0.0079365079365079,0.0510054086837454,0.0799873036026027,0.0079365079365079,55,61,0,25,144,16.13948,61.60644160291049,0.2898865556360125,96.64608360465552
190,190,190,190,"(172, 173)",0.0424457663191924,0.0669678448046771,0.0079365079365079,0.0486714172158225,0.0770995869664983,0.0079365079365079,20,20,0,16,20,15.85166,19.747632550425337,0.2750020114248934,17.909546798398264
191,191,191,191,"(174, 175)",0.082945359454432,0.0666049953746531,0.0079365079365079,0.0538604676825715,0.0765724703737465,0.0079365079365079,12,16,1,16,16,31.13364,14.13204215932802,5.345562796685172,14.928932300437856
192,192,192,192,"(175, 170)",0.0391797604080178,0.0625,0.0039682539682539,0.0367455573307347,0.0764215314632297,0.0039682539682539,16,33,0,98,150,15.58882,35.85811353057621,0.2779789202671172,91.9742150368624
193,193,193,193,"(170, 171)",0.0511904935000745,0.0669678448046771,0.0079365079365079,0.0444827964155913,0.0785658612626656,0.0079365079365079,8,9,0,10,10,31.68938,9.725964367877587,4.140236543567463,8.99940122001422
194,194,194,194,"(171, 166)",0.0411264728619981,0.0628193942415555,0.0039682539682539,0.0404432001854945,0.0780185758513931,0.0039682539682539,15,14,0,4,56,15.86128,7.67695682413996,0.2795880601818328,33.65293215074286
195,195,195,195,"(166, 167)",0.0552506834506028,0.069078947368421,0.0079365079365079,0.0490225044356324,0.0787746170678337,0.0079365079365079,11,11,1,10,12,33.53218,10.35129206570007,16.64389733687344,10.993862505145763
196,196,196,196,"(167, 128)",0.0459036167293289,0.0646734248684717,0.0039682539682539,0.0456600184785122,0.0778378378378378,0.0039682539682539,10,4,0,127,134,16.7484,5.320956610133219,0.3032424169281519,111.54911867070844
197,197,197,197,"(128, 129)",0.0595087288484423,0.0684410646387832,0.0079365079365079,0.053635205035131,0.0776699029126213,0.0079365079365079,14,13,0,18,18,33.49764,11.680327430314057,6.483707458363504,17.075633396953705
198,198,198,198,"(173, 202)",0.0745086360146002,0.0690978886756238,0.0059523809523809,0.0955711200425795,0.0762135188265537,0.0059523809523809,32,32,0,30,32,15.84866,31.62003103097748,0.2883578727170327,30.8825642752891
199,199,199,199,"(202, 203)",0.0779364816392649,0.0666049953746531,0.0079365079365079,0.0933110076626347,0.0721030042918454,0.0079365079365079,9,9,3,10,10,31.15726,9.836659354769676,1.832488534878108,8.978331649264623
200,200,200,200,"(203, 206)",0.0657713770288322,0.0625,0.0039682539682539,0.0813543377557331,0.0684131939731233,0.0039682539682539,21,38,0,23,44,15.60104,33.990155689904235,0.2733928715101778,11.603495378166985
201,201,201,201,"(206, 207)",0.0692978373147359,0.0604534005037783,0.0079365079365079,0.0801284009310442,0.0651920838183934,0.0079365079365079,11,12,2,5,12,30.69486,11.831844203092398,3.695872556118754,9.239137756820478
202,202,202,202,"(208, 209)",0.0647276488461521,0.0554211568066857,0.0079365079365079,0.0412431388656311,0.0624225910329452,0.0079365079365079,12,12,2,11,12,30.136,11.971323096677546,3.4434789604956157,8.574042887616482
203,203,203,203,"(209, 204)",0.0612011885602485,0.0525492649358773,0.0039682539682539,0.0414524487534758,0.0653442240373395,0.0039682539682539,42,34,0,37,42,15.10072,37.539243486169816,0.2622093491029045,16.18528498184948
204,204,204,204,"(204, 205)",0.0733662931706811,0.0604534005037783,0.0079365079365079,0.0467112503024107,0.0686742062951355,0.0079365079365079,10,10,0,10,10,30.64752,9.844577604194532,2.4582025907152625,8.493656674525655
205,205,205,205,"(205, 174)",0.0699384475460164,0.0570522979397781,0.0039682539682539,0.0457736060237143,0.0723618090452261,0.0039682539682539,5,15,0,24,32,15.32172,7.495211599165374,0.2679217958001448,16.00572583361401
206,206,206,206,"(207, 210)",0.0573220728538819,0.0570522979397781,0.0039682539682539,0.0696708677081404,0.0622837370242214,0.0039682539682539,216,225,0,2,226,15.3206,184.11577764699587,0.2630139190602623,9.846263238651249
207,207,207,207,"(210, 211)",0.0610378732893643,0.0554211568066857,0.0079365079365079,0.0687620314559451,0.0597085653358606,0.0079365079365079,14,14,0,3,14,30.15778,13.92793322989674,2.03660793305978,8.952883499869017
208,208,208,208,"(212, 213)",0.0564676848207805,0.0513552068473609,0.0079365079365079,0.035172639556551,0.0574293527803099,0.0079365079365079,16,16,1,4,16,29.66144,15.920068482157188,2.2626116340815834,8.553796639347329
209,209,209,209,"(213, 208)",0.0527518843852981,0.0488798370672097,0.0039682539682539,0.0360365903275492,0.0597935698184838,0.0039682539682539,222,217,0,38,224,14.84036,219.99737841742012,0.2614852361412825,7.635455259907937
210,210,210,210,"(175, 172)",0.0417775274758377,0.0624690133862171,0.0059523809523809,0.0181646713958903,0.0772295433650015,0.0059523809523809,9,9,0,0,9,15.56978,7.717029586431972,0.2751629254163649,1.5651360353280193
211,211,211,211,"(172, 179)",0.0476621099236596,0.0669678448046771,0.0079365079365079,0.0251383443248566,0.0804854679016288,0.0079365079365079,45,54,0,1,78,15.83826,62.78947086833235,0.2832086249899428,4.764417499345084
212,212,212,212,"(179, 176)",0.0464445131360306,0.069060016442861,0.0079365079365079,0.0268496862310504,0.0815270139113555,0.0079365079365079,8,8,0,3,8,15.8073,7.866566796854101,0.2862659908279025,2.6514726245275253
213,213,213,213,"(177, 178)",0.0628799319354008,0.0714488233626311,0.0079365079365079,0.0682094427104904,0.0808080808080808,0.0079365079365079,9,9,0,9,9,31.64352,8.940078112460542,4.024217555716469,7.945473597545002
214,214,214,214,"(178, 173)",0.0430817100332468,0.066746126340882,0.0059523809523809,0.058953461098867,0.0786516853932584,0.0059523809523809,16,11,0,8,78,15.80568,14.17746509015034,0.2734733285059136,30.52516747127727
215,215,215,215,"(173, 174)",0.011018840337839,0.069060016442861,0.0059523809523809,0.0072148904453447,0.0764911215662467,0.0059523809523809,10,10,0,10,10,15.8203,9.385158632496925,0.2855418778662805,8.869653081845739
216,216,216,216,"(176, 183)",0.0500093102367971,0.0686461454644511,0.0079365079365079,0.0322229678760596,0.0835543766578249,0.0079365079365079,10,15,1,3,129,15.45998,14.12685249585362,0.2910129535763134,3.1859960330825943
217,217,217,217,"(182, 177)",0.0542806763154544,0.0715909090909091,0.0059523809523809,0.0600504812051792,0.0824607329842932,0.0059523809523809,129,129,0,128,129,16.17912,127.58081429565031,0.2956794593289886,117.81246959320384
218,218,218,218,"(120, 134)",0.0153636946273981,0.0688524590163934,0.0039682539682539,0.0105650083963752,0.0835682308074946,0.0039682539682539,83,93,0,0,101,14.11396,73.63929163768658,0.2351757985356826,7.297668500430373
219,219,219,219,"(135, 294)",0.0178092443073982,0.0640162580972945,0.0059523809523809,0.0248172744818964,0.0876826722338204,0.0059523809523809,2,3,0,1,66,13.5817,3.914611310256273,0.2215785662563359,0.965794693312376
220,220,220,220,"(134, 135)",0.0253579618284247,0.0683204554697031,0.0079365079365079,0.0212663094023489,0.0849199663016006,0.0079365079365079,8,8,0,4,8,27.3029,7.889733026590338,1.1147316759192212,5.884435462744658
221,221,221,221,"(297, 136)",0.0128669968097687,0.0643924875431199,0.0059523809523809,0.0064246177541319,0.0796208530805687,0.0059523809523809,26,20,2,1,69,15.42208,16.8873254507517,0.2852200498833374,1.6925264773024962
222,222,222,222,"(136, 137)",0.0126653345234713,0.0659340659340659,0.0079365079365079,0.010202008020129,0.0807304180682364,0.0079365079365079,8,8,0,1,8,14.55,7.401316141458456,0.2533590795719688,1.414168631413495
223,223,223,223,"(137, 121)",0.020596000715285,0.0641466208476517,0.0079365079365079,0.017968824325236,0.0799873036026027,0.0079365079365079,10,3,0,3,101,13.17978,8.094537477930555,0.2222222222222222,1.3660416900565098
224,224,224,224,"(135, 136)",0.0055606459504499,0.0639756283320639,0.0059523809523809,0.0057263567537475,0.0820179007323026,0.0059523809523809,7,8,0,0,8,13.6567,5.115189128457547,0.225923244026068,0.9188653119269488
225,225,225,225,"(136, 131)",0.0057623082367473,0.0659340659340659,0.0079365079365079,0.006973991965578,0.0811332904056664,0.0079365079365079,19,5,0,0,140,14.53036,14.581349312503344,0.2396813902968863,1.2621907862729689
226,226,226,226,"(131, 132)",0.0042276105273123,0.0641466208476517,0.0079365079365079,0.0041373272724151,0.0794326241134751,0.0079365079365079,6,4,0,0,7,13.18014,5.997592424161361,0.2280955829109341,1.1656000898169978
227,227,227,227,"(133, 130)",0.0258246064054074,0.070440251572327,0.0079365079365079,0.0112573868090681,0.0809248554913294,0.0079365079365079,7,5,0,0,7,16.69582,5.541758065379059,0.3124145144420307,2.347591781744695
228,228,228,228,"(130, 137)",0.0159368618222637,0.0681818181818181,0.0079365079365079,0.0082406049578172,0.0809638554216867,0.0079365079365079,8,8,0,0,138,11.75534,8.791236423947355,0.194947300667793,1.2615545825380787
229,229,229,229,"(137, 134)",0.0080061956304501,0.0641466208476517,0.0059523809523809,0.0042635119975698,0.080846968238691,0.0059523809523809,8,8,0,5,8,13.15854,7.890589053555187,0.2220613082307506,3.4867332809400846
230,230,230,230,"(132, 127)",0.0123470898662269,0.0687960687960688,0.0079365079365079,0.0094413677094324,0.0796586059743954,0.0079365079365079,4,10,0,6,70,15.44752,8.382804558343588,0.2791857752031539,5.27263201227499
231,231,231,231,"(127, 128)",0.0116170405485367,0.070440251572327,0.0059523809523809,0.007071801336125,0.0788979336255479,0.0059523809523809,7,5,0,8,8,16.73802,6.288374083783639,0.291897980529407,6.497099659443883
232,232,232,232,"(129, 126)",0.0058841349108673,0.0640813731722822,0.0059523809523809,0.002531014561562,0.0773955773955774,0.0059523809523809,7,2,0,5,9,16.76788,5.438553314429405,0.2982540831925336,1.003031323678006
233,233,233,233,"(126, 133)",0.0147865171029755,0.0687210253613307,0.0079365079365079,0.0074574847842006,0.0801654207094003,0.0079365079365079,8,18,1,1,70,18.03192,9.33240597078808,0.3427468018344195,7.015231465888252
234,234,234,234,"(161, 162)",0.0212671845737615,0.070935960591133,0.0079365079365079,0.0137547100090473,0.0824337585868498,0.0079365079365079,9,8,0,2,9,15.06594,8.2027713872987,0.2615656931370183,1.5785711612589348
235,235,235,235,"(162, 169)",0.0124843118592664,0.0686461454644511,0.0079365079365079,0.0118929745280782,0.0805626598465473,0.0079365079365079,56,65,1,4,68,15.47466,61.22690064737039,0.2704964196636897,10.247932337861608
236,236,236,236,"(169, 170)",0.01002266152148,0.0692593101552837,0.0059523809523809,0.0047018320683881,0.0783460282916213,0.0059523809523809,8,8,0,7,8,16.1488,7.943876732117062,0.2865878188108456,6.541970734628195
237,237,237,237,"(171, 168)",0.0080759490674997,0.0627880901955898,0.0059523809523809,0.0060890656598362,0.079721607086365,0.0059523809523809,8,7,0,0,8,15.8651,5.867850837301375,0.2752433824121007,1.1232364058231354
238,238,238,238,"(168, 163)",0.0211857351732386,0.069078947368421,0.0079365079365079,0.0168720755641281,0.0830449826989619,0.0079365079365079,12,19,0,0,69,16.72168,16.240436573752074,0.3018746480006437,2.9471576662550056
239,239,239,239,"(163, 160)",0.0203618237663962,0.0692593101552837,0.0079365079365079,0.0190539189932533,0.0840420210105052,0.0079365079365079,6,9,0,0,9,16.12604,8.06275747686052,0.2868291897980529,2.092586355301074
240,240,240,240,"(157, 158)",0.0272325958008054,0.0729061189064082,0.0079365079365079,0.020853008163803,0.0844645550527903,0.0079365079365079,6,9,0,8,9,21.21266,8.361243379166444,0.4558693378389251,3.171101380936342
241,241,241,241,"(158, 165)",0.0178768600358365,0.0710259301014656,0.0079365079365079,0.0150660753387249,0.0826636050516647,0.0079365079365079,10,18,0,17,70,18.60724,17.33053341180247,0.3550567221819937,28.69518356348939
242,242,242,242,"(165, 166)",0.012136139018028,0.0713173906891184,0.0059523809523809,0.0079943675481683,0.0801909307875895,0.0059523809523809,4,6,0,7,7,17.68864,6.446257557113049,0.3359079571968782,5.76838441675087
243,243,243,243,"(167, 164)",0.0073589951506972,0.0646402462485571,0.0059523809523809,0.0030100864419647,0.0778739184177997,0.0059523809523809,7,7,0,2,7,16.81702,5.06307848697234,0.3075066377021482,1.0469668051345384
244,244,244,244,"(164, 159)",0.0148570688491875,0.0684410646387832,0.0079365079365079,0.0088743765128523,0.0808599390341729,0.0079365079365079,9,14,0,3,70,16.76122,9.779626558236584,0.3099203475742216,2.331798959619775
245,245,245,245,"(159, 156)",0.0238330786257511,0.0713173906891184,0.0079365079365079,0.0121874765250818,0.0818846466287571,0.0079365079365079,5,9,0,5,9,17.68134,7.401262639773153,0.3215866119559095,2.1281389169567007
246,246,246,246,"(296, 157)",0.0463902828981756,0.0757097791798107,0.0099206349206349,0.0358571301980148,0.0868067516362383,0.0099206349206349,38,15,0,138,138,26.97524,23.703333154994382,1.634162040389412,128.3663036563003
247,247,247,247,"(156, 297)",0.0128669968097687,0.0687960687960688,0.0059523809523809,0.0051586849557447,0.079696394686907,0.0059523809523809,17,8,0,4,140,15.45212,11.60761863998716,0.2762893233566658,1.6537928969724187
248,248,248,248,"(10, 11)",0.0198595041617265,0.062585371911089,0.0059523809523809,0.0096320621715244,0.0757439134355275,0.0059523809523809,16,14,0,0,20,20.79304,12.302712535444869,0.365516131627645,1.1966618015792825
249,249,249,249,"(11, 80)",0.0274800385864359,0.065977222149496,0.0079365079365079,0.0206064285075492,0.0799873036026027,0.0079365079365079,12,8,0,0,530,20.66164,9.79738911775721,0.3536889532544854,1.415777852625276
250,250,250,250,"(80, 81)",0.0372881568516686,0.0693928128872366,0.0079365079365079,0.0249640631718944,0.0830449826989619,0.0079365079365079,6,5,0,2,26,19.3487,8.733615108875929,0.3386434950518948,1.2704240110774296
251,251,251,251,"(82, 83)",0.0252736820210323,0.0704500978473581,0.0079365079365079,0.0300107504030061,0.0813822057161311,0.0079365079365079,7,12,0,1,26,18.14702,8.59429672034669,0.3162764502373481,1.2850566969799035
252,252,252,252,"(83, 9)",0.0331700169650809,0.0704697986577181,0.0079365079365079,0.0402484792643058,0.07875,0.0079365079365079,14,8,0,530,530,18.02628,7.907495586110962,0.3163569072330839,490.15310055761387
253,253,253,253,"(9, 8)",0.0135351534030886,0.0693928128872366,0.0059523809523809,0.0089867429190434,0.0762250453720508,0.0059523809523809,11,15,0,18,18,19.30938,11.554009951313466,0.3455627966851717,16.98080161670596
254,254,254,254,"(81, 100)",0.0357661570260976,0.0735229759299781,0.0079365079365079,0.0192548418661454,0.0841823951895774,0.0079365079365079,14,6,0,2,222,22.17194,10.022952222995023,0.415077641000885,1.959956588451031
255,255,255,255,"(103, 82)",0.0275839132121903,0.0707368421052631,0.0059523809523809,0.0277716133122303,0.085163906725245,0.0059523809523809,6,13,0,0,224,14.2158,7.248301321491627,0.2285783248853488,0.7598518019535198
256,256,256,256,"(89, 90)",0.0039215763619342,0.0618936509885791,0.0059523809523809,0.0053498600382803,0.0789597368008773,0.0059523809523809,9,6,0,4,16,20.54584,7.201968862019154,0.366240244589267,1.0199842820253733
257,257,257,257,"(90, 87)",0.0142443822510935,0.0687772925764192,0.0099206349206349,0.0147318972774678,0.0819512195121951,0.0099206349206349,9,9,0,1,26,21.76642,8.611524263014285,0.4112961622013034,1.7686089592455372
258,258,258,258,"(87, 85)",0.0133815697083605,0.0689560815433027,0.0079365079365079,0.0144587192628913,0.0830176247735134,0.0079365079365079,10,6,0,1,54,13.11996,5.782622652613557,0.2054067101134443,0.6286815613188129
259,259,259,259,"(85, 81)",0.0432746250443761,0.0748663101604278,0.0099206349206349,0.040001729445744,0.0864049374249957,0.0099206349206349,12,13,0,3,106,24.90578,11.31507142474988,0.6342424973851476,3.1056098199917668
260,260,260,260,"(80, 84)",0.0208898160545419,0.0694119267318551,0.0079365079365079,0.0122210669285093,0.0800889877641824,0.0079365079365079,12,11,0,2,106,19.29426,9.212722700765074,0.3431490868130984,1.2913438868305829
261,261,261,261,"(84, 86)",0.0249447757897061,0.0734800991398163,0.0079365079365079,0.0132377404535703,0.0813428018076178,0.0079365079365079,13,10,0,2,56,22.07022,9.821785886255418,0.4161235819454502,1.827738482841211
262,262,262,262,"(86, 91)",0.0147088557092817,0.0705092333519865,0.0079365079365079,0.0101047084171746,0.0794451450189155,0.0079365079365079,10,9,0,3,14,17.611,7.536621903589963,0.3017941910049079,1.433441862205756
263,263,263,263,"(91, 88)",0.013951816142245,0.0689938398357289,0.0059523809523809,0.0080551376169602,0.0777897823738231,0.0059523809523809,14,6,0,16,16,19.68542,8.059707880798245,0.3602864269048194,10.719883237902772
264,264,264,264,"(87, 96)",0.009110661052581,0.0689560815433027,0.0059523809523809,0.0048434741901434,0.08047261695673,0.0059523809523809,7,1,0,1,222,13.0964,5.3358300786474775,0.2090272749215544,2.28273642453501
265,265,265,265,"(86, 87)",0.0115548583029412,0.0704697986577181,0.0099206349206349,0.0049873998264147,0.0794701986754966,0.0079365079365079,8,6,0,2,13,17.53692,7.415601091434381,0.3071043527234693,1.056547284907002
266,266,266,266,"(87, 86)",0.0013189382225167,0.0689372178908494,0.0079365079365079,0.0010203142712025,0.0778859527121001,0.0059523809523809,1,8,0,0,13,13.08852,5.417473650419988,0.2009815753479765,0.6265109838703641
267,267,267,267,"(84, 85)",0.0035169744946796,0.0734586794927853,0.0079365079365079,0.0031864964762653,0.0810028929604628,0.0059523809523809,12,12,0,0,13,22.1346,9.319137552832917,0.4051814305253842,1.780098050222671
268,268,268,268,"(85, 84)",0.0075719342298439,0.0748440748440748,0.0099206349206349,0.0098048537504542,0.0825552825552825,0.0079365079365079,13,6,0,1,13,24.87844,10.014338451661228,0.5809799662080618,2.512256277833913
269,269,269,269,"(7, 88)",0.0354476828986911,0.0586251017796905,0.0039682539682539,0.018250332833019,0.0744240992321323,0.0039682539682539,6,6,0,21,532,21.38236,6.396340484725269,0.3763778260519752,35.142509636615394
270,270,270,270,"(88, 89)",0.0513875706115126,0.0659513216435488,0.0079365079365079,0.0319170814329676,0.0782973434829889,0.0079365079365079,17,15,0,24,26,41.13484,14.38317907014071,3.783892509453697,24.315706747501963
271,271,271,271,"(90, 91)",0.0541869231166675,0.0687772925764192,0.0079365079365079,0.0783900382483824,0.0808729139922978,0.0079365079365079,8,8,0,0,28,21.76936,8.59461773045851,0.4001126397940301,2.654578795703753
272,272,272,272,"(91, 5)",0.0549439626837043,0.0690127344926742,0.0079365079365079,0.0821722979861313,0.0798605609253684,0.0079365079365079,11,10,0,1,534,19.6803,8.129474078433471,0.3568267760881808,1.911455409602934
273,273,273,273,"(99, 98)",0.0356730202930612,0.0734586794927853,0.0079365079365079,0.0468612641243069,0.0891562002476561,0.0079365079365079,7,4,0,0,28,10.913,5.042266331389439,0.1721779708745675,0.474944799970061
274,274,274,274,"(98, 85)",0.0319599435006035,0.0765841057590032,0.0079365079365079,0.0371086882072873,0.0876826722338204,0.0079365079365079,8,8,0,2,220,14.58756,7.433952169493339,0.2376699654034918,0.9665805920437108
275,275,275,275,"(89, 92)",0.0454779226790019,0.0619240692959823,0.0039682539682539,0.0312275404018474,0.0792826805096743,0.0039682539682539,7,8,1,56,268,20.47888,7.376330854421914,0.3580336310242175,110.33164926462332
276,276,276,276,"(92, 93)",0.0726573912192342,0.0687772925764192,0.0079365079365079,0.0520269430765419,0.0818979525511862,0.0079365079365079,19,20,3,23,26,43.51762,17.44074688352683,30.72974495132352,24.97563713932862
277,277,277,277,"(94, 95)",0.0622418172022719,0.071136203246295,0.0079365079365079,0.082208615030311,0.0859774820880245,0.0079365079365079,5,7,0,0,36,18.3171,7.776041945321277,0.3242416928151903,1.377306238538977
278,278,278,278,"(95, 90)",0.064509729005827,0.0718870346598202,0.0079365079365079,0.0854094906731171,0.0848056537102473,0.0079365079365079,12,9,0,3,262,22.96658,10.152800813225616,0.4516051170649288,3.4657759814378206
279,279,279,279,"(93, 94)",0.009732797470656,0.0643760378081491,0.0059523809523809,0.0076203402086018,0.0842950326141495,0.0059523809523809,6,10,0,0,14,21.76082,8.415066074581349,0.3984230428835787,1.0008981699786683
280,280,280,280,"(94, 97)",0.0214114008706958,0.071136203246295,0.0079365079365079,0.018607754644797,0.0874089490114464,0.0079365079365079,4,10,0,1,196,18.27118,7.765823123428388,0.3168396492074986,0.8835747165151004
281,281,281,281,"(97, 99)",0.0118262373744748,0.0664732260617251,0.0059523809523809,0.0146412317978331,0.0873332178132039,0.0059523809523809,6,5,0,0,54,9.16006,3.903215451286715,0.1385469466570118,0.3062011152277235
282,282,282,282,"(99, 101)",0.031313940057691,0.0734372723298849,0.0079365079365079,0.030155244082663,0.0899518115295377,0.0079365079365079,5,4,0,0,108,10.90554,5.066395591461131,0.1765226486442996,0.5728079038958123
283,283,283,283,"(100, 98)",0.0126474993575959,0.0704500978473581,0.0079365079365079,0.0098617785915284,0.0845779493203557,0.0079365079365079,11,8,0,1,104,18.16902,8.643946284307956,0.3134604553865958,1.337711911979342
284,284,284,284,"(98, 96)",0.0163605761500536,0.0766306826820738,0.0059523809523809,0.0146792522428792,0.0862127950735545,0.0059523809523809,5,2,0,0,56,14.49038,6.814616660424804,0.2400836752755652,1.3192994274166383
285,285,285,285,"(96, 95)",0.027459308773211,0.072,0.0079365079365079,0.0192755254809237,0.0842809364548494,0.0079365079365079,17,10,1,88,170,27.64408,12.195869669894602,0.8854292380722504,47.88417349650088
286,286,286,286,"(95, 92)",0.0251913969696559,0.0718870346598202,0.0059523809523809,0.0158845593982188,0.0822588542516729,0.0059523809523809,13,5,1,21,22,22.9531,10.212294687282649,0.4324563520798133,19.819392986789417
287,287,287,287,"(101, 102)",0.0242449522688557,0.0765841057590032,0.0059523809523809,0.0227414701684706,0.0878661087866108,0.0059523809523809,7,4,0,1,26,14.5508,6.934353432133112,0.2396009333011505,0.9784064967628456
288,288,288,288,"(103, 100)",0.0074806452291541,0.070716991721622,0.0059523809523809,0.0033314314492985,0.0836931252075722,0.0059523809523809,7,2,0,0,28,14.22344,7.189021454175807,0.2249577600772387,0.7733243516335466
289,289,289,289,"(100, 101)",0.0305993028976556,0.0704500978473581,0.0079365079365079,0.0140464469710384,0.0853803150940199,0.0079365079365079,4,7,0,1,28,18.20278,8.636830560162645,0.315954622254405,1.2278732083380113
290,290,290,290,"(101, 104)",0.037668290686491,0.0766073871409028,0.0059523809523809,0.0171630614545939,0.0884520884520884,0.0059523809523809,11,5,0,1,22,14.51184,9.714782515649244,0.2371067664333414,1.184162269376146
291,291,291,291,"(104, 105)",0.1073032808554204,0.0760639903410805,0.0079365079365079,0.0748670441852083,0.0922401171303074,0.0079365079365079,10,16,0,0,16,28.40818,13.644641806216896,1.502614852361413,5.709105198158752
292,292,292,292,"(106, 107)",0.0076584145918141,0.0718870346598202,0.0079365079365079,0.009779457299351,0.0866277071158473,0.0079365079365079,4,8,0,1,16,12.6917,6.192285056979295,0.2034757422157856,0.7120616743385353
293,293,293,293,"(107, 102)",0.0108196061724888,0.074074074074074,0.0059523809523809,0.0129382264772327,0.0854092526690391,0.0059523809523809,14,5,0,2,22,13.8341,7.776523460489005,0.2334057446294955,1.0353280191609595
294,294,294,294,"(102, 103)",0.037052630011921,0.0760639903410805,0.0079365079365079,0.0321603798832034,0.0872878420505715,0.0079365079365079,9,12,0,7,24,28.3659,14.50104328286341,1.2619679781156972,6.424834399910183
295,295,295,295,"(105, 106)",0.0083447327897294,0.070716991721622,0.0059523809523809,0.0125143782506838,0.088560885608856,0.0059523809523809,4,3,1,0,13,14.24156,6.743298913915789,0.2372676804248129,0.7640432618539725
296,296,296,296,"(106, 109)",0.0456189316201571,0.0719280719280719,0.0079365079365079,0.0622534578833873,0.0877895836962201,0.0079365079365079,6,3,1,0,68,12.65908,6.141351452570756,0.2033952852200498,0.6842932524980353
297,297,297,297,"(108, 107)",0.0708081101790275,0.0712770470937632,0.0079365079365079,0.0559016399784524,0.0883280757097791,0.0079365079365079,11,10,2,1,68,15.04898,9.23535391364828,0.2552095904738917,1.18113094569814
298,298,298,298,"(107, 104)",0.0676469185983528,0.0740523067881281,0.0059523809523809,0.0496030920514707,0.0889516413695728,0.0059523809523809,9,13,0,0,14,13.85196,9.488256380075972,0.2261646150132754,1.1723737884061225
299,299,299,299,"(105, 138)",0.0969704764951144,0.0707368421052631,0.0059523809523809,0.0709648547624313,0.0932642487046632,0.0059523809523809,5,9,0,0,138,14.20452,6.872291477181531,0.2337275726124386,0.7594775644624079
300,300,300,300,"(138, 140)",0.0663621659379257,0.0718870346598202,0.0079365079365079,0.0560137757915661,0.0924092409240924,0.0079365079365079,6,13,0,2,54,12.6602,5.834358782301642,0.1986483224716389,0.6700348040866734
301,301,301,301,"(141, 139)",0.060122229692872,0.0739436619718309,0.0079365079365079,0.0703161328708662,0.0920379839298758,0.0079365079365079,6,12,0,16,52,22.34304,9.700123053876196,0.6671494086410813,3.0151940421391417
302,302,302,302,"(139, 106)",0.0449326134222418,0.0689183645562696,0.0059523809523809,0.0596838111193681,0.0901771336553945,0.0059523809523809,10,7,0,2,136,11.16988,4.860253597988336,0.1768444766272427,0.5946259496276337
303,303,303,303,"(97, 142)",0.0075970919256444,0.0664381755866069,0.0059523809523809,0.0076292150420876,0.0869415214766258,0.0059523809523809,4,2,1,1,180,9.10584,3.872772992349259,0.1347654678574302,0.3033194865461622
304,304,304,304,"(143, 99)",0.0551607229762773,0.0773955773955774,0.0079365079365079,0.0638392276315223,0.0917698470502549,0.0079365079365079,5,7,0,1,178,12.6655,6.175111015997004,0.2041998551774076,0.6707458553197859
305,305,305,305,"(142, 144)",0.0245373144004389,0.0733731256369194,0.0079365079365079,0.0195728044692581,0.0887323943661971,0.0079365079365079,2,2,0,0,56,10.90164,5.0485260285699,0.1745112237509051,0.4593390965906964
306,306,306,306,"(145, 143)",0.0579593165587391,0.0736088798013728,0.0079365079365079,0.0612213637226504,0.0920211794778163,0.0079365079365079,4,2,0,0,54,12.62958,6.504627895778717,0.2133719526912865,0.6760974514426855
307,307,307,307,"(144, 150)",0.025463064281345,0.0728955741972808,0.0079365079365079,0.0256483522202303,0.0890302066772655,0.0079365079365079,9,9,0,1,306,14.77284,7.129046064951046,0.2512671976828385,0.789491411249579
308,308,308,308,"(150, 152)",0.015292639989104,0.0679978413383702,0.0039682539682539,0.0178157030522007,0.086881572142734,0.0039682539682539,2,10,0,0,66,7.39776,3.5401530148199667,0.1072491753157937,0.2812768983196737
309,309,309,309,"(153, 151)",0.075972967702971,0.0761674474837539,0.0079365079365079,0.0608817025018127,0.0919540229885057,0.0079365079365079,6,4,0,0,66,13.52648,8.297041356802739,0.229221980851235,1.0534036899816623
310,310,310,310,"(151, 145)",0.0670574944501587,0.0730223123732251,0.0079365079365079,0.059436921874273,0.0923415170392085,0.0079365079365079,3,8,0,2,314,10.44356,5.961906800064202,0.1653391262370263,0.5718723101680326
311,311,311,311,"(93, 146)",0.0609365221780018,0.0644089456869009,0.0039682539682539,0.0494086024779056,0.0825958702064896,0.0039682539682539,4,8,0,3,309,21.73684,8.7053662190359,0.3839407836511385,1.069870139590584
312,312,312,312,"(146, 148)",0.0886875769478959,0.071136203246295,0.0079365079365079,0.093664912664458,0.0851782998140949,0.0079365079365079,19,17,0,4,87,36.54744,15.82601251939436,1.6933783892509453,14.169043074735226
313,313,313,313,"(149, 147)",0.0700151774367197,0.0704008939796061,0.0079365079365079,0.077763768626104,0.0881272949816401,0.0079365079365079,12,8,0,1,84,18.71928,9.132202664383929,0.333816075307748,1.243740877961154
314,314,314,314,"(147, 94)",0.0739204206023117,0.0728744939271255,0.0079365079365079,0.0859695294005286,0.0886231756637946,0.0079365079365079,4,12,0,1,300,14.82462,7.099245626237226,0.2486121168235578,0.7691328917330938
315,315,315,315,"(143, 142)",0.0466084488397041,0.0773718145532698,0.0079365079365079,0.0418607576023272,0.0918367346938775,0.0079365079365079,8,7,0,1,48,12.63228,6.174254989032154,0.2110386998149489,0.6640095804797724
316,316,316,316,"(142, 147)",0.0296682263649095,0.0733731256369194,0.0079365079365079,0.0353510067676705,0.0892193308550185,0.0079365079365079,6,4,0,0,462,10.89338,4.997003905623028,0.1857752031539142,0.4703791025784963
317,317,317,317,"(147, 146)",0.0257629831993175,0.0728744939271255,0.0059523809523809,0.0313554509791249,0.086021505376344,0.0059523809523809,7,5,0,0,27,14.7878,7.090524851532823,0.2625311770858476,0.832566146476554
318,318,318,318,"(148, 149)",0.0096410827050796,0.0664381755866069,0.0059523809523809,0.0162642751009814,0.0871670702179176,0.0059523809523809,6,7,0,0,27,18.24292,7.947889358514793,0.3107249175315794,0.8807679353317616
319,319,319,319,"(139, 138)",0.0132015447000536,0.068880688806888,0.0059523809523809,0.017031352174882,0.0915365056302215,0.0059523809523809,4,2,0,1,39,11.15758,4.8620726552886415,0.1728216268404537,0.5843718423711688
320,320,320,320,"(138, 143)",0.0438098552572423,0.0719075474390069,0.0079365079365079,0.0418252039305895,0.0922907892327412,0.0079365079365079,6,6,0,0,162,12.71976,5.851586324969237,0.2156247485718883,0.6813742000673627
321,321,321,321,"(149, 144)",0.0417968303352426,0.0704304080491894,0.0079365079365079,0.0393300970343787,0.0902740462117141,0.0079365079365079,15,10,0,0,447,18.66722,9.185704349687017,0.3418617748813259,1.259571123835186
322,322,322,322,"(144, 145)",0.0408710804543365,0.0728744939271255,0.0079365079365079,0.0398877961523641,0.0923415170392085,0.0079365079365079,5,4,0,1,45,14.84018,7.138836873361511,0.2493362297851798,0.7730623853897683
323,323,323,323,"(145, 140)",0.049969258345756,0.0736303871439006,0.0079365079365079,0.0460146325519182,0.0930404282813365,0.0079365079365079,10,4,0,0,162,12.6511,6.545342678294366,0.2134524096870222,0.6786796901313573
324,324,324,324,"(140, 141)",0.0456633480620222,0.0773718145532698,0.0059523809523809,0.041195724667013,0.0913871260199456,0.0059523809523809,10,6,0,0,39,12.6668,6.23813600128404,0.2041193981816719,0.7211556453725534
325,325,325,325,"(140, 293)",0.0706680762216595,0.0773955773955774,0.0079365079365079,0.0675353223446639,0.093143596377749,0.0079365079365079,5,7,0,0,342,12.66992,6.176395056444278,0.1988092364631104,0.6781183338946896
326,326,326,326,"(293, 154)",0.0599610097267013,0.0761329305135951,0.0079365079365079,0.0620728260537509,0.0911392405063291,0.0079365079365079,3,9,1,0,60,11.55238,6.061901449895672,0.1910853648724756,0.6328355974701546
327,327,327,327,"(155, 298)",0.0112588846110393,0.0728534258456201,0.0059523809523809,0.0117930974535246,0.0834437086092715,0.0059523809523809,14,18,0,33,42,11.4774,24.572040019260605,0.1901198809236463,18.931102877886307
328,328,328,328,"(294, 141)",0.0124708100602732,0.0712468193384223,0.0059523809523809,0.0233569025218263,0.0895363297210872,0.0059523809523809,4,4,1,0,334,9.71208,3.5198758760900968,0.1565693137018263,0.6877736611653755
329,329,329,329,"(150, 151)",0.0081823527216644,0.0679886685552408,0.0059523809523809,0.0091828662715399,0.0902417188898836,0.0059523809523809,3,4,0,0,32,7.38302,3.57348456476379,0.1152144178936358,0.2792185921185584
330,330,330,330,"(151, 293)",0.0170978259744767,0.0730011587485515,0.0079365079365079,0.0146583685895332,0.0902578796561604,0.0079365079365079,6,2,0,0,112,10.4558,5.943448718634637,0.1691206050366079,0.5703753602035851
331,331,331,331,"(293, 295)",0.0278048924694349,0.0761674474837539,0.0079365079365079,0.0208905585178955,0.0896956753870795,0.0079365079365079,8,3,0,0,24,11.53156,6.185062329463378,0.186579773111272,0.6385988548332772
332,332,332,332,"(295, 296)",0.0209256464038781,0.0708561788274989,0.0039682539682539,0.0122039952857685,0.0864939076711858,0.0039682539682539,3,2,0,0,7,5.79248,3.0250387887218446,0.0876176683562635,0.8715616930504098
333,333,333,333,"(294, 296)",0.0102296087421051,0.0712770470937632,0.0059523809523809,0.0205675301745373,0.0872878420505715,0.0059523809523809,5,3,0,0,12,9.71308,3.4830667166015727,0.1579370826293346,2.890310991355114
334,334,334,334,"(298, 296)",0.0112588846110393,0.067942841736317,0.0039682539682539,0.0081539032679549,0.0831134564643799,0.0039682539682539,8,10,0,8,10,11.49136,9.19549515809748,0.1876257140558371,6.743722166086599
335,335,335,335,"(295, 294)",0.0048911744949802,0.0708362614195362,0.0059523809523809,0.0116331948782546,0.0892193308550185,0.0059523809523809,2,3,0,0,8,5.7727,3.0341875769086726,0.0822270496419663,0.2426930129860409
336,336,336,336,"(154, 153)",0.0598842049880349,0.0785046728971962,0.0079365079365079,0.047944973261653,0.0915198837842745,0.0079365079365079,8,6,0,0,102,11.52168,7.758814402653684,0.1943036447019068,0.793720294899143
337,337,337,337,"(153, 152)",0.0242672503766653,0.0761904761904762,0.0059523809523809,0.0215204137393722,0.0885142255005268,0.0059523809523809,5,7,0,0,32,13.54992,8.358996308383714,0.2188430284013195,1.03061262677295
338,338,338,338,"(155, 154)",0.0663899695827657,0.0728639583634523,0.0079365079365079,0.0597278640590685,0.0888732146005995,0.0079365079365079,6,10,0,0,26,11.51208,9.387780215076775,0.1798213854694665,0.994124471389544
339,339,339,339,"(155, 161)",0.0139153629637391,0.0728428963723081,0.0079365079365079,0.0142297311173819,0.0841542828518951,0.0079365079365079,13,12,1,0,140,11.51598,13.003370606174094,0.1816718963713895,1.0091313947831293
340,340,340,340,"(160, 155)",0.0507072455666605,0.0710359408033826,0.0099206349206349,0.0501455081480561,0.0866277071158473,0.0099206349206349,13,18,0,5,140,18.61496,14.856240971590603,0.3527234693056561,3.827551364095655
341,341,341,341,"(154, 180)",0.066466774321432,0.0785291368027422,0.0079365079365079,0.0668240203188853,0.0911887099692419,0.0079365079365079,8,10,0,1,150,11.44726,9.439944358247285,0.2014643173223911,0.8030762321769395
342,342,342,342,"(180, 181)",0.0476344537051722,0.0770053475935828,0.0079365079365079,0.043794554790626,0.0880349344978165,0.0079365079365079,16,15,0,0,16,13.6298,14.175699534535338,0.2558532464397779,2.1369334979978296
343,343,343,343,"(182, 183)",0.0502338956270777,0.0715502555366269,0.0079365079365079,0.0345669232820136,0.0842386762493732,0.0079365079365079,15,10,0,9,16,16.16774,12.400139104381788,0.2917370665379354,1.841660117510572
344,344,344,344,"(183, 155)",0.0428450431614601,0.0714488233626311,0.0099206349206349,0.0400436807952704,0.086094977792962,0.0099206349206349,9,14,1,13,152,15.85286,13.354716173559469,0.275484753399308,2.686538677444706
345,345,345,345,"(152, 184)",0.0415479619363459,0.0730646564221513,0.0079365079365079,0.0525002765359606,0.0879888268156424,0.0079365079365079,16,8,0,8,152,20.89306,12.200470814830668,0.5887842947944324,3.415815276374387
346,346,346,346,"(184, 185)",0.0488463963009547,0.0717437722419928,0.0079365079365079,0.0759907322017173,0.0851063829787234,0.0079365079365079,11,9,0,2,16,18.15066,10.539564496281631,0.3444363987448708,2.8132929156842934
347,347,347,347,"(186, 187)",0.0328712795237177,0.0672987047669915,0.0079365079365079,0.0264367895711474,0.0877742946708464,0.0079365079365079,6,5,0,0,18,17.29092,6.781766625648708,0.3148282243141041,1.3632723326222822
348,348,348,348,"(187, 153)",0.0403560130916014,0.0749888409462877,0.0079365079365079,0.0359808578868883,0.0899839314408141,0.0079365079365079,6,8,0,7,154,15.50932,8.8804237333476,0.2728296725400274,1.3492758504546984
349,349,349,349,"(185, 186)",0.0423366797201172,0.0703517587939698,0.0079365079365079,0.0448693206917502,0.0859188544152744,0.0079365079365079,6,6,0,2,17,18.48704,9.438071799261676,0.3474937645828305,2.0510085700385465
350,350,350,350,"(186, 181)",0.0305326317023988,0.0672987047669915,0.0079365079365079,0.0323718798553982,0.0838881491344873,0.0079365079365079,17,18,1,0,29,17.2953,13.743512920657,0.3134604553865958,2.276935743422776
351,351,351,351,"(181, 182)",0.0538750647121779,0.0749665327978581,0.0079365079365079,0.0536989255445365,0.0855687606112054,0.0079365079365079,14,15,0,13,15,15.4923,13.098871114440104,0.277335264301231,2.910594663373377
352,352,352,352,"(183, 180)",0.0573981627024147,0.0714488233626311,0.0079365079365079,0.0321902157524976,0.0866128200721773,0.0079365079365079,11,15,0,2,15,15.81956,12.414263549301802,0.286426904819374,2.238277010590921
353,353,353,353,"(180, 187)",0.0762304833186746,0.077028885832187,0.0079365079365079,0.0508859652598005,0.090354965937612,0.0079365079365079,12,10,0,0,32,13.68034,10.938901075383876,0.2350148845442111,1.3068373189626137
354,354,354,354,"(187, 184)",0.0687457497507909,0.0749665327978581,0.0079365079365079,0.0570160448039639,0.0885764499121265,0.0079365079365079,9,10,1,0,16,15.45014,8.956449628163288,0.2808753721136053,1.353953819093597
355,355,355,355,"(148, 196)",0.0770584226722397,0.0664819944598338,0.0039682539682539,0.0893393435895684,0.0835405271009448,0.0039682539682539,8,4,0,2,496,18.26508,8.099887646460864,0.3128167994207096,0.9073013734515925
356,356,356,356,"(196, 197)",0.1063563877164415,0.0711261642675698,0.0079365079365079,0.1035586079950526,0.0828130134735458,0.0079365079365079,16,12,1,0,22,28.30054,13.470440318870043,0.7394802478075468,3.514202312787695
357,357,357,357,"(197, 274)",0.074109969810765,0.0664732260617251,0.0039682539682539,0.0901399240092825,0.0782122905027933,0.0039682539682539,28,12,0,0,116,14.0928,12.235942432186611,0.2268887279748974,0.839003031323678
358,358,358,358,"(274, 275)",0.0798690660271177,0.0655993752440453,0.0079365079365079,0.0921139562049493,0.0742049469964664,0.0079365079365079,16,15,0,7,16,29.63556,13.976031244984217,0.8810041033067825,4.785299951349126
359,359,359,359,"(275, 278)",0.0648244133085088,0.0616740088105726,0.0039682539682539,0.0829971940292451,0.0705190989226248,0.0039682539682539,10,11,0,0,68,14.83314,6.98475201968862,0.2537613645506477,0.7286029714456794
360,360,360,360,"(277, 276)",0.0792911747203852,0.0401913875598086,0.0039682539682539,0.0535579253634946,0.0708960472640315,0.0039682539682539,36,8,0,11,68,16.29406,11.72548285270986,0.2978517982138547,1.9020994723251372
361,361,361,361,"(276, 273)",0.0943358274389942,0.0605114659623004,0.0079365079365079,0.0635074737947884,0.0747552654998516,0.0079365079365079,16,16,0,16,16,31.15162,13.603499010218822,1.8126156569313705,6.595898357097414
362,362,362,362,"(273, 200)",0.0885767312226415,0.0571104815864022,0.0059523809523809,0.0638494152558893,0.078823897403816,0.0059523809523809,7,4,0,0,46,15.61592,6.793108982932963,0.2714619036125191,0.8067437595898357
363,363,363,363,"(200, 198)",0.0617189718829877,0.0540714515609913,0.0059523809523809,0.0364229424265624,0.0813034360380706,0.0059523809523809,1,2,0,0,78,7.79984,3.4089668824567974,0.1157776168637863,0.2828112720332323
364,364,364,364,"(198, 201)",0.0680335031543258,0.0649149922720247,0.0079365079365079,0.0410142216883435,0.0836514522821576,0.0079365079365079,2,4,0,0,18,10.94018,4.796212080680541,0.1745112237509051,0.4443321731971109
365,365,365,365,"(201, 195)",0.0675537663070797,0.0680621201890614,0.0059523809523809,0.044475670000069,0.0865236051502146,0.0059523809523809,6,4,0,1,14,10.0647,5.083248622331603,0.1565693137018263,0.4606489278095879
366,366,366,366,"(200, 199)",0.0248696877690771,0.0541004723057106,0.0039682539682539,0.0310735183453858,0.0790216368767638,0.0039682539682539,1,2,0,0,80,7.81986,3.414103044245894,0.1165821868211441,0.2873769694247969
367,367,367,367,"(197, 198)",0.0302583463351001,0.066429418742586,0.0059523809523809,0.0134803287823388,0.0820846905537459,0.0059523809523809,9,9,0,3,9,14.15398,6.001872558985608,0.2307506637702148,0.6403951947906141
368,368,368,368,"(198, 199)",0.023943815063762,0.0649651972157772,0.0059523809523809,0.0149391795149476,0.0810419681620839,0.0059523809523809,6,5,0,2,11,10.9527,4.674816756727837,0.1785340735376941,0.4404775270386587
369,369,369,369,"(199, 185)",0.0508015744034157,0.061787421846267,0.0079365079365079,0.0513916428958145,0.0830176247735134,0.0079365079365079,9,7,0,1,81,18.79656,8.518110320475095,0.357148604071124,1.6043935481456533
370,370,370,370,"(184, 194)",0.0614473153861822,0.0717744232412418,0.0079365079365079,0.0604730922451219,0.0874241110147441,0.0079365079365079,10,6,0,2,85,18.18958,10.809159488523887,0.33454018826937,1.9019123535795817
371,371,371,371,"(194, 195)",0.0326290871892263,0.0670212765957446,0.0039682539682539,0.0453121797137517,0.0871519972332699,0.0039682539682539,5,4,0,0,14,9.08484,5.424214862768177,0.1367768927508247,0.4741589012387261
372,372,372,372,"(194, 201)",0.0268301566263792,0.067030190184865,0.0059523809523809,0.0150263124119205,0.085264760615801,0.0059523809523809,3,5,0,0,10,9.1366,5.315713444973516,0.1381446616783329,0.4772276486658433
373,373,373,373,"(201, 196)",0.0273098934736253,0.0680253745444729,0.0059523809523809,0.0127238819159962,0.0815402038505096,0.0059523809523809,1,6,0,0,9,10.01336,4.904071478251565,0.1535119478638667,0.4683956438756034
374,374,374,374,"(195, 149)",0.1021709250668826,0.0665083135391924,0.0079365079365079,0.0926790523892455,0.0897276126045932,0.0079365079365079,11,8,0,1,486,19.15218,10.469423786849283,0.399388526832408,1.8141910856629615
375,375,375,375,"(275, 276)",0.0130565811480324,0.0615835777126099,0.0039682539682539,0.0033752887817736,0.0717335610589239,0.0039682539682539,10,6,0,8,10,14.84036,7.606388101225188,0.238313621369378,1.119344335915572
376,376,376,376,"(273, 274)",0.0037710246457761,0.0570781426953567,0.0039682539682539,0.0033752887817736,0.0717335610589239,0.0039682539682539,12,7,1,1,12,15.53162,8.698678508373014,0.2709791616381044,0.9767598518019536
377,377,377,377,"(185, 188)",0.0573112909842531,0.0704107292539815,0.0079365079365079,0.0844120057838767,0.0813428018076178,0.0079365079365079,241,195,1,237,252,18.47368,232.4656251671928,0.3328505913589186,241.4871449421803
378,378,378,378,"(193, 186)",0.0210672315059994,0.0667992047713717,0.0059523809523809,0.0078548546146545,0.0838741887169246,0.0059523809523809,4,2,0,0,224,16.16518,4.006794714033492,0.2824040550325851,0.9900827064855358
379,379,379,379,"(181, 192)",0.0242920206953932,0.0749665327978581,0.0059523809523809,0.0171825426441324,0.0840420210105052,0.0059523809523809,216,216,0,213,216,15.47844,215.41297950885453,0.2823235980368493,208.2396242655589
380,380,380,380,"(191, 182)",0.0506395072303543,0.0576923076923076,0.0059523809523809,0.0407890770555673,0.0805369127516778,0.0059523809523809,21,10,0,1,226,16.81682,12.52565405810283,0.3001850510901923,1.2926537180494742
381,381,381,381,"(193, 188)",0.0194184101738773,0.0668169163462813,0.0059523809523809,0.0147024022143275,0.0776220545202525,0.0059523809523809,24,24,0,7,24,16.19652,23.707399283077415,0.2721860165741411,11.498147524418997
382,382,382,382,"(188, 189)",0.0104028606140932,0.0673526660430308,0.0059523809523809,0.0078142807209676,0.0774074642911995,0.0059523809523809,32,32,2,24,32,17.33532,31.97255363543952,0.3202993000241371,30.808016167059616
383,383,383,383,"(189, 190)",0.012548715642652,0.0647149460708782,0.0059523809523809,0.0080205506227919,0.0755395683453237,0.0059523809523809,14,14,1,13,14,25.54382,13.888609491198972,0.6690803765387401,12.903259608547584
384,384,384,384,"(190, 191)",0.0688211997854145,0.0611576265016381,0.0079365079365079,0.0396651056551788,0.0772650620879963,0.0079365079365079,15,18,0,18,18,33.67342,17.434433684661066,11.370021723388849,15.026645709367164
385,385,385,385,"(191, 192)",0.0161936209844836,0.0576659038901601,0.0039682539682539,0.0023083364524737,0.0772413793103448,0.0039682539682539,20,20,0,1,20,16.89308,19.9497619175004,0.3014723630219648,10.663859885483328
386,386,386,386,"(192, 193)",0.0424737132504533,0.0715502555366269,0.0079365079365079,0.0203408761245961,0.0809638554216867,0.0079365079365079,8,8,0,8,8,32.31408,7.976405756781339,2.471558452007402,6.977134089293066
387,387,387,387,"(188, 270)",0.0663268405440372,0.0673886883273164,0.0059523809523809,0.0844970073449307,0.0762942779291553,0.0059523809523809,114,114,0,114,114,17.32472,113.93435343213312,0.3095985195912785,112.74349762359194
388,388,388,388,"(272, 299)",0.0564302676007447,0.05614347777654,0.0059523809523809,0.0279871892109224,0.0700876095118898,0.0059523809523809,4,4,0,2,76,16.37508,8.265742870900434,0.2912543245635208,0.9529583473672392
389,389,389,389,"(299, 189)",0.0001577834579822,0.0532150776053215,0.0039682539682539,0.0012397112302866,0.0710659898477157,0.0039682539682539,15,18,0,0,18,8.16524,17.023968755015783,0.1233405744629495,1.9582350959919164
390,390,390,390,"(299, 190)",0.0542844125721859,0.0532094594594594,0.0039682539682539,0.0293369573842305,0.0728218465539661,0.0039682539682539,6,20,0,1,30,8.20666,12.285377989406664,0.1231796604714779,0.7514688821526141
391,391,391,391,"(270, 269)",0.0697142541575939,0.0649484536082474,0.0079365079365079,0.0817740472021315,0.0717948717948717,0.0079365079365079,8,8,0,6,8,33.69632,7.939061580439784,5.408801995333494,6.9138131057969385
392,392,392,392,"(269, 268)",0.0542652813279054,0.0610391183238464,0.0039682539682539,0.0646551355229072,0.0681910431606007,0.0039682539682539,1,7,0,0,20,16.81724,4.252420951259965,0.2972885992437042,4.852550428501927
393,393,393,393,"(268, 266)",0.0578686610495754,0.0594199481254421,0.0079365079365079,0.0628111859198337,0.0650322580645161,0.0079365079365079,10,12,1,0,18,32.71166,11.901717404098228,3.503097594335828,12.530818457393062
394,394,394,394,"(266, 263)",0.0459185364006436,0.0561309722686267,0.0039682539682539,0.0495660765589985,0.0621838371375694,0.0039682539682539,11,11,1,2,64,16.39118,21.051094109464447,0.299541395124306,5.728004191459901
395,395,395,395,"(263, 264)",0.0496599766480481,0.0548900021781746,0.0079365079365079,0.0477383136851858,0.0596308566019876,0.0079365079365079,11,11,0,7,12,31.8046,11.221282970413569,2.8562233486201625,7.623292541446802
396,396,396,396,"(264, 259)",0.0378341064722773,0.0520714949891517,0.0039682539682539,0.0364212343858596,0.0572792362768496,0.0039682539682539,13,18,0,0,34,15.92888,12.293777753999253,0.2851395928876016,2.8668088769132893
397,397,397,397,"(259, 260)",0.0416998011928428,0.0511467424396184,0.0079365079365079,0.0345934055203583,0.0551543007222587,0.0079365079365079,9,9,1,2,12,30.86682,10.764218072869296,1.5501649368412584,6.477003106171177
398,398,398,398,"(260, 255)",0.0299607119189624,0.0486909477345184,0.0039682539682539,0.0245324620226891,0.0531813865147198,0.0039682539682539,33,41,1,0,50,15.43606,32.71975817238243,0.2696113927105962,2.4524157030051272
399,399,399,399,"(255, 256)",0.0339131875414181,0.0479269684290604,0.0079365079365079,0.0227607216086932,0.0513866231647634,0.0079365079365079,9,10,0,3,10,29.9033,9.790861912150232,2.0854453294713977,5.022304554470267
400,400,400,400,"(256, 251)",0.0236059831487267,0.0457640969763007,0.0039682539682539,0.0136237757474656,0.0497286630488406,0.0039682539682539,20,18,0,1,24,14.95676,16.332084960676262,0.2677608818086732,1.474720257475394
401,401,401,401,"(251, 252)",0.0289903436523715,0.0451127819548872,0.0079365079365079,0.013025585891066,0.0482296650717703,0.0079365079365079,12,12,0,4,12,28.91758,11.504788400834626,1.4246520234934428,4.682908573780922
402,402,402,402,"(252, 247)",0.0219334784941146,0.0431913617276544,0.0039682539682539,0.0071798089069983,0.0481467329002674,0.0039682539682539,7,6,0,1,48,14.50358,6.597453319779573,0.2413709872073376,1.2126043187006474
403,403,403,403,"(247, 248)",0.0321354939148179,0.0433660299432111,0.0079365079365079,0.0158137784423885,0.0493440375954572,0.0079365079365079,16,11,0,10,16,27.97468,11.630945374779303,0.9485879797248372,4.404625575390143
404,404,404,404,"(248, 289)",0.0283672304795565,0.0415944540727903,0.0059523809523809,0.0170254711385093,0.051255974778806,0.0059523809523809,5,2,0,3,16,13.99052,5.844524102509229,0.2359803684930404,0.7065229594700797
405,405,405,405,"(289, 290)",0.018967280970263,0.0399746192893401,0.0039682539682539,0.0168882448566756,0.0530191458026509,0.0039682539682539,3,5,0,1,18,7.04888,2.937296024824782,0.1086974012390377,0.3569477190224916
406,406,406,406,"(289, 291)",0.0074118779387169,0.0399619410085632,0.0059523809523809,0.0034554008736096,0.0518092105263157,0.0059523809523809,2,3,0,0,20,6.98012,2.917018886094912,0.1073296323115294,0.2634631937427491
407,407,407,407,"(246, 245)",0.0222389209715253,0.0442144047723484,0.0079365079365079,0.0174203393762751,0.0477906315190593,0.0079365079365079,12,10,0,5,12,27.09076,10.761007971751113,1.1062836913669645,3.5245312675423826
408,408,408,408,"(245, 250)",0.012036905550822,0.0423671822461331,0.0039682539682539,0.013313609745962,0.0469842453621702,0.0039682539682539,35,29,1,2,54,13.542,31.869402386175164,0.230670206774479,1.3788031885034242
409,409,409,409,"(250, 249)",0.0190937707090788,0.0433660299432111,0.0079365079365079,0.0154781875621547,0.0469011725293132,0.0079365079365079,12,12,0,1,12,28.0005,11.719811674067731,1.988253278622576,4.111747314846001
410,410,410,410,"(249, 254)",0.013709410205434,0.0415875897351266,0.0039682539682539,0.0152264430696105,0.0479543292102759,0.0039682539682539,20,17,0,0,20,13.99272,17.8145096570542,0.2394400193096789,1.4126342576999364
411,411,411,411,"(254, 253)",0.0240166145981255,0.0451127819548872,0.0079365079365079,0.019844424733894,0.0494845360824742,0.0079365079365079,10,9,0,4,10,28.97992,9.692258306136644,1.1066055193499076,4.421166872497286
412,412,412,412,"(253, 258)",0.0200641389756697,0.0431913617276544,0.0039682539682539,0.0198759014525852,0.0511363636363636,0.0039682539682539,7,13,0,3,46,14.47056,9.323524691027767,0.2412100732158661,1.7707421129448748
413,413,413,413,"(258, 257)",0.0318032282495503,0.0479269684290604,0.0079365079365079,0.0246796787714339,0.0529467381027418,0.0079365079365079,11,12,0,12,12,29.92538,10.451072708790328,1.258427870303323,5.559934134201565
414,414,414,414,"(257, 262)",0.0279375335289848,0.0457640969763007,0.0039682539682539,0.0240354391669689,0.0548900021781746,0.0039682539682539,3,6,0,11,36,14.96018,13.800492215504788,0.2578646713331724,2.405523745368811
415,415,415,415,"(262, 261)",0.0397634037047555,0.0511467424396184,0.0079365079365079,0.0290206533051596,0.057032929727283,0.0079365079365079,7,9,0,12,12,30.84418,10.935637472580389,1.760559980690321,6.431982335990419
416,416,416,416,"(261, 265)",0.0360219634573511,0.0486909477345184,0.0039682539682539,0.0273171501397889,0.059349976448422,0.0039682539682539,11,12,0,1,64,15.40974,12.022042694344872,0.2766916083353448,5.289697241869691
417,417,417,417,"(265, 267)",0.0479720881062829,0.0548900021781746,0.0079365079365079,0.0325182076676491,0.0619240692959823,0.0079365079365079,16,16,0,2,16,31.81698,14.549676314803916,4.93137018263738,10.328430822199769
418,418,418,418,"(267, 271)",0.0443687083846129,0.0520714949891517,0.0039682539682539,0.0291336859851398,0.0647648419429452,0.0039682539682539,15,15,0,12,16,15.87636,15.046171954416565,0.2750020114248934,5.0886194378952885
419,419,419,419,"(271, 272)",0.0598176812143015,0.0594199481254421,0.0079365079365079,0.0346850332757928,0.0679886685552408,0.0079365079365079,12,12,0,12,12,32.77988,11.69755497298165,3.080456995735779,9.224916732158228
420,420,420,420,"(291, 292)",0.0089581558269431,0.0440174672489082,0.0059523809523809,0.0044745526636786,0.0520016508460586,0.0059523809523809,3,4,0,1,18,10.001,4.157134449735167,0.1624426743905382,0.4475506156206729
421,421,421,421,"(292, 242)",0.0569391849958451,0.0502242152466367,0.0079365079365079,0.0656854144754391,0.053874933190807,0.0079365079365079,23,25,3,2,82,25.61088,15.991546733722112,0.6721377423766997,3.248381422850941
422,422,422,422,"(244, 246)",0.0184706575362639,0.0449197860962566,0.0039682539682539,0.0176586257701328,0.0488940628637951,0.0039682539682539,18,4,0,0,62,13.0255,11.240008560269647,0.2116823557808351,1.1313573593802626
423,423,423,423,"(243, 244)",0.0615093734644287,0.0469930069930069,0.0079365079365079,0.0319917042182791,0.0509142337609859,0.0079365079365079,14,13,1,1,46,26.1167,10.801134235728425,0.8519591278461662,3.653119269488417
424,424,424,424,"(244, 291)",0.0410506443575883,0.0448997772828507,0.0059523809523809,0.0094050841055792,0.0520984081041968,0.0059523809523809,3,4,0,0,34,13.02582,5.418062168958322,0.2215785662563359,0.6355675311552711
425,425,425,425,"(291, 290)",0.0395043664693621,0.0440366972477064,0.0059523809523809,0.0135267944368111,0.0535088650599851,0.0059523809523809,7,2,0,1,24,10.02226,4.171847413193516,0.1568911416847695,0.7293888701770144
426,426,426,426,"(287, 292)",0.0459929575983254,0.0502592740327084,0.0039682539682539,0.0653535683260456,0.0556291390728476,0.0039682539682539,8,8,0,2,182,15.58682,7.066288588090525,0.2685654517660311,0.8840238015044347
427,427,427,427,"(290, 288)",0.0604597190102017,0.0424599831508003,0.0059523809523809,0.0357250777665743,0.0554577464788732,0.0059523809523809,9,6,0,3,150,17.04936,7.752019688620192,0.3272990586531499,6.987350772800419
428,428,428,428,"(242, 243)",0.0238544592234949,0.0478405315614617,0.0039682539682539,0.0131446608875038,0.0518092105263157,0.0039682539682539,13,5,0,0,15,12.7909,7.890803060296399,0.2032343712285783,0.6418921447550615
429,429,429,429,"(285, 286)",0.0028598251759285,0.0475651189127972,0.0039682539682539,0.0022977287197,0.0557768924302788,0.0039682539682539,8,6,1,1,10,16.32956,6.939757102348724,0.291173867567785,1.2947120242505894
430,430,430,430,"(287, 288)",0.0216912808861119,0.0502292206497907,0.0039682539682539,0.0022977287197,0.0557768924302788,0.0039682539682539,5,5,0,0,9,15.58396,6.30763469049275,0.2615656931370183,1.5758018038247072
431,431,431,431,"(288, 285)",0.0841390714668903,0.049925705794948,0.0079365079365079,0.0431185798645401,0.0575079872204472,0.0079365079365079,13,15,4,8,20,32.63262,14.04387138194853,12.050124708343391,10.81385427192096
432,432,432,432,"(242, 241)",0.0310966542017734,0.0478587028772196,0.0039682539682539,0.0423775951343859,0.0517453798767967,0.0039682539682539,105,106,0,0,106,12.78844,105.13712481943182,0.2121650977552498,1.172860297144568
433,433,433,433,"(241, 240)",0.0344963946479851,0.046979865771812,0.0079365079365079,0.0403013310786979,0.0498467016121056,0.0079365079365079,8,8,0,0,8,26.1081,7.965919426461934,0.7309518062595542,2.7875453762957974
434,434,434,434,"(240, 239)",0.0230777748475135,0.0448997772828507,0.0039682539682539,0.026801274974121,0.0481835564053537,0.0039682539682539,16,16,0,1,16,13.03162,14.936814509657054,0.2177166304610185,1.2233449346955578
435,435,435,435,"(239, 238)",0.0273507199433782,0.0443349753694581,0.0079365079365079,0.024923507568477,0.0468096962942323,0.0079365079365079,6,6,0,5,6,26.58224,5.838050398587556,1.0889854372837715,2.634931327420381
436,436,436,436,"(234, 235)",0.0319209084119621,0.0428936170212765,0.0079365079365079,0.0234764776108294,0.0457516339869281,0.0079365079365079,6,6,0,2,6,27.08862,5.939971109089936,0.9999195430042642,2.85198907226526
437,437,437,437,"(235, 236)",0.0276479633160973,0.0411529354127541,0.0039682539682539,0.0200596602181626,0.0464473320431296,0.0039682539682539,13,14,0,2,14,13.54288,12.75945642287732,0.2276932979322552,1.302683282811272
438,438,438,438,"(236, 237)",0.0390665831165688,0.0443349753694581,0.0079365079365079,0.0237420457941714,0.0476370510396975,0.0079365079365079,6,6,1,2,6,26.64916,5.847894708683324,1.1343631828787513,2.60903409303544
439,439,439,439,"(237, 243)",0.0356668426703572,0.0424814565070802,0.0039682539682539,0.0199513758671497,0.0490940970192869,0.0039682539682539,2,1,0,2,110,13.3146,2.917072387780215,0.2254405020516534,0.7397552486808129
440,440,440,440,"(286, 287)",0.0696723100550139,0.0528689814329172,0.0079365079365079,0.0736097894123692,0.0575736806031528,0.0079365079365079,14,17,0,8,18,31.17384,14.04558343587823,1.2453133799983909,7.096628120205082
441,441,441,441,"(238, 231)",0.0186509345288811,0.0424778761061946,0.0039682539682539,0.0153986619528645,0.0457932037070688,0.0039682539682539,4,13,0,0,48,13.33828,7.911668717564603,0.2195671413629415,1.059578608585008
442,442,442,442,"(231, 232)",0.0256427140107202,0.0428936170212765,0.0079365079365079,0.0148362955888542,0.0453237410071942,0.0079365079365079,11,12,0,2,12,27.10696,11.264726338879674,1.0691125593370343,3.8693162681037383
443,443,443,443,"(233, 230)",0.030212902479304,0.0431063975367772,0.0079365079365079,0.0287274307220206,0.0456811384029729,0.0079365079365079,14,14,0,5,14,27.6255,13.877320635600022,1.8766594255370503,4.634332547434602
444,444,444,444,"(230, 234)",0.0232211229974649,0.0413487570760521,0.0039682539682539,0.0217667161084183,0.0455449123441171,0.0039682539682539,44,46,0,5,46,13.76992,45.44229843240062,0.2389572773352643,1.897571198682684
445,445,445,445,"(232, 228)",0.0184162316351325,0.0411529354127541,0.0039682539682539,0.0086536196164865,0.0451815329448677,0.0039682539682539,6,5,0,1,146,13.56718,5.800492215504788,0.2260037010218038,2.48972718086898
446,446,446,446,"(228, 229)",0.0270851177891081,0.0431063975367772,0.0059523809523809,0.009172675433115,0.0453767894120824,0.0059523809523809,15,11,0,1,18,27.65464,11.018137071317746,1.528361090996862,5.156655813779424
447,447,447,447,"(226, 227)",0.0031188530194494,0.0397037970694816,0.0059523809523809,0.0019650493705247,0.04470066518847,0.0059523809523809,8,6,0,1,22,13.83988,5.530094697982986,0.2363826534717193,0.7433479285954867
448,448,448,448,"(227, 233)",0.0229864201037163,0.0425999492857746,0.0059523809523809,0.0294997886165702,0.0461580730836157,0.0059523809523809,115,97,0,0,146,14.09764,80.79054090203842,0.2474857188832569,2.383556004640545
449,449,449,449,"(284, 286)",0.0648244133085088,0.0497630331753554,0.0039682539682539,0.0726565061906141,0.0596096984033116,0.0039682539682539,12,5,0,0,122,14.87254,8.313305869134878,0.2636575750261485,1.826316380374986
450,450,450,450,"(285, 283)",0.0792911747203852,0.0476190476190476,0.0039682539682539,0.042929260378614,0.0595956012770486,0.0039682539682539,5,10,0,0,120,16.32638,7.027446364560483,0.2910934105720492,0.8763519329366416
451,451,451,451,"(281, 284)",0.0648244133085088,0.0522875816993464,0.0039682539682539,0.0750992395065118,0.0618556701030927,0.0039682539682539,2,8,0,1,272,14.86644,6.949012893906158,0.2418537291817523,0.7935331761535871
452,452,452,452,"(283, 282)",0.0792911747203852,0.0455161202926036,0.0039682539682539,0.0454415359058634,0.061931678545097,0.0039682539682539,10,4,0,0,246,16.31032,7.602321973142154,0.2840131949473006,0.9054676097451444
453,453,453,453,"(280, 281)",0.0648244133085088,0.0550819672131147,0.0039682539682539,0.0776369555985031,0.0644089456869009,0.0039682539682539,9,7,0,1,52,14.816,6.949066395591461,0.2559337034355137,0.7207065603832192
454,454,454,454,"(282, 279)",0.0792911747203852,0.0435910742086144,0.0039682539682539,0.0480504099723886,0.0645574484437043,0.0039682539682539,6,3,0,0,56,16.31448,7.519554865978279,0.3017941910049079,0.9010516073500244
455,455,455,455,"(278, 280)",0.0648244133085088,0.058191894700381,0.0039682539682539,0.080269654466588,0.0672538030424339,0.0039682539682539,7,4,0,0,118,14.82166,6.976994275319672,0.2518303966529889,0.7204445941394408
456,456,456,456,"(279, 277)",0.0792911747203852,0.0418222554144884,0.0039682539682539,0.0507558683983037,0.067524115755627,0.0039682539682539,17,6,0,0,116,16.32152,8.684875073564818,0.2927025504867648,1.0842782829983908
457,457,457,457,"(248, 246)",0.0017801918646849,0.0415738678544914,0.0039682539682539,0.001381763827273,0.0476505625413633,0.0039682539682539,10,7,1,0,16,14.00912,10.422074795356052,0.2420951001689597,0.916881853224056
458,458,458,458,"(245, 247)",0.0082139438501267,0.0423529411764705,0.0039682539682539,0.001381763827273,0.0476505625413633,0.0039682539682539,9,5,0,0,15,13.5641,6.155475897490771,0.2279346689194625,0.8698776243404064
459,459,459,459,"(252, 250)",0.0050687935876802,0.0431765612952968,0.0039682539682539,0.0008068856256257,0.0469448584202682,0.0039682539682539,14,15,0,5,15,14.4504,13.883205820983362,0.2466811489258991,1.1401893641705023
460,460,460,460,"(249, 251)",0.0033962889330682,0.0415738678544914,0.0039682539682539,0.0008068856256257,0.0469448584202682,0.0039682539682539,13,14,0,0,15,13.99582,12.963779359049813,0.241612358194545,1.1729351446427905
461,461,461,461,"(256, 254)",0.0083191328221149,0.0457474811654715,0.0039682539682539,0.0010267371460613,0.0499306518723994,0.0039682539682539,16,14,0,0,16,14.97326,14.206891017067038,0.2634966610346769,1.5551813180644436
462,462,462,462,"(253, 255)",0.0019644040518792,0.0431765612952968,0.0039682539682539,0.0010267371460613,0.0499306518723994,0.0039682539682539,16,16,0,0,16,14.50904,14.829062115456637,0.2457156649770697,1.725309681523895
463,463,463,463,"(260, 258)",0.0097510177033039,0.0486721390632544,0.0039682539682539,0.0014478659321576,0.0534804753820033,0.0039682539682539,4,17,0,4,17,15.46048,9.422930822320904,0.2653471719365999,1.7586168182328503
464,464,464,464,"(257, 259)",0.0018776231499889,0.0457474811654715,0.0039682539682539,0.0014478659321576,0.0534804753820033,0.0039682539682539,8,8,0,0,16,14.97102,9.925953667540528,0.2560946174269852,2.064743085962352
465,465,465,465,"(264, 262)",0.0098377986051942,0.0520499845089331,0.0039682539682539,0.0020721147151726,0.0576791027695124,0.0039682539682539,4,5,0,6,15,15.83278,10.684072548285272,0.2874728457639391,2.273492758504547
466,466,466,466,"(261, 263)",0.0017533686768279,0.0486721390632544,0.0039682539682539,0.0020721147151726,0.0576791027695124,0.0039682539682539,6,11,0,0,17,15.42736,12.535765876625112,0.2764502373481374,3.0423636839938624
467,467,467,467,"(266, 265)",0.0099620530783552,0.0561059779583658,0.0039682539682539,0.003034343989649,0.0627177700348432,0.0039682539682539,9,15,2,0,17,16.37566,11.029960943769728,0.2961622013034033,3.814041390666517
468,468,468,468,"(267, 268)",0.0016153081510934,0.0520499845089331,0.0039682539682539,0.003034343989649,0.0627177700348432,0.0039682539682539,6,9,0,0,16,15.8761,7.652613557327056,0.274036527476064,3.668837244115116
469,469,469,469,"(269, 271)",0.0134609012591119,0.0610095630068998,0.0039682539682539,0.0048976383617252,0.0689938398357289,0.0039682539682539,13,16,0,15,16,16.84116,13.396393986410573,0.3099203475742216,5.517345907713035
470,470,470,470,"(272, 270)",0.0013993420429802,0.0561059779583658,0.0039682539682539,0.0048976383617252,0.0689938398357289,0.0039682539682539,15,14,0,10,15,16.38684,14.829864640736185,0.283530452972886,7.127278170727143
471,471,471,471,"(229, 226)",0.0270851177891081,0.0413351923234642,0.0059523809523809,0.0076964002160934,0.0450885668276972,0.0059523809523809,7,16,0,2,22,27.60964,10.972821143866032,1.1493281840856062,4.900415403615134
472,472,472,472,"(226, 225)",0.0219781931990821,0.0397163120567375,0.0039682539682539,0.0087415852133724,0.0457516339869281,0.0039682539682539,9,3,1,2,60,13.80588,5.515435236209941,0.2412100732158661,0.9958085400995472
473,473,473,473,"(225, 222)",0.0326029368009629,0.0425855513307984,0.0079365079365079,0.0140940186948228,0.0468488566648075,0.0079365079365079,11,10,0,3,22,28.12264,10.753410732438072,1.6196797811569716,5.84128588001946
474,474,474,474,"(222, 220)",0.028607070727562,0.0408692831657476,0.0039682539682539,0.0159926677007256,0.0481881633043312,0.0039682539682539,36,70,0,0,118,14.062,49.33743512920657,0.2482098318448789,1.595711238351858
475,475,475,475,"(220, 221)",0.0403027695504974,0.0448877805486284,0.0079365079365079,0.0214925130156819,0.049743387287801,0.0079365079365079,14,14,0,12,14,28.59854,13.818522283451928,1.5267519510821466,5.973279443134613
476,476,476,476,"(221, 216)",0.0364686315215284,0.0429850746268656,0.0039682539682539,0.0232495325594187,0.0514233241505968,0.0039682539682539,67,68,0,1,68,14.2994,62.01011181852228,0.254002735537855,1.8590621608472735
477,477,477,477,"(216, 217)",0.0483260583888956,0.0478905359179019,0.0079365079365079,0.0285757245238936,0.0532656943563728,0.0079365079365079,14,14,0,6,14,29.12046,13.888234979401853,2.735537855016493,6.708618689420306
478,478,478,478,"(214, 215)",0.0528962468574794,0.0513552068473609,0.0079365079365079,0.0586316705411758,0.0551965830686671,0.0079365079365079,14,14,0,7,14,29.6279,13.953453533786314,1.6455064767881566,7.701695295834737
479,479,479,479,"(215, 218)",0.0410388199901122,0.0488798370672097,0.0039682539682539,0.0498224475753216,0.0532094594594594,0.0039682539682539,54,66,0,5,70,14.7907,66.50494890589053,0.253278622576233,2.8898993301148908
480,480,480,480,"(218, 219)",0.0448729580190812,0.0478905359179019,0.0079365079365079,0.0495701874942984,0.0514023457419683,0.0079365079365079,10,10,0,9,10,29.09744,9.915574340591728,2.0065170166545983,5.472362561281389
481,481,481,481,"(219, 223)",0.0331772591961458,0.0457308774158424,0.0039682539682539,0.0413583612760618,0.0497139475241665,0.0039682539682539,4,3,0,0,116,14.57094,4.975977743298914,0.2585083272990586,1.3687361999925152
482,482,482,482,"(223, 224)",0.0371731252695467,0.0448877805486284,0.0079365079365079,0.0420420140310781,0.0481881633043312,0.0079365079365079,9,9,1,12,20,28.61722,10.199186774383394,1.3994689838281438,6.568504172748026
483,483,483,483,"(224, 227)",0.0265483816676659,0.0429850746268656,0.0059523809523809,0.0352847102659261,0.046979865771812,0.0059523809523809,4,3,1,0,60,14.34418,5.189663474399444,0.2446697240325046,0.8183076980651922
484,484,484,484,"(227, 228)",0.006680814583399,0.0425855513307984,0.0059523809523809,0.0048527263197819,0.0456026058631921,0.0059523809523809,5,6,0,0,24,14.06088,5.494355572200524,0.2442674390538257,1.2057931963624116
485,485,485,485,"(211, 214)",0.0491212776252537,0.0525492649358773,0.0039682539682539,0.0592618749416912,0.0573378839590443,0.0039682539682539,183,179,0,4,184,15.10196,173.31277085228186,0.2688068227532384,3.200628718985068
486,486,486,486,"(217, 212)",0.0445510891566699,0.0457308774158424,0.0039682539682539,0.029941471051907,0.0552449852022361,0.0039682539682539,184,181,0,2,184,14.56022,167.57075597881334,0.2531981655804972,5.185397253096816
487,487,487,487,"(240, 236)",0.009430548229895,0.0448837830617152,0.0039682539682539,0.0028810334925446,0.0482158232086482,0.0039682539682539,11,10,0,1,12,13.0525,11.386710181370711,0.2214176522648644,1.1477489614909622
488,488,488,488,"(237, 241)",0.001411668875635,0.0424635605358496,0.0039682539682539,0.0028810334925446,0.0482158232086482,0.0039682539682539,12,11,0,0,12,13.32054,11.857096998555454,0.2201303403330919,0.9282212492047454
489,489,489,489,"(238, 234)",0.0067117138439206,0.0424635605358496,0.0039682539682539,0.0015976317610856,0.0457101396698712,0.0039682539682539,12,12,0,2,12,13.28784,11.71874164036167,0.2228658781881084,1.3755847460798625
490,490,490,490,"(235, 239)",0.0022848735252881,0.0411394988164231,0.0039682539682539,0.0015976317610856,0.0457101396698712,0.0039682539682539,11,9,0,2,11,13.54656,10.151730779519555,0.2289806098640276,1.2939261255192545
491,491,491,491,"(230, 231)",0.0050037079112625,0.0413351923234642,0.0039682539682539,0.0015364165207498,0.0449237899991086,0.0039682539682539,7,10,0,2,10,13.81246,8.94366272537585,0.2356585405100973,0.9501889899330116
492,492,492,492,"(232, 233)",0.0052384108050112,0.0411394988164231,0.0039682539682539,0.0015364165207498,0.0449237899991086,0.0039682539682539,10,9,0,0,10,13.55158,9.749237600984433,0.232118432697723,0.9332734553347556
493,493,493,493,"(224, 225)",0.0086366720313042,0.0429704152101628,0.0039682539682539,0.0010115364468289,0.0465804066543438,0.0039682539682539,5,1,0,0,12,14.3324,5.103097747579048,0.2560141604312494,0.937015830245874
494,494,494,494,"(222, 223)",0.0020077945028243,0.0408560311284046,0.0039682539682539,0.0010115364468289,0.0465804066543438,0.0039682539682539,6,7,1,0,10,14.02732,5.2315017923064575,0.2367849384503982,0.9536319748512406
495,495,495,495,"(219, 220)",0.0097076272523588,0.0457142857142857,0.0039682539682539,0.0009619090435782,0.0495770214440291,0.0039682539682539,5,7,2,2,7,14.5487,6.742710395377454,0.255450961461099,1.1850604393548143
496,496,496,496,"(221, 218)",0.0018460664583925,0.0429704152101628,0.0039682539682539,0.0009619090435782,0.0495770214440291,0.0039682539682539,8,8,0,5,8,14.24784,7.903696966454444,0.2490144018022367,1.6223569477190225
497,497,497,497,"(215, 216)",0.0098693552967906,0.0488608822103732,0.0039682539682539,0.0010621443435773,0.0530973451327433,0.0039682539682539,7,7,1,0,7,14.81614,6.893852656358676,0.2666344838683723,1.348901612963587
498,498,498,498,"(217, 214)",0.0017868976616491,0.0457142857142857,0.0039682539682539,0.0010621443435773,0.0530973451327433,0.0039682539682539,8,8,0,1,8,14.56962,7.951527473115403,0.2573819293587577,1.634931327420381
499,499,499,499,"(211, 212)",0.009928524093534,0.0525273579989577,0.0039682539682539,0.0012673309596939,0.0572597137014314,0.0039682539682539,8,9,0,2,9,15.09046,8.90621154566369,0.26381848901762,1.8209647842520864
500,500,500,500,"(213, 210)",0.0017277288649058,0.0488608822103732,0.0039682539682539,0.0012673309596939,0.0572597137014314,0.0039682539682539,10,10,0,3,10,14.8401,9.91075918891445,0.2614047791455467,2.4090415777852625
501,501,501,501,"(207, 208)",0.0099876928902773,0.0570264765784114,0.0039682539682539,0.0016013313040331,0.0622837370242214,0.0039682539682539,8,9,0,4,9,15.3397,8.957145150072227,0.2669563118513154,3.0182627895662586
502,502,502,502,"(209, 206)",0.001538388715327,0.0525273579989577,0.0039682539682539,0.0016013313040331,0.0622837370242214,0.0039682539682539,9,9,0,0,9,15.09476,8.74196137178321,0.2629334620645265,3.274390928483216
503,503,503,503,"(203, 204)",0.0101770330398561,0.0624690133862171,0.0039682539682539,0.0021942927708803,0.0685621003945041,0.0039682539682539,9,9,0,2,9,15.58034,8.69792948477877,0.267841338804409,4.402754387934583
504,504,504,504,"(205, 202)",0.0014397740540881,0.0570264765784114,0.0039682539682539,0.0021942927708803,0.0685621003945041,0.0039682539682539,8,9,0,7,9,15.35792,8.674602749986624,0.2687263657575026,4.747052879757495
