,Unnamed: 0,Nodo,Conections,DiBC,DiCC,DiDC,BC,CC,DC,state RW,state_RW_UL,state_RWM,state_RWM_UL,MaxOcupation,mean_state_RW,mean_state_RW_lim,mean_state_RWM,mean_state_RWM_lim
0,0,0,"(0, 3)",0.0225918585954505,0.0202539298669891,0.0024875621890547,0.0039381542797707,0.02210086497581,0.0024875621890547,15,7,0,7,7,6.492167597159738,6.511904124979937,1.828385228095583,7.495303319486546
1,1,1,"(3, 300)",0.0196965839314263,0.0198574086575667,0.0016583747927031,0.0050350584923338,0.0225365798964737,0.0016583747927031,9,1,0,1,14,3.274486422028294,3.2949547910759187,0.39440019309678975,7.37869091725609
2,2,2,"(300, 301)",0.0196965839314263,0.0194761151125609,0.0016583747927031,0.0065029610266883,0.0229950806543873,0.0016583747927031,7,3,2,2,17,12.740473738414007,12.735594671232144,2.572371067664333,17.04427229519853
3,3,3,"(301, 302)",0.0196965839314263,0.019109188572515,0.0016583747927031,0.0079824240160292,0.0234762803916606,0.0016583747927031,12,2,1,0,18,4.054366090302998,4.066449093146434,0.4043768605680264,1.7958534485984805
4,4,4,"(302, 303)",0.0196965839314263,0.018755832037325,0.0016583747927031,0.0094728969625002,0.0239818644607063,0.0016583747927031,13,4,1,2,30,16.748712667353246,16.742710395377454,0.37846970794110546,167.55162606189887
5,5,5,"(303, 304)",0.0196965839314263,0.0184153063873322,0.0016583747927031,0.0109743798661012,0.0245136898591377,0.0016583747927031,6,3,0,0,30,7.704645238224294,7.70381467016211,0.4093651943036447,6.725122562778339
6,6,6,"(304, 6)",0.0196965839314263,0.0180869252227121,0.0016583747927031,0.0124875608491527,0.0250738076427294,0.0016583747927031,6,2,1,3,39,52.71445606807957,52.73880477235033,0.3931128811650173,52.692751019797164
7,7,7,"(6, 7)",0.0604194498756955,0.023255365510326,0.0033167495854063,0.022142925329394,0.0256666737608274,0.0033167495854063,23,16,9073,33,33,9.861835329828175,9.816435717725108,0.4112157052055676,16.287975749410577
8,8,8,"(7, 406)",0.050341554429001,0.0227401289738658,0.0016583747927031,0.0193048156045082,0.0260205402606369,0.0016583747927031,11,5,1,3,30,6.495474009431406,6.503022845219625,2.4891785340735377,6.088207776655065
9,9,9,"(406, 407)",0.050341554429001,0.0222472283200206,0.0016583747927031,0.020213306665556,0.0263975835047935,0.0016583747927031,13,3,1,1,36,21.021518781505772,20.82686854635921,0.41572129696677124,183.16844429474943
10,10,10,"(407, 408)",0.050341554429001,0.0217752419471327,0.0016583747927031,0.0211495978683569,0.026797617989512,0.0016583747927031,7,11,0,1,50,5.8081196812835385,5.807019421111765,2.2465202349344278,5.16881853224056
11,11,11,"(408, 409)",0.050341554429001,0.0213228663873123,0.0016583747927031,0.0221135668800541,0.0272222473026048,0.0016583747927031,12,7,0,0,54,7.502249444414331,7.502220319940078,0.363343792742779,1.5375921559821863
12,12,12,"(409, 410)",0.050341554429001,0.0208889042851699,0.0016583747927031,0.0231078187351471,0.0276745146633622,0.0016583747927031,15,6,0,2,52,16.30446094639276,16.430581563319244,0.36261967978115694,31.813891695670073
13,13,13,"(420, 419)",0.0634711183593326,0.0245022348638764,0.0016583747927031,0.050558937677827,0.02834312573443,0.0016583747927031,11,5,0,2,48,15.644262561656458,15.636723556792038,0.37846970794110546,12.900116013622245
14,14,14,"(419, 418)",0.0634711183593326,0.0239309455303105,0.0016583747927031,0.0495651672601183,0.0278689282248001,0.0016583747927031,5,4,0,3,46,6.358339205376986,6.350543042105826,0.3775042239922761,0.9635118446165937
15,15,15,"(418, 417)",0.0634711183593326,0.0233856893542757,0.0016583747927031,0.0486017987418892,0.0274240494815353,0.0016583747927031,4,2,0,1,46,7.243319421106835,7.262425766411642,0.38200981575347975,1.7158788967478762
16,16,16,"(417, 416)",0.0634711183593326,0.0228647265143615,0.0016583747927031,0.0476661271470653,0.0270052398226521,0.0016583747927031,7,9,0,0,32,10.114802970350697,10.125247445294526,0.37388365918416605,19.468507915122938
17,17,17,"(416, 5)",0.0634711183593326,0.0223664688427299,0.0024875621890547,0.047291414232993,0.0266107678729037,0.0024875621890547,14,4,0,2,30,24.940864003469024,24.976673265207854,4.86885509695068,26.988061824033533
18,18,18,"(5, 4)",0.0366563907066788,0.0239413971770591,0.0033167495854063,0.0332807457353843,0.0260357073465598,0.0033167495854063,4,14,2,0,20,12.928993441378937,12.948263870311914,0.35722906106685975,1.1930316979154971
19,19,19,"(4, 305)",0.0251579240725831,0.0237616739567324,0.0024875621890547,0.0303066437723605,0.0255578867060843,0.0024875621890547,6,26,0,26,26,9.522250528483928,9.54020651650527,0.37171132029930004,5.393099060663897
20,20,20,"(305, 306)",0.025157924072583,0.0232177579269583,0.0016583747927031,0.0265571541665304,0.0249761835728782,0.0016583747927031,13,27,4,24,28,37.84009973440295,39.91220373441764,0.33993080698366723,172.9645222858426
21,21,21,"(306, 307)",0.025157924072583,0.0226981856508318,0.0016583747927031,0.0250556712629294,0.0244243271158636,0.0016583747927031,15,15,2,15,15,23.082009865033335,23.0675726285378,0.4004344677769732,172.9587964522286
22,22,22,"(307, 308)",0.025157924072583,0.0222013585906003,0.0016583747927031,0.0235651983164585,0.0239001189060642,0.0016583747927031,11,18,0,17,18,5.066453466312537,5.082981113905088,0.4072733124145144,4.090041540361513
23,23,23,"(308, 309)",0.0251579240725831,0.0217258151684381,0.0016583747927031,0.0220857353271175,0.0234015717473561,0.0016583747927031,15,16,2,16,16,18.94590492709632,18.930929324273716,0.3919864832247164,87.47913625987051
24,24,24,"(309, 2)",0.0251579240725831,0.021270216405933,0.0024875621890547,0.0207182474230881,0.022926884909319,0.0024875621890547,12,15,0,12,15,8.803946013334055,8.801508747525547,0.4132271300989621,8.03124883050784
25,25,25,"(2, 1)",0.0103240712068977,0.0210302375056673,0.0024875621890547,0.0085008434785195,0.0224359570628616,0.0024875621890547,6,8,1,7,8,8.908450322510705,8.904874003531111,0.3878027194464559,7.977134089293066
26,26,26,"(3, 2)",0.002065399145352,0.019852832238629,0.0024875621890547,0.0009226755935661,0.0221736012796705,0.0024875621890547,11,6,0,3,6,87.3946013334056,87.46048900540367,0.4203878027194465,87.92182178810673
27,27,27,"(2, 320)",0.0168992520110374,0.021039776692254,0.0024875621890547,0.010886572896046,0.0225779275484414,0.0024875621890547,6,7,3,18,18,8.927638354382351,8.925258145631588,0.41202027516292544,8.060476778563677
28,28,28,"(320, 321)",0.0168992520110374,0.0206164418688137,0.0016583747927031,0.0095743768628982,0.0223639802692578,0.0016583747927031,17,16,1,20,20,6.405008401539379,6.400032101011182,2.0504465363263336,3.5837730623853896
29,29,29,"(321, 322)",0.0168992520110374,0.0202098066159466,0.0016583747927031,0.0090626840882138,0.0222123991601281,0.0016583747927031,12,16,0,18,18,9.989267710987045,9.988818147771655,0.40992839327379516,9.06721305340369
30,30,30,"(322, 323)",0.0168992520110374,0.019818901907939,0.0016583747927031,0.0087536107331928,0.0221207285533483,0.0016583747927031,14,13,1,11,14,6.324407826982492,6.329998394949441,0.4175718078686942,5.172411212155234
31,31,31,"(323, 324)",0.0168992520110374,0.0194428322692977,0.0016583747927031,0.0085797356736603,0.0220741662700882,0.0016583747927031,13,16,2,19,20,56.39633584476123,56.77256433577658,0.41660632391986485,175.4185472100595
32,32,32,"(335, 334)",0.0114379118698806,0.0178270509977827,0.0016583747927031,0.0070318480690158,0.0213769143505388,0.0016583747927031,5,18,4,17,18,171.53336224185594,171.4869188379434,0.4282725883015528,171.66969799034467
33,33,33,"(334, 333)",0.0114379118698806,0.0175221933252938,0.0016583747927031,0.0071747781078502,0.0214027117200255,0.0016583747927031,11,15,2,15,15,15.962382784974796,15.962495318602535,2.582830477109985,15.246510235395382
34,34,34,"(333, 332)",0.0114379118698806,0.0172275869950288,0.0016583747927031,0.0074491114683089,0.0214866020524515,0.0016583747927031,6,18,0,18,18,17.871104124884816,17.871435450216683,0.4334218360286427,16.845664458665468
35,35,35,"(332, 331)",0.0114379118698806,0.0169427234795802,0.0016583747927031,0.0079478708048063,0.0216268560361523,0.0016583747927031,8,18,0,18,18,13.868773375250692,13.871274945160772,3.7443881245474295,13.169379888477227
36,36,36,"(331, 1)",0.0114379118698806,0.016667127339064,0.0016583747927031,0.0086512465236745,0.0218244991766047,0.0016583747927031,7,18,0,15,18,15.578784757981463,15.59429672034669,0.3839407836511385,14.992215860184873
37,37,37,"(1, 0)",0.0225918585954505,0.0206715688795186,0.0024875621890547,0.0097594065950813,0.022052773053925,0.0024875621890547,17,6,0,5,6,110.27416120114911,110.26419132202665,0.3893314023654357,110.95696268852214
38,38,38,"(7, 5)",0.0092480199280224,0.0227281293581093,0.0024875621890547,0.0059055528166263,0.0257576728391106,0.0024875621890547,6,9,0,0,16,12.50907908287712,12.550906853565888,0.42770938933140235,8.26510983870364
39,39,39,"(5, 310)",0.0360627475806765,0.0239480529796064,0.0024875621890547,0.0187376969660961,0.0262727926279328,0.0024875621890547,7,7,2,0,38,91.57374383435416,91.51425819913327,0.42505430847212167,110.54986714569065
40,40,40,"(310, 311)",0.0360627475806764,0.0233956700550942,0.0016583747927031,0.0173614389846394,0.0260717296841559,0.0016583747927031,4,9,0,0,32,13.80465065857228,13.799636188539939,0.4261002494166868,13.012237565959358
41,41,41,"(311, 312)",0.0360627475806764,0.0228681950054041,0.0016583747927031,0.0172718121186885,0.0260261556390003,0.0016583747927031,10,6,0,2,34,17.966556452924276,17.9688085174683,0.41451444203073456,17.160248493694098
42,42,42,"(312, 313)",0.0360627475806764,0.0223639802692578,0.0016583747927031,0.0175960815241841,0.0261724429783632,0.0016583747927031,12,7,0,1,34,129.23453845736896,129.24546573217057,0.4096870222865878,128.66666666666666
43,43,43,"(313, 314)",0.0360627475806764,0.0218815204572258,0.0016583747927031,0.0181299637690258,0.0263993170325941,0.0016583747927031,5,10,0,0,28,15.864653910781072,15.862661173826975,0.43857108375573256,14.429662063545527
44,44,44,"(314, 11)",0.0360627475806764,0.0214194373401534,0.0024875621890547,0.0230557350068111,0.026735241304396,0.0024875621890547,8,9,1,0,28,15.943628380942057,15.946230806270398,0.3884463754123421,14.725534224018562
45,45,45,"(10, 315)",0.0283945237915014,0.0233829688227082,0.0016583747927031,0.0123158953637793,0.0256721374289545,0.0016583747927031,20,24,1,23,26,98.27334814895116,98.19009148788187,0.47469627484109744,130.93671644025298
46,46,46,"(315, 316)",0.0283945237915014,0.0228560598881834,0.0016583747927031,0.0116598411905538,0.0254151563685408,0.0016583747927031,8,18,2,32,32,6.2698249227600416,6.272323578192713,0.37589508407756056,2.9413195613936605
47,47,47,"(316, 317)",0.0283945237915014,0.0223523742447269,0.0016583747927031,0.0112498857708469,0.0252443849036066,0.0016583747927031,14,11,2,32,34,52.12905848555477,52.13717832111711,0.364067905704401,55.15983683245388
48,48,48,"(317, 318)",0.0283945237915014,0.0218704096621511,0.0016583747927031,0.011085668186256,0.0252095570559585,0.0016583747927031,10,13,0,35,36,9.98791262399046,9.988497137659836,0.399790811811087,9.033194865461622
49,49,49,"(318, 319)",0.0283945237915014,0.0214087907406092,0.0016583747927031,0.0111451795272239,0.0252232656390521,0.0016583747927031,12,16,5,34,34,50.96872459211881,50.96939703600663,0.39021642931852923,50.21829272856555
50,50,50,"(319, 4)",0.0283945237915014,0.0209662558022287,0.0024875621890547,0.0118972128220894,0.025375049971595,0.0024875621890547,22,32,3,34,34,7.983088514282617,7.9836819859825585,0.46624829028884063,7.213689607424872
51,51,51,"(4, 6)",0.0398929904255971,0.0237551213362748,0.0024875621890547,0.0085546985156148,0.0256235924021586,0.0024875621890547,9,14,0,14,14,6.236272968724592,6.215237279974319,2.6743100812615657,3.9174057857116127
52,52,52,"(324, 325)",0.0168992520110374,0.0190807689265089,0.0016583747927031,0.0085503476684056,0.0220620518074052,0.0016583747927031,14,15,1,16,18,5.506639926283268,5.566796854100904,0.5654517660310564,7.875715729201751
53,53,53,"(325, 326)",0.0168992520110373,0.0187319437109751,0.0016583747927031,0.0086300997434345,0.0220858895705521,0.0016583747927031,10,13,1,14,14,7.829042224510814,7.829383125568455,0.46455869337838923,6.521013435125931
54,54,54,"(326, 327)",0.0168992520110373,0.0183956436187251,0.0016583747927031,0.0088895288502199,0.0221646358273143,0.0016583747927031,12,15,2,13,15,57.60089977776573,57.59221015461987,0.4543406549199453,56.98806182403353
55,55,55,"(327, 328)",0.0168992520110373,0.0180712059458163,0.0016583747927031,0.0093330564535914,0.022296997485579,0.0016583747927031,13,18,1,17,18,7.976150468860101,7.976191750040126,0.39512430605841176,7.0805733318363835
56,56,56,"(328, 329)",0.0168992520110373,0.0177580139295863,0.0016583747927031,0.0098830518715705,0.0224656309377444,0.0016583747927031,15,19,1,19,19,62.50317090357201,62.53159274517147,0.3810443318046504,62.064294000973014
57,57,57,"(329, 330)",0.0168992520110373,0.017455492835432,0.0016583747927031,0.0105389394843748,0.0226623571858087,0.0016583747927031,18,14,2,15,15,7.893869586427448,7.889786528275641,4.6422881969587255,7.084390554245724
58,58,58,"(330, 12)",0.0168992520110373,0.0171631064368764,0.0024875621890547,0.0120644602414644,0.0229495718363463,0.0024875621890547,15,13,0,9,13,8.889641714998103,8.889733026590338,0.37138949231635693,7.694921597245612
59,59,59,"(12, 13)",0.0035937188194573,0.0203009796990203,0.0033167495854063,0.0032271308911302,0.0227152866721916,0.0033167495854063,9,8,1,8,8,62.11057509892135,62.14964421379273,0.41741089387722263,62.960143707196586
60,60,60,"(13, 342)",0.0097543688829996,0.0211234301928432,0.0024875621890547,0.0050314492133954,0.0227448465760141,0.0024875621890547,20,10,0,14,14,7.710390807089815,7.71681557969076,0.559015206372194,4.467796863889824
61,61,61,"(342, 343)",0.0097543688829996,0.0206910750437497,0.0016583747927031,0.0039469021564655,0.0225568128682315,0.0016583747927031,8,11,3,12,12,56.80367499593474,56.80696591942646,0.46793788719929197,56.23951199431159
62,62,62,"(343, 344)",0.0097543688829996,0.0202760638208443,0.0016583747927031,0.0035739733815556,0.022444307967171,0.0016583747927031,8,12,0,14,14,7.907528863353027,7.904606495104596,3.158902566578164,7.32659705849332
63,63,63,"(344, 17)",0.0097543688829995,0.0198773734177215,0.0024875621890547,0.0041847234640423,0.0224535011450168,0.0024875621890547,12,14,0,14,14,7.984009973440295,7.9849660264298326,0.5426824362378309,7.262003667527413
64,64,64,"(17, 18)",0.0014173082204295,0.0202569916855631,0.0024875621890547,0.0008099860075711,0.022079015781187,0.0024875621890547,8,10,0,10,10,54.775977017724536,54.77229682735006,0.6634483868372355,54.28041615209012
65,65,65,"(19, 16)",0.0132040351492881,0.0201530697503425,0.0024875621890547,0.0028876697183914,0.0219268740568353,0.0024875621890547,17,5,4,4,7,7.935335248522955,7.933550906853566,3.54308472121651,7.302571011563939
66,66,66,"(16, 345)",0.0037244620603758,0.0197591545834357,0.0016583747927031,0.0023064502128266,0.0218414952187771,0.0016583747927031,9,3,2,15,15,6.470160984335195,6.468888769996255,0.5532223026792179,4.727817072714345
67,67,67,"(345, 346)",0.0037244620603758,0.0193803432538407,0.0016583747927031,0.0026473981200097,0.0219404369894664,0.0016583747927031,9,2,2,15,15,60.20239579380996,60.21250869402386,0.5518545337517097,60.342315033120016
68,68,68,"(346, 347)",0.0037244620603758,0.0190157834155878,0.0016583747927031,0.0030485239625178,0.0220584200610904,0.0016583747927031,6,1,1,11,13,7.991273239741991,7.991172221924991,0.6822753238394078,7.377643052280978
69,69,69,"(347, 14)",0.0037244620603758,0.0186646856718358,0.0016583747927031,0.0035173829881027,0.0221944127498251,0.0016583747927031,6,10,0,13,13,6.151336115778633,6.149644213792734,9.226808270979161,4.550391078178212
70,70,70,"(14, 15)",0.0235025311432693,0.020709551121338,0.0033167495854063,0.015047346074416,0.022517223995967,0.0033167495854063,18,7,10,7,7,31.21253184454442,31.30067947140335,0.836350470673425,54.76329478687175
71,71,71,"(15, 341)",0.0114379118698806,0.0202992711787379,0.0016583747927031,0.0098679531901156,0.0221895124195032,0.0016583747927031,7,1,1,9,13,6.964605127649195,6.9664009416296615,0.670206774479041,6.330189738407994
72,72,72,"(341, 340)",0.0114379118698806,0.0199049316696375,0.0016583747927031,0.0089836319149833,0.0219228881496428,0.0016583747927031,8,3,2,14,14,7.919236815003523,7.978866834305281,0.8067422962426583,10.924516298042738
73,73,73,"(340, 339)",0.0114379118698806,0.0195256213065652,0.0016583747927031,0.0083361540903208,0.0217403060948569,0.0016583747927031,5,3,0,11,14,162.20212477641064,162.1435985233535,0.6725400273553785,165.32670932974065
74,74,74,"(339, 338)",0.0114379118698806,0.0191604969654602,0.0016583747927031,0.0077886768227098,0.0215831200672906,0.0016583747927031,11,11,4,18,19,27.992303105859396,27.993151784281206,0.8276611151339609,27.66734029415067
75,75,75,"(338, 337)",0.0114379118698806,0.018808777429467,0.0016583747927031,0.0073464713972258,0.0214598384284138,0.0016583747927031,8,15,0,15,15,23.924982383869043,23.92793322989674,9574.357792260036,23.44466898693911
76,76,76,"(337, 336)",0.0114379118698806,0.0184697378093604,0.0016583747927031,0.0070876724978781,0.0213867707040255,0.0016583747927031,8,16,0,16,16,163.0693262507453,163.0689636723557,1.0141604312494972,160.82856180532167
77,77,77,"(336, 335)",0.0114379118698806,0.0181427045567373,0.0016583747927031,0.0070071164991056,0.0213651744113947,0.0016583747927031,5,18,1,18,19,11.960973494498347,11.964421379273448,10.354734894199051,11.393136484413008
78,78,78,"(15, 12)",0.0112347437547165,0.0202903915069737,0.0024875621890547,0.0095762978798819,0.0228582259287338,0.0024875621890547,16,4,1,8,9,7.676622039134912,7.705045208924081,0.5711642127282968,93.59829347704053
79,79,79,"(12, 367)",0.0245402769462966,0.0203057650862068,0.0024875621890547,0.0212427002025165,0.0233499196499448,0.0024875621890547,10,5,0,18,18,13.975445823621877,13.971697608474667,0.559739319333816,13.636241158639272
80,80,80,"(367, 366)",0.0245402769462966,0.0199072316402832,0.0016583747927031,0.0225176493893096,0.023842473607212,0.0016583747927031,8,9,0,15,15,12.899073120494336,12.898828313091862,0.304288357872717,12.279517982111448
81,81,81,"(366, 365)",0.0245402769462966,0.0195240407965031,0.0016583747927031,0.0239971123786505,0.0243601914880723,0.0016583747927031,7,7,1,14,14,100.42175727681717,100.41613610828742,0.5202349344275484,100.24912989783317
82,82,82,"(365, 364)",0.0245402769462966,0.0191553233056433,0.0016583747927031,0.0254875853251215,0.0249050057822567,0.0016583747927031,13,7,0,14,14,13.980811968128354,13.980899898346799,0.38337758468098804,13.51248082032858
83,83,83,"(364, 363)",0.0245402769462966,0.0188002743655297,0.0016583747927031,0.0269890682287224,0.0254790526693849,0.0016583747927031,5,13,1,14,14,123.8232966556453,123.81916430367556,0.30420790087698124,123.65749784813443
84,84,84,"(363, 24)",0.0245402769462966,0.0184581477570136,0.0024875621890547,0.0296679602928983,0.0260846995717437,0.0024875621890547,15,11,0,13,13,15.985419263916743,15.986678080359532,0.5168557406066457,15.449534074323566
85,85,85,"(24, 25)",0.0285701506299759,0.0233160621761658,0.0033167495854063,0.0343386243961757,0.0266383937446159,0.0033167495854063,8,8,1,8,9,15.734511355629031,15.729762987534107,1.0198728779467374,14.023165300699825
86,86,86,"(25, 382)",0.047046578999883,0.0237738527046207,0.0024875621890547,0.0457780427571523,0.0272265492719268,0.0024875621890547,6,14,0,14,14,123.40777277901242,123.39655449146647,0.8252474052618876,123.01313573593802
87,87,87,"(382, 383)",0.047046578999883,0.0232275957704974,0.0016583747927031,0.045625623850936,0.0277043945693873,0.0016583747927031,4,14,1,13,14,15.859504580194049,15.862500668771066,0.5172580255853246,15.238688671831143
88,88,88,"(386, 385)",0.0314634756140917,0.0244629708513357,0.0016583747927031,0.0266683976754134,0.0272013713460844,0.0016583747927031,6,14,0,16,16,42.9229768551141,42.97421218768391,0.4098479362780594,377.1651510048277
89,89,89,"(385, 26)",0.0314634756140917,0.0238849718767329,0.0024875621890547,0.0257101071104169,0.0267003188097768,0.0024875621890547,13,10,0,11,14,374.6082714510272,374.40666630998874,0.37492960012873117,375.91725609071517
90,90,90,"(26, 27)",0.0428375697527864,0.0242763396271991,0.0033167495854063,0.0293305374153959,0.0263704545951501,0.0033167495854063,7,9,0,9,9,24.574990514391025,24.54004601144936,0.38361895566819537,22.93682871150032
91,91,91,"(27, 362)",0.0251088436277635,0.0237761962029059,0.0024875621890547,0.0198294273928647,0.0257708827488941,0.0024875621890547,6,13,0,17,17,23.351346956474604,23.293563747258037,0.23718722342907717,24.375584746079863
92,92,92,"(362, 361)",0.0251088436277635,0.0232316227461858,0.0016583747927031,0.017974139591122,0.0251795557040253,0.0016583747927031,6,14,1,14,14,52.97316927746761,52.97191161521588,0.38442352562555315,52.753602035851955
93,93,93,"(361, 360)",0.0251088436277635,0.0227114366961074,0.0016583747927031,0.0164726566875211,0.0246187764100679,0.0016583747927031,10,11,0,13,13,6.989918152745406,6.988764646086351,0.2582669563118513,6.805209385876277
94,94,94,"(360, 359)",0.0251088436277635,0.0222140357340209,0.0016583747927031,0.0149821837410501,0.0240862792091072,0.0016583747927031,13,11,0,13,14,5.795490270475365,5.784816221710984,0.18995896693217476,6.153587066352308
95,95,95,"(359, 358)",0.0251088436277635,0.0217379549018547,0.0016583747927031,0.0135027207517091,0.023580017597028,0.0016583747927031,8,14,0,9,14,52.035991110629304,51.98721309721256,0.22873923887682035,53.49032596085476
96,96,96,"(358, 13)",0.0251088436277635,0.0212818521917131,0.0024875621890547,0.0121185157031139,0.0230981383589979,0.0024875621890547,8,15,0,16,17,44.97669250365873,43.51056658284736,0.3478155925657736,80.25788705512518
97,97,97,"(13, 14)",0.0189481935642213,0.0211197310123811,0.0024875621890547,0.0073018649567074,0.0226236704372784,0.0024875621890547,16,9,4,9,9,16.026830722532388,15.907763094537477,0.1506959530131145,1.422626398712623
98,98,98,"(11, 9)",0.0184493392878852,0.0209764667002939,0.0024875621890547,0.0209094333937554,0.0266031367877704,0.0024875621890547,8,3,0,1,28,6.674074475581333,6.641217698357498,0.07056078526027838,4.481830769806519
99,99,99,"(9, 374)",0.0400095615318259,0.0228046289993192,0.0024875621890547,0.0278746542239196,0.026769661050809,0.0024875621890547,11,3,1,30,36,63.027155943411564,63.03429458027928,0.16107490546303002,64.75629654578796
100,100,100,"(374, 375)",0.0400095615318259,0.0223081334048574,0.0016583747927031,0.0272626494948371,0.0267370194652596,0.0016583747927031,3,5,0,38,38,7.90725784595371,7.900754373762774,0.6084158017539625,7.808203285805172
101,101,101,"(375, 376)",0.0400095615318259,0.0218327962634418,0.0016583747927031,0.0272449001757439,0.0267310931820196,0.0016583747927031,6,4,0,36,36,53.13193126998753,53.57311005296667,0.20323437122857832,59.78717113880469
102,102,102,"(376, 377)",0.0400095615318259,0.0213772932730656,0.0016583747927031,0.0273000476455671,0.0267530335632999,0.0016583747927031,7,4,0,32,32,6.926337470865629,6.929966293938259,0.9328184085606244,6.9016503873358035
103,103,103,"(377, 25)",0.0400095615318259,0.0209404083900541,0.0024875621890547,0.028486777722281,0.0268908312522297,0.0024875621890547,8,6,2,32,32,109.95642040218982,109.96110427478466,0.5220854453294714,109.84012574379702
104,104,104,"(25, 26)",0.0215331331619187,0.023769167093697,0.0033167495854063,0.0172940993810378,0.0266060713025061,0.0033167495854063,6,8,0,15,16,15.9850398395577,15.986303568562409,0.3470914796041516,15.899891471127578
105,105,105,"(26, 373)",0.0101590390232244,0.0242812273496013,0.0024875621890547,0.0085305405199266,0.0264857029911714,0.0024875621890547,2,7,1,27,28,109.4489674237086,109.43962334813547,13.773674470995253,109.77534523408555
106,106,106,"(373, 372)",0.0101590390232244,0.0237116847879514,0.0016583747927031,0.0063559515807531,0.0262310770836958,0.0016583747927031,6,11,0,22,24,14.28874193723237,14.28527098603606,0.797006999758629,15.778152015268889
107,107,107,"(372, 371)",0.0101590390232244,0.0231682483574749,0.0016583747927031,0.0059840066719444,0.026079058904939,0.0016583747927031,10,14,0,28,28,7.685782427231828,7.676689315713445,0.14538579129455306,6.391564686950339
108,108,108,"(370, 369)",0.0054849247145029,0.0221353449699906,0.0016583747927031,0.0047150873194009,0.0255000634329936,0.0016583747927031,11,12,0,23,24,64.71131226624749,64.70691776790969,0.15238554992356584,64.65199655701508
109,109,109,"(369, 368)",0.0054849247145029,0.0216610388677347,0.0016583747927031,0.0051121435486593,0.0256595744680851,0.0016583747927031,5,10,2,31,32,7.939292102552984,7.934620940559627,0.2582669563118513,7.6982148871673965
110,110,110,"(368, 27)",0.0054849247145029,0.0212066327876347,0.0024875621890547,0.0062420207526127,0.0258437801350048,0.0024875621890547,4,11,2,34,34,59.753699387500674,59.75967042961853,0.22632552900474695,59.8440926612028
111,111,111,"(27, 24)",0.0232136508395256,0.0237696355716735,0.0033167495854063,0.0150806133007447,0.0262482044138771,0.0033167495854063,5,8,0,12,14,7.966773266843731,7.966561446685571,0.3659988736020597,7.782044085176453
112,112,112,"(24, 378)",0.0191837771558463,0.0233277883090254,0.0024875621890547,0.0137590143762761,0.0259740259740259,0.0024875621890547,4,9,0,34,34,19.22732939454713,19.15649242951153,0.5446938611312253,125.8962987912129
113,113,113,"(378, 379)",0.0191837771558463,0.0228085106382978,0.0016583747927031,0.0129829130545183,0.0258476574220926,0.0016583747927031,7,17,1,34,34,129.67347823730285,129.6498314696913,0.24845120283208624,129.4061973728528
114,114,114,"(379, 380)",0.0191837771558463,0.0223118478502183,0.0016583747927031,0.0129246314954719,0.02582938896147,0.0016583747927031,7,9,1,36,36,17.2688492601225,17.255524049007544,0.34693056561268004,16.78073425395756
115,115,115,"(380, 381)",0.0191837771558463,0.0218363540893371,0.0016583747927031,0.0129383718106639,0.0258360290494654,0.0016583747927031,10,4,0,37,38,16.46181364843623,16.47118934246429,0.3821707297449513,15.456382620410913
116,116,116,"(381, 8)",0.0191837771558463,0.0213807041804063,0.0016583747927031,0.013058612772643,0.0258676161468834,0.0016583747927031,8,10,0,34,34,12.346577050246626,12.316729976994276,0.15367286185533832,15.382395868418097
117,117,117,"(8, 10)",0.0283945237915014,0.0239347450731339,0.0024875621890547,0.0169360727062932,0.0260396424407306,0.0024875621890547,11,12,0,27,28,24.53753590980541,24.14172596436788,0.1522246359320943,104.62740915384903
118,118,118,"(16, 17)",0.00864969757024,0.0197559177655827,0.0024875621890547,0.0029462246194599,0.0222731134340486,0.0024875621890547,8,3,0,15,16,7.987262182232099,7.942753196725697,0.06895164534556279,0.3957187231016803
119,119,119,"(17, 348)",0.0169867582328101,0.0202617563548999,0.0024875621890547,0.0084120721033488,0.0227568638550806,0.0024875621890547,11,13,1,29,30,10.873543281478671,10.78075009362795,0.24885348781076513,92.27693574342278
120,120,120,"(348, 349)",0.0169867582328101,0.0198649316422335,0.0016583747927031,0.0097913995513306,0.0232244646433523,0.0016583747927031,7,9,0,28,28,6.390373461976258,6.463538601465946,0.39222785421192374,25.085213876726172
121,121,121,"(349, 350)",0.0169867582328101,0.0194833519119856,0.0016583747927031,0.0112708625406716,0.0237154150197628,0.0016583747927031,7,10,2,23,30,12.109165808444903,12.123214381253009,0.3634242497385148,11.799745518506043
122,122,122,"(350, 351)",0.0169867582328101,0.0191161552117676,0.0016583747927031,0.0127613354871425,0.0242314647377938,0.0016583747927031,11,13,0,29,30,9.74020272101469,9.751377668396554,0.31193177246761605,3.5226975038359343
123,123,123,"(351, 352)",0.0169867582328101,0.0187625433669897,0.0016583747927031,0.0142628183907434,0.0247745434376219,0.0016583747927031,13,11,0,31,32,60.01539378828121,61.17644855812958,0.34725239359562315,186.62782081508925
124,124,124,"(352, 20)",0.0169867582328101,0.0184217761891668,0.0024875621890547,0.0164995567461084,0.0253467843631778,0.0024875621890547,16,5,0,28,28,43.334977505555855,43.27023701246589,0.377906508970955,156.994274166386
125,125,125,"(355, 354)",0.0109568514101863,0.0215657522978434,0.0016583747927031,0.0064676690735438,0.0232854494902687,0.0016583747927031,7,32,0,32,32,15.38451948615101,15.388529238671017,0.3484592485316598,14.080535908087272
126,126,126,"(354, 353)",0.0109568514101863,0.0211167726007249,0.0016583747927031,0.0049882060842028,0.0228119620935555,0.0016583747927031,9,32,0,31,32,22.79223806168356,22.843240062061955,0.34990747445490383,24.626885221361476
127,127,127,"(353, 18)",0.0109568514101863,0.0206861063464837,0.0016583747927031,0.0035203035498483,0.0223606630325953,0.0016583747927031,8,28,2,28,28,13.418017236706596,13.43395216949334,1.9665298897739159,12.82107705549942
128,128,128,"(18, 19)",0.0132040351492881,0.0205665171643445,0.0024875621890547,0.0024716042592871,0.0219316590590845,0.0024875621890547,14,16,2,14,16,6.676947260014093,6.691348777486491,0.3009091640518143,1.1030650050522062
129,129,129,"(356, 355)",0.0109568514101863,0.0220342389417718,0.0016583747927031,0.0079581420200147,0.0237827604567236,0.0016583747927031,8,30,1,30,30,7.645834462572497,7.699267026911348,0.31120765950599405,1.1787732495041354
130,130,130,"(357, 356)",0.0109568514101863,0.0225235320484087,0.0016583747927031,0.0094596249236156,0.0243056955137248,0.0016583747927031,4,28,3,28,28,9.956745623069,9.984484511262105,0.41741089387722263,1.7936080236518095
131,131,131,"(23, 357)",0.0109568514101863,0.023035049183459,0.0016583747927031,0.0109728059066671,0.0248562418846225,0.0016583747927031,2,25,0,26,26,9.62057564095615,9.658659247766305,0.3236784938450398,1.1858837618352607
132,132,132,"(371, 21)",0.0101590390232244,0.0226491633331455,0.0024875621890547,0.0070787820557998,0.0260914715936134,0.0024875621890547,10,15,0,32,32,12.530435253943303,12.63988015622492,0.30839166465524176,2.5121065828374687
133,133,133,"(21, 22)",0.0043058705639989,0.0232003385787387,0.0024875621890547,0.004224702974034,0.0256067265430919,0.0024875621890547,10,18,5,18,18,21.182990948018862,21.254186506874966,0.2533590795719688,13.834137943939224
134,134,134,"(23, 20)",0.0106277051808729,0.0230288911378869,0.0024875621890547,0.0035263852654979,0.0254623764884722,0.0024875621890547,4,5,0,14,18,15.282833757927259,15.29201219838425,1.5453375170971115,14.918715616930504
135,135,135,"(20, 370)",0.0054849247145029,0.0226308875961718,0.0024875621890547,0.0045818804225351,0.0253665103169762,0.0024875621890547,7,3,0,23,24,10.836034473413193,10.798512653148574,0.29809316920106205,2.841847236256128
136,136,136,"(20, 21)",0.0221295386991801,0.0226266416510318,0.0033167495854063,0.0195297034332236,0.0258798283261802,0.0033167495854063,9,11,1,17,18,7.2645671852132905,7.303729067465625,0.3100008045699574,1.0142210246622507
137,137,137,"(21, 388)",0.0279827071584054,0.0232048025860078,0.0024875621890547,0.0246851384934626,0.0264583927513657,0.0024875621890547,8,10,3,38,38,10.446257249715432,10.45374779305548,0.31611553624587657,1.271097638561431
138,138,138,"(388, 389)",0.0279827071584054,0.0226840966801467,0.0016583747927031,0.0256055068012251,0.0269533345252994,0.0016583747927031,10,8,1,36,36,5.687516938587457,5.704991707238778,0.25319816558049724,0.9009019123535796
139,139,139,"(389, 390)",0.0279827071584054,0.0221862467346112,0.0016583747927031,0.0267742825628045,0.0274746554277252,0.0016583747927031,7,10,0,30,30,6.581278118055179,6.546947728853459,0.24708343390457801,0.9150480895176079
140,140,140,"(390, 32)",0.0279827071584054,0.0217097802019765,0.0024875621890547,0.0305847838231549,0.0280523830569188,0.0024875621890547,9,16,0,28,28,13.761613095560735,13.905355518698839,0.20041837637782606,2.2890984618839116
141,141,141,"(32, 33)",0.0238900013533072,0.0247623349690984,0.0033167495854063,0.0229934996533081,0.028238269176735,0.0033167495854063,6,10,1,16,16,12.385007317469782,12.395109945963299,0.24603749296001287,7.121065828374687
142,142,142,"(33, 494)",0.0480221070764205,0.0254360618395798,0.0024875621890547,0.0433770541634565,0.0287780084472761,0.0024875621890547,9,11,0,34,34,5.81148029703507,5.843133058691349,0.23565854051009735,0.7923730399311403
143,143,143,"(494, 495)",0.0480221070764205,0.0248168573545147,0.0016583747927031,0.0441375334015475,0.0292512551844575,0.0016583747927031,11,5,0,45,46,8.729199414602418,8.667166015729496,0.23750905141202028,1.4728864937689459
144,144,144,"(495, 496)",0.0480221070764205,0.0242270837099981,0.0016583747927031,0.0450972084505271,0.0297550023438849,0.0016583747927031,9,15,1,43,44,6.419155509783728,6.384570113958589,0.19011988092364632,5.241757419258262
145,145,145,"(488, 487)",0.0511087277170758,0.0252539001151711,0.0016583747927031,0.0310625747693943,0.029166364361895,0.0016583747927031,12,12,0,40,40,5.478454116754295,5.4633245947247335,0.24957760077238716,0.9676658807679354
146,146,146,"(487, 486)",0.0511087277170758,0.0246434263762311,0.0016583747927031,0.0301041514476837,0.0286821889789996,0.0016583747927031,1,7,0,43,44,7.535692991490054,7.566903857471511,0.1490868130983989,0.6484038771004079
147,147,147,"(486, 34)",0.0511087277170758,0.0240617705153528,0.0024875621890547,0.0295960892716217,0.0282270333528379,0.0024875621890547,7,14,1,36,36,6.770827687137515,6.772136322294152,0.19720009654839488,0.7681972980053142
148,148,148,"(34, 35)",0.0499329573169911,0.0256486601446193,0.0033167495854063,0.0274993733375936,0.0279341254951011,0.0033167495854063,8,12,0,14,16,8.040218982058649,8.030870472419881,0.16091399147155847,0.8330900789641106
149,149,149,"(35, 393)",0.0172786860270603,0.0251077384298294,0.0024875621890547,0.0164209281941026,0.0273345421577515,0.0024875621890547,8,4,1,31,32,8.409127866008998,8.389973784174202,0.1902003379193821,1.0912391003330715
150,150,150,"(393, 392)",0.0172786860270603,0.0244992483646853,0.0016583747927031,0.0148159407389512,0.0268107242897158,0.0016583747927031,6,6,4,32,32,9.10580519269337,9.028195388154726,0.31732239118191324,222.0979753751731
151,151,151,"(392, 391)",0.0172786860270603,0.0239195541363374,0.0016583747927031,0.013646201606123,0.0263140668979511,0.0016583747927031,7,10,0,36,36,15.789040056371618,15.743405917286395,0.9418295920830316,19.254107256464952
152,152,152,"(391, 22)",0.0172786860270603,0.023366658916531,0.0016583747927031,0.0124931740153671,0.0258421187966058,0.0016583747927031,8,25,1,31,32,8.181744267982005,8.1577229682735,0.24756617587899268,2.066838815912578
153,153,153,"(22, 23)",0.0224144321097313,0.0235703396786928,0.0033167495854063,0.0155532853052671,0.0254387445156935,0.0033167495854063,21,14,0,13,14,9.974036533145428,10.049275052164143,0.3585163729986322,5.150480895176079
154,154,154,"(11, 944)",0.0167835327741192,0.020984131403118,0.0016583747927031,0.0067446115413298,0.0267649082314299,0.0016583747927031,4,4,0,0,30,5.829530055829585,5.861216628323792,0.29559900233325287,208.80805359080873
155,155,155,"(944, 943)",0.0167835327741192,0.0205661664392905,0.0016583747927031,0.0073211539098714,0.0270239989244179,0.0016583747927031,4,1,0,0,28,15.528104504309177,15.547750254133005,37.67632150615496,95.18483589686015
156,156,156,"(943, 942)",0.0167835327741192,0.0201645264847512,0.0016583747927031,0.0082206608538448,0.0274252967662709,0.0016583747927031,3,5,0,0,38,5.902542143205594,5.944037237172971,0.23952047630541476,1.987725010291531
157,157,157,"(942, 941)",0.0167835327741192,0.0197782734190501,0.0016583747927031,0.0091492983093913,0.027852193995381,0.0016583747927031,8,2,1,0,28,8.692666269174481,8.724519822374404,0.23992276128409365,1.1100258223868866
158,158,158,"(941, 940)",0.0167835327741192,0.0194065396498455,0.0016583747927031,0.0101054606577627,0.0283058724123362,0.0016583747927031,6,4,0,0,34,13.794080979998917,13.771601305441122,1.1705688309598519,13.130796003143596
159,159,159,"(940, 939)",0.0167835327741192,0.0190485216072782,0.0016583747927031,0.0110905241436003,0.0287890000238714,0.0016583747927031,1,3,0,0,36,7.608325654507019,7.59237065967578,0.2312334057446295,1.137644549230942
160,160,160,"(958, 959)",0.0299410933609237,0.0250941551010216,0.0016583747927031,0.0205696223081261,0.0292540933899332,0.0016583747927031,8,3,0,30,30,7.724050084015394,7.730405007757744,0.32512671976828383,1.0081209535571274
161,161,161,"(959, 960)",0.0299410933609237,0.0244992483646853,0.0016583747927031,0.0195533639437535,0.0287396039368014,0.0016583747927031,6,7,2,38,38,8.1202775218169,8.150286234016372,0.25931289725641643,1.0480146701096515
162,162,162,"(960, 961)",0.0299410933609237,0.023931895302919,0.0016583747927031,0.0185687592061297,0.0282581189371573,0.0016583747927031,9,4,1,28,28,7.717003631633151,7.721684233053341,0.24812937484914313,2.1347629205493805
163,163,163,"(961, 962)",0.0299410933609237,0.0233902249806051,0.0016583747927031,0.017613055605972,0.0278059577607673,0.0016583747927031,10,6,0,27,28,6.895495690823351,6.880744743459419,0.23525625553141846,0.9043074735226975
164,164,164,"(962, 963)",0.0299410933609237,0.0228725320993039,0.0016583747927031,0.0166848768986393,0.0273804658765835,0.0016583747927031,9,6,1,38,40,7.509675321155618,7.529613182815258,0.2192453133799984,1.1065079899704353
165,165,165,"(963, 964)",0.0299410933609237,0.0223772590640887,0.0016583747927031,0.0158849035027606,0.0270221823885278,0.0016583747927031,13,4,0,29,30,3.7576562415307064,3.7710127869027876,0.10564003540107812,1.8514651397777029
166,166,166,"(964, 9)",0.0299410933609237,0.0219029803309057,0.0024875621890547,0.0159500912012632,0.026792855238603,0.0024875621890547,7,5,2,32,32,11.669304569353352,11.651383018565085,0.787915359240486,98.7223532053441
167,167,167,"(9, 8)",0.008380871116983,0.0227994555353902,0.0024875621890547,0.0083189656560275,0.026329578202777,0.0024875621890547,6,3,0,18,18,9.676622039134912,9.617730458509444,0.36229785179821383,14.763556753115527
168,168,168,"(383, 384)",0.047046578999883,0.0227058779229581,0.0016583747927031,0.0467886652598435,0.0282528229396054,0.0016583747927031,7,15,0,13,16,4.072036424738468,4.051896634743994,0.09791616381044332,0.36259870513828074
169,169,169,"(384, 28)",0.047046578999883,0.0222070819599683,0.0016583747927031,0.0479695978490871,0.0288323610978292,0.0016583747927031,11,18,0,19,19,5.33280936636132,5.3289283612433795,0.1847292622093491,1.0284420493245012
170,170,170,"(28, 29)",0.0840752274981543,0.025339328486784,0.0033167495854063,0.0838260581586583,0.0294591821779275,0.0033167495854063,16,7,7,6,8,6.165645834462572,6.20068482157188,0.2833695389814144,2.6479173683619623
171,171,171,"(29, 571)",0.0577153257620217,0.0247252747252747,0.0016583747927031,0.0626024145027335,0.0297307957795089,0.0016583747927031,3,4,1,5,17,7.729307821562144,7.7594029211920175,0.3036447019068308,97.88948766887466
172,172,172,"(571, 572)",0.0577153257620217,0.02414027783338,0.0016583747927031,0.0635345908730717,0.0302354150475092,0.0016583747927031,9,5,4,2,22,15.606320125752074,15.731742549890322,0.22004988333735617,1.217170016092212
173,173,173,"(572, 573)",0.0577153257620217,0.0235823230348064,0.0016583747927031,0.0644956683808762,0.0307739416673046,0.0016583747927031,10,3,0,6,21,4.633530272643504,4.629393825905516,0.26977230670206775,1.3288050596908798
174,174,174,"(573, 574)",0.0577153257620217,0.0230495776155345,0.0016583747927031,0.0654842707815056,0.031348288321073,0.0016583747927031,5,3,1,5,20,21.405550436338014,21.364025466802204,0.4279507603186097,5.086710826690618
175,175,175,"(574, 575)",0.0577153257620217,0.0225403708133971,0.0016583747927031,0.0665017743196012,0.0319622601505353,0.0016583747927031,3,2,0,16,22,4.70155563987208,4.699909047134985,0.3499879314506396,1.748437558474608
176,176,176,"(575, 576)",0.0577153257620217,0.0220531763156932,0.0016583747927031,0.0675509314844455,0.0326210440898025,0.0016583747927031,7,4,1,20,21,3.9107268686649683,3.906104542293082,0.2703355056722182,1.2292953108042364
177,177,177,"(975, 974)",0.0325749091207071,0.0273978826843564,0.0016583747927031,0.0144603104263587,0.0313874502251255,0.0016583747927031,8,8,2,21,21,15.047915876199252,15.15665293456744,0.289001528682919,2.5453388720482018
178,178,178,"(974, 582)",0.0325749091207071,0.0266814159292035,0.0016583747927031,0.013429604770026,0.0307865111173512,0.0016583747927031,7,8,0,21,22,4.544257141308472,4.541383553581938,0.3512752433824121,1.7265820889936754
179,179,179,"(582, 581)",0.0325749091207071,0.0260014660859816,0.0016583747927031,0.0124296188601497,0.0302248063958296,0.0016583747927031,7,5,1,20,21,8.356713100981082,8.460274998662458,0.32786225762330035,2.627072340107032
180,180,180,"(581, 580)",0.0325749091207071,0.0253553107392145,0.0016583747927031,0.0114574330920266,0.0296978502302445,0.0016583747927031,5,8,0,19,20,17.06683289067158,17.221015461987054,0.26204843511143294,2.989184536506867
181,181,181,"(580, 579)",0.0325749091207071,0.0247404915275099,0.0016583747927031,0.0105722849261617,0.0292030898128193,0.0016583747927031,7,7,0,20,20,6.968832999078541,6.967470975335723,0.2759674953737227,5.058455896111672
182,182,182,"(579, 30)",0.0325749091207071,0.0241547828873577,0.0024875621890547,0.0125331236222369,0.0290231752220056,0.0024875621890547,4,15,0,17,17,5.667028023199089,5.669199079771013,0.2675999678172017,1.0174768908349239
183,183,183,"(30, 31)",0.0192068702132491,0.0257582229816317,0.0033167495854063,0.0122220212676422,0.0286862824385718,0.0033167495854063,15,9,3,7,9,62.77716949428153,63.904659996789896,0.2717837315954622,2.3569477190224917
184,184,184,"(31, 387)",0.0314634756140917,0.0257071600622428,0.0024875621890547,0.0291510687558386,0.0282939189189189,0.0024875621890547,9,17,1,18,19,8.967586319041683,8.940506125942967,0.33413790329069115,4.900078589873133
185,185,185,"(387, 386)",0.0314634756140917,0.0250696378830083,0.0016583747927031,0.027831943707356,0.027729875146582,0.0016583747927031,7,13,1,15,15,11.080275353677706,11.06826815044674,0.3170810201947059,7.32281725983309
186,186,186,"(29, 30)",0.0255300262174604,0.0247146340963583,0.0024875621890547,0.0308768565822435,0.0292087480927123,0.0024875621890547,10,2,0,2,8,6.7896362946501165,6.785832753731743,0.2933462064526511,3.253433628980951
187,187,187,"(30, 972)",0.0388980651249186,0.0257626249679569,0.0024875621890547,0.0361492410954703,0.0291607224895422,0.0024875621890547,5,6,3,19,20,18.116212260827144,18.202022363704458,0.329793225520959,16.727180868979456
188,188,188,"(972, 973)",0.0388980651249186,0.0251213364717645,0.0016583747927031,0.03556007802224,0.0289583633482207,0.0016583747927031,7,6,2,20,20,7.507886606320126,7.517628805307367,0.31265588542923806,3.690543018599603
189,189,189,"(973, 33)",0.0388980651249186,0.0245111987317588,0.0024875621890547,0.0357378645761601,0.0287876256176449,0.0024875621890547,4,7,0,17,18,60.20846658355467,61.60644160291049,0.28988655563601257,96.64608360465552
190,190,190,"(33, 34)",0.014765959401805,0.0254253367908418,0.0033167495854063,0.01650566465702,0.0282475289267812,0.0033167495854063,8,8,0,10,10,19.736733698303432,19.747632550425337,0.2750020114248934,17.909546798398264
191,191,191,"(34, 395)",0.0159417298018895,0.0256530247596358,0.0024875621890547,0.0164527208838019,0.0278901968039592,0.0024875621890547,6,19,0,20,20,14.128408043796412,14.13204215932802,5.345562796685172,14.928932300437857
192,192,192,"(395, 394)",0.0159417298018895,0.0250171136971809,0.0016583747927031,0.0139820628931783,0.0272222473026048,0.0016583747927031,4,13,2,14,14,35.125806276762965,35.85811353057621,0.27797892026711724,91.97421503686239
193,193,193,"(394, 37)",0.0159417298018895,0.0244119671268369,0.0024875621890547,0.0126161589566267,0.0266137040714995,0.0024875621890547,10,16,0,16,17,9.715323323757385,9.725964367877587,4.140236543567463,8.99940122001422
194,194,194,"(37, 38)",0.0051444024689828,0.0240253401597705,0.0024875621890547,0.0031795386087874,0.0259768233317537,0.0024875621890547,2,8,0,7,8,7.651146403599111,7.67695682413996,0.2795880601818328,33.65293215074286
195,195,195,"(36, 397)",0.0117084012854124,0.0225622988849809,0.0016583747927031,0.007352526189801,0.0262367837096984,0.0016583747927031,9,5,2,15,16,10.345492980649357,10.35129206570007,16.64389733687344,10.993862505145765
196,196,196,"(39, 36)",0.0133048450692595,0.0230782478902348,0.0024875621890547,0.0061446713506613,0.0256754167465031,0.0024875621890547,16,6,4,7,7,5.347552712884167,5.320956610133219,0.3032424169281519,111.54911867070844
197,197,197,"(397, 396)",0.0117084012854124,0.022068915036507,0.0016583747927031,0.0087497749456923,0.026828020376838,0.0016583747927031,5,3,1,14,16,11.728657379803783,11.680327430314055,6.483707458363504,17.075633396953705
198,198,198,"(396, 35)",0.0117084012854124,0.0215966476845385,0.0024875621890547,0.0114260810329173,0.0274540156619923,0.0024875621890547,10,3,1,20,20,31.632717220445553,31.620031030977476,0.2883578727170327,30.8825642752891
199,199,199,"(35, 32)",0.0443626725753435,0.0251025123327019,0.0033167495854063,0.0259759987654532,0.0281322167533649,0.0033167495854063,5,4,0,5,8,9.833866334218657,9.836659354769676,1.8324885348781077,8.978331649264623
200,200,200,"(32, 398)",0.0484553783804417,0.0247664031214703,0.0024875621890547,0.0399869154888567,0.0283218261237142,0.0024875621890547,7,7,1,18,18,33.66187869261206,33.990155689904235,0.2733928715101778,11.603495378166985
201,201,201,"(398, 399)",0.0484553783804417,0.024173180998196,0.0016583747927031,0.0400192171774272,0.0285032261114131,0.0016583747927031,9,19,0,22,22,11.829259038430267,11.831844203092398,3.6958725561187546,9.239137756820478
202,202,202,"(399, 31)",0.0484553783804417,0.023607712635803,0.0024875621890547,0.0417427474772776,0.0287156531263393,0.0024875621890547,7,17,0,19,19,11.970242289554989,11.971323096677546,3.4434789604956153,8.574042887616482
203,203,203,"(31, 28)",0.0361987729795991,0.0257016814781663,0.0024875621890547,0.0265067016220888,0.0288855356757921,0.0024875621890547,12,8,0,2,8,37.49970188086075,37.539243486169816,0.2622093491029045,16.18528498184948
204,204,204,"(36, 37)",0.0007665682651748,0.0225589225589225,0.0024875621890547,0.0006210346582925,0.0254639893583328,0.0024875621890547,4,8,0,7,8,9.845303268469836,9.844577604194532,2.4582025907152625,8.493656674525655
205,205,205,"(37, 400)",0.0115638955980815,0.0240301273238089,0.0024875621890547,0.0071948100018181,0.026029526029526,0.0024875621890547,14,16,3,16,16,7.50571846712559,7.495211599165374,0.2679217958001448,16.00572583361401
206,206,206,"(400, 401)",0.0115638955980815,0.0234721681588166,0.0016583747927031,0.0063160905589792,0.0257714334558509,0.0016583747927031,4,16,0,13,16,186.83890725784596,184.11577764699587,0.2630139190602623,9.846263238651249
207,207,207,"(404, 403)",0.0073305670816044,0.0229173000912131,0.0016583747927031,0.0056674241479953,0.0251595944423582,0.0016583747927031,6,13,0,11,14,13.928451406580303,13.927933229896741,2.0366079330597797,8.952883499869017
208,208,208,"(403, 38)",0.0073305670816044,0.0224092758793689,0.0016583747927031,0.0054518645594528,0.0249472508377808,0.0016583747927031,9,14,1,13,14,15.92221800639601,15.920068482157188,2.2626116340815834,8.553796639347329
209,209,209,"(38, 39)",0.0133048450692595,0.0236220472440944,0.0024875621890547,0.0065228959205926,0.0254865910099537,0.0024875621890547,21,8,1,5,8,220.41807144018645,219.99737841742015,0.2614852361412825,7.635455259907937
210,210,210,"(410, 411)",0.050341554429001,0.0204722538152065,0.0016583747927031,0.0241384344291677,0.0281578332944197,0.0016583747927031,13,6,4,1,50,7.689685077781993,7.7170295864319725,0.27516292541636495,1.5651360353280193
211,211,211,"(411, 412)",0.050341554429001,0.0200718993409227,0.0016583747927031,0.0252069608968396,0.028681506849315,0.0016583747927031,16,7,0,1,36,61.5182936744539,62.78947086833235,0.28320862498994287,4.764417499345084
212,212,212,"(412, 413)",0.050341554429001,0.019686903148925,0.0016583747927031,0.0263044117372768,0.0292363636363636,0.0016583747927031,12,6,2,4,42,7.856631795761288,7.866566796854101,0.2862659908279025,2.6514726245275253
213,213,213,"(413, 414)",0.050341554429001,0.0193163981164109,0.0016583747927031,0.0274238824919738,0.0298249084973785,0.0016583747927031,7,7,4,0,36,8.936907149438994,8.940078112460542,4.024217555716469,7.945473597545002
214,214,214,"(414, 415)",0.0503415544290009,0.0189595811913408,0.0016583747927031,0.0285982487261035,0.0304691644981177,0.0016583747927031,12,2,1,1,34,14.011491137731042,14.17746509015034,0.2734733285059136,30.52516747127727
215,215,215,"(415, 426)",0.0503415544290009,0.018615707582119,0.0016583747927031,0.0298247579503831,0.0311708451796329,0.0016583747927031,12,11,2,0,42,9.389939834137351,9.385158632496923,0.2855418778662805,8.869653081845739
216,216,216,"(426, 427)",0.0503415544290009,0.0182840855683075,0.0016583747927031,0.0310677821103578,0.031915738216847,0.0016583747927031,11,3,0,2,42,14.079082877120712,14.126852495853619,0.29101295357631346,3.1859960330825943
217,217,217,"(427, 88)",0.0503415544290009,0.0179640718562874,0.0016583747927031,0.0323275964549557,0.0327077457149056,0.0016583747927031,14,7,2,0,60,127.55298390156648,127.58081429565031,0.29567945932898865,117.81246959320384
218,218,218,"(88, 89)",0.0803176012186972,0.0296606000983767,0.0033167495854063,0.0522508358889768,0.0335540593177897,0.0033167495854063,13,13,11,12,26,73.0441216326088,73.63929163768658,0.23517579853568268,7.297668500430373
219,219,219,"(89, 589)",0.041233606714501,0.028816515734391,0.0016583747927031,0.0289190802035798,0.0327859939103958,0.0016583747927031,8,7,1,1,44,3.9476394384519486,3.914611310256273,0.22157856625633598,0.965794693312376
220,220,220,"(589, 590)",0.041233606714501,0.0280191440918172,0.0016583747927031,0.0284096908051068,0.0324019344438474,0.0016583747927031,4,6,0,2,46,7.890617377635644,7.889733026590338,1.1147316759192212,5.884435462744658
221,221,221,"(594, 593)",0.0442608992841233,0.0270658467615243,0.0016583747927031,0.0495764208635616,0.0335914433736282,0.0016583747927031,8,7,0,2,54,16.826115236598188,16.8873254507517,0.2852200498833374,1.6925264773024962
222,222,222,"(593, 90)",0.0442608992841233,0.0263612319394959,0.0024875621890547,0.0544009905026436,0.0342283022080944,0.0024875621890547,8,9,0,0,46,7.381267277359206,7.401316141458456,0.2533590795719688,1.414168631413495
223,223,223,"(90, 91)",0.023502221488225,0.0288006877776185,0.0033167495854063,0.0292069806760182,0.0336036111343308,0.0033167495854063,9,8,0,1,28,8.090953439210796,8.094537477930555,0.2222222222222222,1.3660416900565098
224,224,224,"(91, 429)",0.0634711183593327,0.030286288297338,0.0024875621890547,0.0607555809447979,0.0336457984599933,0.0024875621890547,6,6,1,0,64,5.125535259363651,5.115189128457547,0.22592324402606806,0.9188653119269489
225,225,225,"(429, 428)",0.0634711183593326,0.0294182217343578,0.0016583747927031,0.0585186593662082,0.0328082918468946,0.0016583747927031,2,2,0,1,42,14.442734023524311,14.581349312503344,0.23968139029688632,1.2621907862729689
226,226,226,"(428, 425)",0.0634711183593326,0.0285985297604932,0.0016583747927031,0.0572752223328412,0.032021666401147,0.0016583747927031,5,8,0,0,46,5.969862865195946,5.997592424161361,0.2280955829109341,1.1656000898169978
227,227,227,"(425, 424)",0.0634711183593326,0.027823278348137,0.0016583747927031,0.0560483002351691,0.031281612325889,0.0016583747927031,8,5,0,1,36,5.538294758523497,5.541758065379059,0.3124145144420307,2.347591781744695
228,228,228,"(424, 423)",0.0634711183593326,0.0270889487870619,0.0016583747927031,0.0548738447338005,0.0306029232643118,0.0016583747927031,11,6,2,0,44,8.770177245379154,8.791236423947355,0.19494730066779306,1.2615545825380787
229,229,229,"(423, 422)",0.0634711183593326,0.0263923842871211,0.0016583747927031,0.0537546083180177,0.0299835910695639,0.0016583747927031,8,11,1,1,42,7.893652772507995,7.890589053555187,0.22206130823075065,3.4867332809400846
230,230,230,"(422, 421)",0.0634711183593326,0.0257307446127586,0.0016583747927031,0.052657391816495,0.0294002925402242,0.0016583747927031,9,7,0,4,44,8.443330261802808,8.382804558343588,0.2791857752031539,5.27263201227499
231,231,231,"(421, 420)",0.0634711183593326,0.0251014673743365,0.0016583747927031,0.0515891725711118,0.0288502942442945,0.0016583747927031,8,7,0,0,46,6.262344842538891,6.288374083783639,0.291897980529407,6.497099659443883
232,232,232,"(939, 938)",0.0167835327741192,0.0187034739454094,0.0016583747927031,0.0121072412561866,0.0293052754355697,0.0016583747927031,5,3,0,0,34,5.445227383598027,5.438553314429405,0.2982540831925336,1.003031323678006
233,233,233,"(938, 588)",0.0167835327741192,0.0183707043626614,0.0016583747927031,0.0131638694633691,0.0298618333085722,0.0016583747927031,6,3,0,0,38,9.29893219144669,9.33240597078808,0.3427468018344195,7.015231465888252
234,234,234,"(588, 587)",0.0167835327741192,0.0180495689655172,0.0016583747927031,0.0142549037865828,0.0304591604788604,0.0016583747927031,3,5,0,0,40,8.198818364138978,8.2027713872987,0.2615656931370183,1.5785711612589348
235,235,235,"(587, 586)",0.0167835327741192,0.0177394681101435,0.0016583747927031,0.0153679580240564,0.0310936936007837,0.0016583747927031,5,1,0,0,40,60.81164290747466,61.22690064737039,0.27049641966368976,10.247932337861608
236,236,236,"(586, 461)",0.0167835327741192,0.0174398426654326,0.0016583747927031,0.0165219492839497,0.0317686107159791,0.0016583747927031,3,4,0,0,38,7.9440078053011005,7.943876732117062,0.2865878188108456,6.541970734628195
237,237,237,"(461, 460)",0.0167835327741192,0.0171501706484641,0.0016583747927031,0.0177292700236913,0.0325286581254214,0.0016583747927031,8,4,0,0,40,5.834299962057564,5.867850837301375,0.2752433824121007,1.1232364058231354
238,238,238,"(460, 459)",0.0167835327741192,0.016869964189794,0.0016583747927031,0.0189682506458391,0.0333370190181335,0.0016583747927031,10,4,0,0,42,16.001842918315354,16.240436573752074,0.3018746480006437,2.9471576662550056
239,239,239,"(459, 458)",0.0167835327741192,0.0165987667914556,0.0016583747927031,0.0202595285643543,0.0342234456142342,0.0016583747927031,3,5,1,1,36,8.032630494877772,8.06275747686052,0.28682918979805294,2.092586355301074
240,240,240,"(458, 80)",0.0167835327741192,0.0163361508452535,0.0024875621890547,0.0226510658843888,0.0352188768507432,0.0024875621890547,6,5,0,0,32,8.363759553363327,8.361243379166444,0.4558693378389251,3.171101380936342
241,241,241,"(83, 462)",0.0299410933609237,0.0311442811765617,0.0024875621890547,0.031519997032077,0.0350877192982456,0.0024875621890547,6,6,0,0,32,17.204943357363543,17.33053341180247,0.35505672218199374,28.69518356348939
242,242,242,"(462, 463)",0.0299410933609237,0.0302331411381298,0.0016583747927031,0.0286721479464169,0.0341294996604029,0.0016583747927031,7,6,1,0,38,6.433140007588487,6.446257557113049,0.33590795719687827,5.76838441675087
243,243,243,"(463, 464)",0.0299410933609237,0.0293737974036096,0.0016583747927031,0.027416147765539,0.0332708011476495,0.0016583747927031,4,7,0,25,40,5.064664751477045,5.06307848697234,0.3075066377021482,1.0469668051345384
244,244,244,"(464, 465)",0.0299410933609237,0.0285619552860932,0.0016583747927031,0.0261780387649973,0.0324656096050825,0.0016583747927031,5,2,0,39,40,9.82438072524256,9.779626558236584,0.3099203475742216,2.331798959619775
245,245,245,"(465, 583)",0.0299410933609237,0.0277937821207162,0.0016583747927031,0.0249769392765998,0.0317084713677236,0.0016583747927031,10,5,0,40,40,7.397257303918912,7.401262639773153,0.32158661195590954,2.1281389169567007
246,246,246,"(583, 584)",0.0299410933609237,0.0270658467615243,0.0016583747927031,0.0238289628313546,0.0310360800864686,0.0016583747927031,8,11,0,38,40,23.832999078540844,23.703333154994382,1.634162040389412,128.3663036563003
247,247,247,"(584, 585)",0.0299410933609237,0.026375068343357,0.0016583747927031,0.0227163673420947,0.0304038723339888,0.0016583747927031,6,10,0,36,36,11.548918640576725,11.607618639987159,0.27628932335666584,1.6537928969724187
248,248,248,"(585, 958)",0.0299410933609237,0.0257186726947027,0.0016583747927031,0.0216257917670948,0.0298086904938454,0.0016583747927031,7,4,1,39,42,12.32055937991219,12.302712535444867,0.365516131627645,1.1966618015792823
249,249,249,"(496, 497)",0.0480221070764205,0.0236646913386444,0.0016583747927031,0.04608465861863,0.0302916132921407,0.0016583747927031,10,14,4,43,44,9.750447178708873,9.79738911775721,0.35368895325448546,1.415777852625276
250,250,250,"(497, 498)",0.0480221070764205,0.0231278166650685,0.0016583747927031,0.0471026818975996,0.0308653034064443,0.0016583747927031,9,5,0,44,46,8.666811209279636,8.733615108875929,0.3386434950518948,1.2704240110774296
251,251,251,"(498, 499)",0.0480221070764205,0.0226147614761476,0.0016583747927031,0.0481577245935044,0.0314808530632488,0.0016583747927031,8,6,1,46,46,8.596509295896796,8.59429672034669,0.31627645023734813,1.2850566969799035
252,252,252,"(499, 500)",0.0480221070764205,0.0221239749775274,0.0016583747927031,0.0492504952340238,0.0321505691663778,0.0016583747927031,6,7,0,42,42,7.963195837172747,7.907495586110962,0.3163569072330839,490.15310055761387
253,253,253,"(500, 501)",0.0480221070764205,0.0216540381369626,0.0016583747927031,0.0503715447975085,0.0328637218301223,0.0016583747927031,7,8,0,37,40,11.574990514391024,11.554009951313466,0.34556279668517176,16.98080161670596
254,254,254,"(501, 64)",0.0480221070764205,0.0212036499815391,0.0024875621890547,0.0531528925397126,0.0336242228232079,0.0024875621890547,7,13,0,40,42,9.998157081684644,10.022952222995025,0.415077641000885,1.959956588451031
255,255,255,"(64, 65)",0.0568545441676673,0.0294074615947329,0.0033167495854063,0.0591153246495325,0.0340754972875226,0.0033167495854063,4,7,2,26,26,7.1825573201799555,7.248301321491627,0.2285783248853488,0.7598518019535198
256,256,256,"(65, 526)",0.0593555247419742,0.0302036114102531,0.0024875621890547,0.0668833898450544,0.034614391090956,0.0024875621890547,8,10,0,31,34,7.191121469998374,7.201968862019154,0.366240244589267,1.0199842820253733
257,257,257,"(526, 527)",0.0593555247419742,0.0293259410563174,0.0016583747927031,0.0660564344173036,0.034713027459559,0.0016583747927031,5,9,0,38,38,8.602254864762317,8.611524263014285,0.4112961622013034,1.7686089592455372
258,258,258,"(527, 68)",0.0593555247419742,0.0284978378506108,0.0016583747927031,0.0663412999892641,0.0349190722992732,0.0016583747927031,14,8,2,36,36,5.795761287874681,5.782622652613557,0.20540671011344436,0.6286815613188129
259,259,259,"(68, 69)",0.0949671430528555,0.0304699343102577,0.0033167495854063,0.0934075948961308,0.0352312231602933,0.0033167495854063,18,16,1,18,18,11.268903463602364,11.31507142474988,0.6342424973851476,3.1056098199917668
260,260,260,"(69, 557)",0.0888769164541753,0.0295769466584917,0.0016583747927031,0.0890580239122343,0.0355500530597806,0.0016583747927031,11,12,2,0,26,9.169006450214104,9.212722700765074,0.3431490868130984,1.2913438868305827
261,261,261,"(557, 558)",0.0888769164541753,0.0287348105789849,0.0016583747927031,0.0895057949365831,0.0358939254144468,0.0016583747927031,9,6,0,0,36,9.838256816087593,9.821785886255418,0.4161235819454502,1.827738482841211
262,262,262,"(558, 112)",0.0888769164541753,0.0279393026757789,0.0024875621890547,0.0912902627910751,0.0362619520115461,0.0024875621890547,10,8,0,0,30,7.52528592335628,7.536621903589963,0.3017941910049079,1.4334418622057559
263,263,263,"(112, 113)",0.0629115307346556,0.0313222346310677,0.0033167495854063,0.0657180852111402,0.0359324255877007,0.0033167495854063,7,6,0,0,18,8.108677977126131,8.059707880798245,0.3602864269048194,10.719883237902772
264,264,264,"(113, 682)",0.0722590990250616,0.0318878900052882,0.0024875621890547,0.0782715785386243,0.0361901332373064,0.0024875621890547,9,7,0,0,38,5.329719768009106,5.3358300786474775,0.20902727492155443,2.28273642453501
265,265,265,"(682, 683)",0.0722590990250616,0.0309159424748135,0.0016583747927031,0.0760846705062932,0.0355259669484785,0.0016583747927031,13,4,0,1,44,7.450430917664914,7.415601091434381,0.3071043527234693,1.056547284907002
266,266,266,"(687, 686)",0.0754000299356506,0.0264294010650654,0.0016583747927031,0.0565113425164585,0.0345261952476381,0.0016583747927031,13,6,0,0,42,5.417149981028782,5.417473650419988,0.2009815753479765,0.6265109838703641
267,267,267,"(686, 114)",0.0754000299356506,0.0257582229816317,0.0016583747927031,0.0572396579145855,0.0350316621158426,0.0016583747927031,8,3,0,2,40,9.280990839611903,9.319137552832915,0.4051814305253842,1.7800980502226713
268,268,268,"(114, 115)",0.1049259342874258,0.0318365407460204,0.0033167495854063,0.0812355742805154,0.0356825847683294,0.0033167495854063,19,16,7,19,20,10.004390481868937,10.014338451661228,0.5809799662080618,2.5122562778339135
269,269,269,"(115, 556)",0.0831818767970995,0.030862933770089,0.0016583747927031,0.073002846663593,0.0353054831815919,0.0016583747927031,10,7,1,30,30,6.425334706488156,6.396340484725269,0.37637782605197523,35.142509636615394
270,270,270,"(556, 555)",0.0831818767970995,0.0299471083409897,0.0016583747927031,0.0725363292211667,0.0349565217391304,0.0016583747927031,7,10,1,35,36,14.447720743671743,14.38317907014071,3.783892509453697,24.315706747501963
271,271,271,"(555, 70)",0.0831818767970995,0.0290840688757053,0.0024875621890547,0.0723037095420642,0.0346302943287867,0.0024875621890547,6,6,0,28,28,8.592769255786221,8.59461773045851,0.4001126397940301,2.6545787957037534
272,272,272,"(70, 71)",0.0626637272432155,0.0308274328365839,0.0033167495854063,0.0465061381384768,0.0342925386715195,0.0033167495854063,8,7,1,15,16,8.088080654778036,8.129474078433471,0.35682677608818086,1.911455409602934
273,273,273,"(71, 525)",0.0609734694496568,0.0302089073693702,0.0024875621890547,0.0468652024225636,0.0340101522842639,0.0024875621890547,11,12,0,32,32,5.024174752019079,5.042266331389439,0.17217797087456754,0.474944799970061
274,274,274,"(525, 524)",0.0609734694496568,0.0293309336770678,0.0016583747927031,0.0446477381144849,0.0337720526463175,0.0016583747927031,11,10,0,38,38,7.399750663992628,7.433952169493339,0.23766996540349183,0.9665805920437109
275,275,275,"(524, 66)",0.0609734694496568,0.0285025524673851,0.0024875621890547,0.044917068017504,0.0336523704551162,0.0024875621890547,10,11,1,36,36,7.412705295679983,7.376330854421914,0.35803363102421754,110.33164926462332
276,276,276,"(66, 67)",0.0644735311778724,0.0303197908286403,0.0033167495854063,0.0413666276081961,0.0335363310252773,0.0033167495854063,6,7,0,23,26,17.475852349720853,17.44074688352683,30.729744951323518,24.97563713932862
277,277,277,"(67, 493)",0.0511087277170757,0.0296627886956735,0.0024875621890547,0.0389555198383749,0.0328744718549816,0.0024875621890547,8,6,1,40,40,7.790503550327931,7.7760419453212775,0.3242416928151903,1.377306238538977
278,278,278,"(493, 492)",0.0511087277170757,0.0288240917782026,0.0016583747927031,0.0363320680459475,0.0321471411435425,0.0016583747927031,9,4,1,40,40,10.051655916309826,10.152800813225616,0.4516051170649288,3.4657759814378206
279,279,279,"(492, 491)",0.0511087277170757,0.0280315180252423,0.0016583747927031,0.0352119359788904,0.0314644264134206,0.0016583747927031,9,5,1,40,42,8.439427611252642,8.415066074581349,0.3984230428835787,1.0008981699786685
280,280,280,"(491, 490)",0.0511087277170757,0.0272813645206533,0.0016583747927031,0.0341199644986114,0.0308227055485981,0.0016583747927031,6,6,0,45,46,7.806818797766817,7.765823123428388,0.3168396492074986,0.8835747165151004
281,281,281,"(490, 489)",0.0511087277170758,0.0265703143933552,0.0016583747927031,0.0330657414427782,0.0302323832443408,0.0016583747927031,10,4,1,42,44,3.9143042983359533,3.9032154512867154,0.13854694665701184,0.30620111522772353
282,282,282,"(489, 488)",0.0511087277170758,0.0258953877866529,0.0016583747927031,0.032048798232858,0.0296817700770347,0.0016583747927031,4,9,1,45,48,5.0651525827958155,5.066395591461131,0.17652264864429962,0.5728079038958123
283,283,283,"(401, 402)",0.0115638955980815,0.0229395316987807,0.0016583747927031,0.007266891917484,0.02618096561306,0.0016583747927031,5,12,3,13,13,8.597647568973928,8.643946284307956,0.31346045538659584,1.3377119119793421
284,284,284,"(402, 40)",0.0115638955980815,0.0224305323066622,0.0016583747927031,0.0082963229091371,0.0266131167799452,0.0016583747927031,6,11,0,12,12,6.835221421215242,6.814616660424804,0.2400836752755652,1.3192994274166385
285,285,285,"(40, 41)",0.0256993043083338,0.0238476597259298,0.0033167495854063,0.0166385430022854,0.0270694918297719,0.0033167495854063,10,8,2,8,8,12.156268632446203,12.195869669894602,0.8854292380722504,47.88417349650088
286,286,286,"(41, 502)",0.0195812087556684,0.0232998454404945,0.0016583747927031,0.0136126338724184,0.0275053596679286,0.0016583747927031,8,3,1,13,16,10.209713263591523,10.212294687282649,0.43245635207981337,19.819392986789417
287,287,287,"(502, 503)",0.0195812087556684,0.0227766341196245,0.0016583747927031,0.0146154214231716,0.0279697574098984,0.0016583747927031,7,9,0,16,17,6.889208087159195,6.934353432133112,0.23960093330115054,0.9784064967628457
288,288,288,"(503, 504)",0.0195812087556684,0.0222764047434334,0.0016583747927031,0.015645930473127,0.0284635355204153,0.0016583747927031,6,4,1,14,16,7.174426798200445,7.189021454175807,0.22495776007723872,0.7733243516335466
289,289,289,"(504, 505)",0.0195812087556684,0.0217976756375729,0.0016583747927031,0.0167039644159073,0.0289889909138983,0.0016583747927031,7,0,0,15,15,8.630549081251017,8.636830560162645,0.315954622254405,1.2278732083380113
290,290,290,"(505, 506)",0.0195812087556684,0.0213390898152735,0.0016583747927031,0.0178065310524103,0.0295486842750036,0.0016583747927031,10,2,0,17,17,9.656024716786817,9.714782515649244,0.2371067664333414,1.184162269376146
291,291,291,"(506, 48)",0.0195812087556684,0.020899402131531,0.0024875621890547,0.0196552693771103,0.0302680453769701,0.0024875621890547,9,8,0,19,19,13.668545720635265,13.644641806216896,1.502614852361413,5.709105198158752
292,292,292,"(48, 49)",0.0113970689802113,0.0265043294800228,0.0033167495854063,0.0124885244285539,0.0305695673113482,0.0033167495854063,8,5,1,11,14,6.14938479050355,6.192285056979295,0.20347574221578565,0.7120616743385353
293,293,293,"(49, 520)",0.0164213941042454,0.0282548087060422,0.0024875621890547,0.0146789432667719,0.0311635959585519,0.0024875621890547,7,6,0,18,18,7.700146349395631,7.776523460489005,0.23340574462949554,1.0353280191609595
294,294,294,"(520, 521)",0.0164213941042454,0.027485300150417,0.0016583747927031,0.0133824617813948,0.0312435233160621,0.0016583747927031,7,4,0,16,17,14.422407718575533,14.50104328286341,1.2619679781156972,6.424834399910183
295,295,295,"(521, 60)",0.0164213941042454,0.0267565948572316,0.0024875621890547,0.0138398124109989,0.0314103398880062,0.0024875621890547,4,12,0,16,18,6.734402948669304,6.743298913915789,0.23726768042481294,0.7640432618539725
296,296,296,"(60, 61)",0.0023681729664265,0.027644065465548,0.0024875621890547,0.0032677020739625,0.0310296917614367,0.0024875621890547,4,7,0,7,7,6.1238549514878855,6.141351452570756,0.20339528522004988,0.6842932524980353
297,297,297,"(62, 63)",0.0182728064216885,0.0279717035834396,0.0024875621890547,0.0119382411423951,0.0307135944583099,0.0024875621890547,9,6,0,6,7,9.173613746002493,9.23535391364828,0.2552095904738917,1.18113094569814
298,298,298,"(63, 523)",0.0134195943813829,0.0273184433470756,0.0024875621890547,0.0122760835168473,0.0304668552950687,0.0024875621890547,8,12,1,20,20,9.466529351184347,9.488256380075972,0.2261646150132754,1.1723737884061225
299,299,299,"(523, 522)",0.0134195943813829,0.0265984429103901,0.0016583747927031,0.0113997418970545,0.0302756439222774,0.0016583747927031,8,10,0,17,18,6.817388476340181,6.872291477181531,0.23372757261243865,0.7594775644624079
300,300,300,"(522, 50)",0.0134195943813829,0.0259154203197524,0.0024875621890547,0.0114344340325519,0.0301794249393158,0.0024875621890547,6,4,1,14,15,5.807469239525178,5.834358782301642,0.1986483224716389,0.6700348040866734
301,301,301,"(50, 51)",0.030081381933119,0.0275405343685773,0.0033167495854063,0.0204597557011733,0.030125146753928,0.0033167495854063,10,8,0,13,13,9.693045693533525,9.700123053876197,0.6671494086410813,3.0151940421391417
302,302,302,"(51, 511)",0.0201564790157098,0.0268866347118492,0.0024875621890547,0.0169409346727898,0.0293259410563174,0.0024875621890547,9,10,0,17,17,4.837281153450052,4.860253597988336,0.17684447662724273,0.5946259496276337
303,303,303,"(511, 510)",0.0201564790157098,0.026192337763878,0.0016583747927031,0.0150470462424252,0.0287553648068669,0.0016583747927031,8,6,1,16,16,3.902596346685457,3.872772992349259,0.1347654678574302,0.3033194865461622
304,304,304,"(510, 509)",0.0201564790157098,0.0255329959985603,0.0016583747927031,0.0139638518467475,0.0282250514884853,0.0016583747927031,4,4,0,15,17,6.199414602417475,6.175111015997004,0.20419985517740769,0.6707458553197859
305,305,305,"(509, 508)",0.0201564790157098,0.0249060344471521,0.0016583747927031,0.0129092527563936,0.0277266875114953,0.0016583747927031,4,10,4,16,18,5.0514933058702365,5.0485260285699,0.17451122375090514,0.45933909659069644
306,306,306,"(508, 507)",0.0201564790157098,0.0243091249924411,0.0016583747927031,0.0118821785588646,0.0272579332790886,0.0016583747927031,11,11,1,15,17,6.543986123909155,6.504627895778717,0.2133719526912865,0.6760974514426855
307,307,307,"(507, 42)",0.0201564790157098,0.0237401574803149,0.0024875621890547,0.0110640200775423,0.0268166859379169,0.0024875621890547,7,14,0,15,15,7.103853867418288,7.129046064951046,0.2512671976828385,0.789491411249579
308,308,308,"(42, 43)",0.01601948762412,0.024555616639179,0.0033167495854063,0.0068819087847063,0.026381414883843,0.0033167495854063,8,6,0,7,8,3.525882161634777,3.5401530148199667,0.10724917531579371,0.2812768983196737
309,309,309,"(43, 405)",0.0073305670816044,0.0240057327122895,0.0024875621890547,0.0079786100998091,0.0259611658845309,0.0024875621890547,11,14,3,14,14,8.316168898043255,8.297041356802739,0.22922198085123502,1.0534036899816623
310,310,310,"(405, 404)",0.0073305670816044,0.0234488926911784,0.0016583747927031,0.0066775141209472,0.0255497648404728,0.0016583747927031,6,14,0,14,14,5.922001192476557,5.961906800064202,0.16533912623702632,0.5718723101680326
311,311,311,"(89, 90)",0.0382541189855243,0.0288082555000836,0.0024875621890547,0.027513165911634,0.0340899454447805,0.0024875621890547,10,5,0,0,16,8.753157352702043,8.7053662190359,0.3839407836511385,1.069870139590584
312,312,312,"(90, 87)",0.0590127967814225,0.0288034392166228,0.0033167495854063,0.0630366775765086,0.0348907854766382,0.0033167495854063,6,4,2,3,26,15.810342023957938,15.82601251939436,1.6933783892509453,14.169043074735226
313,313,313,"(87, 85)",0.0378900793405035,0.0302650070267014,0.0033167495854063,0.0450976803253186,0.0351962644097475,0.0033167495854063,8,3,1,0,54,9.160117079516505,9.132202664383929,0.333816075307748,1.243740877961154
314,314,314,"(85, 433)",0.0606607959284411,0.0311057233499264,0.0024875621890547,0.0565099577551505,0.0358001602992252,0.0024875621890547,10,6,0,0,34,7.145698953872839,7.099245626237226,0.2486121168235578,0.7691328917330938
315,315,315,"(433, 432)",0.0606607959284411,0.0301756493019066,0.0016583747927031,0.0558608267670006,0.0359388503143904,0.0016583747927031,12,4,1,1,36,6.178275245270746,6.174254989032154,0.2110386998149489,0.6640095804797724
316,316,316,"(432, 81)",0.0606607959284411,0.0292995796992298,0.0024875621890547,0.0578400143657339,0.0363012461621816,0.0024875621890547,6,5,1,0,38,5.038918098541926,4.9970039056230275,0.18577520315391424,0.4703791025784963
317,317,317,"(81, 82)",0.0657756091376371,0.0312006830000258,0.0033167495854063,0.064066382125237,0.0362107791622879,0.0033167495854063,8,6,0,0,22,7.125481055883788,7.090524851532823,0.2625311770858476,0.832566146476554
318,318,318,"(82, 452)",0.0649866493920083,0.0309254558042926,0.0024875621890547,0.0606095440762833,0.0360743022942777,0.0024875621890547,4,9,1,1,34,7.90438506152095,7.947889358514793,0.3107249175315794,0.8807679353317616
319,319,319,"(452, 453)",0.0649866493920082,0.0300074645434187,0.0016583747927031,0.0599838413923256,0.0359260031576752,0.0016583747927031,9,2,0,0,38,4.821128516450756,4.8620726552886415,0.17282162684045377,0.5843718423711688
320,320,320,"(453, 454)",0.0649866493920082,0.0291424014692023,0.0016583747927031,0.059964560907124,0.0359014050964515,0.0016583747927031,1,3,0,0,38,5.846062117187923,5.851586324969237,0.21562474857188832,0.6813742000673627
321,321,321,"(454, 77)",0.0649866493920082,0.028325817361894,0.0024875621890547,0.061472805425033,0.0361218438314314,0.0024875621890547,9,7,0,1,30,9.15973765515746,9.185704349687015,0.3418617748813259,1.2595711238351859
322,322,322,"(77, 78)",0.0502935175408907,0.0311684283979014,0.0033167495854063,0.0466505539823549,0.0359270734032411,0.0033167495854063,10,4,0,9,16,7.121307387934305,7.138836873361511,0.24933622978517983,0.7730623853897683
323,323,323,"(78, 73)",0.0690343506606587,0.0313376987839102,0.0024875621890547,0.0651500828347716,0.0359517066626919,0.0024875621890547,8,8,1,24,24,6.5257737546750505,6.545342678294366,0.21345240968702228,0.6786796901313573
324,324,324,"(73, 74)",0.0766164952626828,0.0313654096228868,0.0033167495854063,0.0700622563969541,0.0357555812505559,0.0033167495854063,26,8,0,16,16,6.148625941785463,6.23813600128404,0.2041193981816719,0.7211556453725534
325,325,325,"(74, 554)",0.0447677272208143,0.0304215119945513,0.0016583747927031,0.0454774717622954,0.0353178902978299,0.0016583747927031,10,8,1,26,38,6.192151336115779,6.176395056444278,0.19880923646311047,0.6781183338946896
326,326,326,"(554, 553)",0.0447677272208143,0.0295327652071701,0.0016583747927031,0.0450392094099095,0.0349930362116991,0.0016583747927031,4,6,1,45,46,6.073770936094097,6.061901449895672,0.19108536487247565,0.6328355974701546
327,327,327,"(553, 552)",0.0447677272208143,0.0286944728639748,0.0016583747927031,0.0446648484406101,0.0347180240089817,0.0016583747927031,10,2,0,40,40,23.966231232045097,24.572040019260605,0.19011988092364632,18.931102877886307
328,328,328,"(552, 65)",0.0447677272208143,0.0279024570820415,0.0024875621890547,0.0452567300533999,0.0344876890960565,0.0024875621890547,7,3,7,42,42,3.5233888015610604,3.5198758760900968,0.15656931370182636,0.6877736611653755
329,329,329,"(65, 66)",0.0422667466465074,0.0301975611588251,0.0033167495854063,0.0365830549168066,0.0338916366906474,0.0033167495854063,4,6,1,17,18,3.5742858691527997,3.57348456476379,0.11521441789363585,0.27921859211855843
330,330,330,"(66, 515)",0.0387666849182921,0.030325890162945,0.0024875621890547,0.0369908684328536,0.0333333333333333,0.0024875621890547,9,12,0,47,48,5.929535476177571,5.943448718634637,0.16912060503660795,0.5703753602035851
331,331,331,"(515, 514)",0.0387666849182921,0.0294412030368869,0.0016583747927031,0.0343036595540153,0.0324202263501707,0.0016583747927031,11,5,1,39,40,6.158545178600466,6.185062329463378,0.18657977311127202,0.6385988548332772
332,332,332,"(514, 49)",0.0387666849182921,0.0286066701456425,0.0024875621890547,0.0332690411429112,0.0315640703517587,0.0024875621890547,7,12,0,42,42,2.99745243644642,3.0250387887218446,0.08761766835626358,0.8715616930504098
333,333,333,"(49, 50)",0.0337423597942581,0.0282495139490759,0.0033167495854063,0.0280843909365321,0.0307347282040826,0.0033167495854063,13,11,0,13,14,3.5188899127323974,3.4830667166015727,0.15793708262933462,2.890310991355114
334,334,334,"(50, 519)",0.0170805722425218,0.0275455666712347,0.0024875621890547,0.0163382707903751,0.0298884758364312,0.0024875621890547,8,4,1,44,44,9.166784107539703,9.19549515809748,0.18762571405583717,6.743722166086599
335,335,335,"(519, 518)",0.0170805722425218,0.0268137047824443,0.0016583747927031,0.0142034222838827,0.0290721500373647,0.0016583747927031,9,6,0,40,40,3.059190200010841,3.0341875769086726,0.08222704964196637,0.24269301298604093
336,336,336,"(518, 53)",0.0170805722425218,0.0261197262410118,0.0024875621890547,0.0127713246146464,0.028304543747653,0.0024875621890547,7,3,1,36,40,7.7007967911539925,7.758814402653684,0.19430364470190684,0.793720294899143
337,337,337,"(53, 54)",0.0120765467269461,0.025594770686984,0.0024875621890547,0.008017972139032,0.0275676046357464,0.0024875621890547,7,8,0,16,16,8.301750772399588,8.358996308383714,0.2188430284013195,1.03061262677295
338,338,338,"(55, 52)",0.0084625282990304,0.0243769328724758,0.0024875621890547,0.0033645125988706,0.0272185609822154,0.0024875621890547,9,8,1,14,16,9.41709577754892,9.387780215076775,0.17982138546946658,0.9941244713895439
339,339,339,"(52, 516)",0.0175779863771441,0.024095904095904,0.0024875621890547,0.0147201146210583,0.0279418919858205,0.0024875621890547,10,9,0,41,42,12.910835275624695,13.003370606174094,0.1816718963713895,1.0091313947831293
340,340,340,"(516, 517)",0.0175779863771441,0.0235340033173968,0.0016583747927031,0.016226826332624,0.0286896945475306,0.0016583747927031,10,10,0,40,40,14.858691527996097,14.856240971590605,0.3527234693056561,3.827551364095655
341,341,341,"(517, 51)",0.0175779863771441,0.0229977116704805,0.0024875621890547,0.0190343107844502,0.0294843898980514,0.0024875621890547,9,3,2,42,44,9.41042874952572,9.439944358247285,0.20146431732239117,0.8030762321769395
342,342,342,"(51, 48)",0.0275028892945533,0.0268782455592948,0.0033167495854063,0.0241139382916918,0.0302954180064308,0.0033167495854063,8,6,2,14,16,14.148300720906283,14.175699534535338,0.2558532464397779,2.1369334979978296
343,343,343,"(48, 512)",0.0356870290700104,0.0265089901965094,0.0024875621890547,0.0342862593975353,0.0311121430229858,0.0024875621890547,5,8,1,44,44,12.407176540733914,12.400139104381788,0.29173706653793546,1.8416601175105722
344,344,344,"(512, 513)",0.0356870290700104,0.02583049540577,0.0016583747927031,0.0355604655154516,0.0319436351115113,0.0016583747927031,12,8,0,40,40,13.363109111604965,13.354716173559467,0.27548475339930806,2.686538677444706
345,345,345,"(513, 67)",0.0356870290700104,0.0251858658424525,0.0024875621890547,0.0380103125067163,0.0328315138975852,0.0024875621890547,8,4,1,43,44,12.194156864870724,12.200470814830668,0.5887842947944324,3.415815276374387
346,346,346,"(67, 64)",0.0490518325308069,0.0296482041448484,0.0033167495854063,0.0401453313892146,0.0336101666573769,0.0033167495854063,8,4,0,18,18,10.564420835817659,10.539564496281633,0.34443639874487086,2.8132929156842934
347,347,347,"(64, 549)",0.0402193954395602,0.0294146341463414,0.0024875621890547,0.0362902087987733,0.0339106962096502,0.0024875621890547,5,9,1,44,44,6.778958209117025,6.781766625648708,0.3148282243141041,1.3632723326222822
348,348,348,"(549, 550)",0.0402193954395603,0.0285829402981537,0.0016583747927031,0.035518740721757,0.034104405859397,0.0016583747927031,8,6,0,42,42,8.88243265217627,8.8804237333476,0.2728296725400274,1.3492758504546984
349,349,349,"(550, 551)",0.0402193954395602,0.0277969852025999,0.0016583747927031,0.0359107957529371,0.0343844443177282,0.0016583747927031,4,10,0,38,38,9.463819177191176,9.438071799261676,0.3474937645828305,2.0510085700385465
350,350,350,"(551, 75)",0.0402193954395602,0.0270530967495906,0.0024875621890547,0.037234868336886,0.0347090312553963,0.0024875621890547,5,5,1,33,36,13.882161634776953,13.743512920657,0.31346045538659584,2.276935743422776
351,351,351,"(75, 72)",0.0386633788420499,0.0306784360611533,0.0033167495854063,0.0352503148866556,0.0350153881888392,0.0033167495854063,5,10,0,11,16,13.113773104233292,13.098871114440104,0.277335264301231,2.910594663373377
352,352,352,"(72, 79)",0.0896264355207191,0.0302612099465535,0.0024875621890547,0.0950108224967367,0.0354643298241486,0.0024875621890547,7,12,0,23,26,12.39422190904656,12.414263549301802,0.28642690481937405,2.238277010590921
353,353,353,"(79, 76)",0.1126278989275208,0.0313654096228868,0.0033167495854063,0.1056282363073094,0.0357672459813749,0.0033167495854063,18,14,0,13,14,11.03609951758903,10.938901075383875,0.23501488454421113,1.3068373189626137
354,354,354,"(76, 455)",0.0639538544873904,0.0304215119945513,0.0016583747927031,0.0525607993848543,0.0354205827067669,0.0016583747927031,6,5,0,0,30,8.973386091387066,8.956449628163288,0.2808753721136053,1.3539538190935967
355,355,355,"(455, 456)",0.0639538544873904,0.0295327652071701,0.0016583747927031,0.0525118067181663,0.0353935552033808,0.0016583747927031,6,5,1,2,38,8.138652501490595,8.099887646460864,0.3128167994207096,0.9073013734515923
356,356,356,"(456, 457)",0.0639538544873904,0.0286944728639748,0.0016583747927031,0.0526199433535216,0.0354810238305383,0.0016583747927031,11,2,0,2,40,13.630169656891972,13.470440318870045,0.7394802478075468,3.514202312787695
357,357,357,"(457, 83)",0.0639538544873904,0.0279024570820415,0.0024875621890547,0.0542358806905487,0.0356825847683294,0.0024875621890547,4,8,1,0,32,12.883841942652719,12.235942432186613,0.22688872797489743,0.839003031323678
358,358,358,"(83, 80)",0.0636038296002998,0.0311153538532985,0.0033167495854063,0.0511643548654969,0.0358917889348531,0.0033167495854063,7,7,1,3,22,14.01859179359315,13.976031244984217,0.8810041033067825,4.785299951349126
359,359,359,"(80, 431)",0.0524432071200823,0.030324365099321,0.0024875621890547,0.0418271410097606,0.0354841557065937,0.0024875621890547,7,2,0,1,38,6.993224565017074,6.98475201968862,0.2537613645506477,0.7286029714456794
360,360,360,"(431, 430)",0.0524432071200823,0.0294397656536067,0.0016583747927031,0.0400367859748376,0.035142932074482,0.0016583747927031,7,6,1,0,34,12.194915713588813,11.72548285270986,0.2978517982138547,1.9020994723251374
361,361,361,"(430, 84)",0.0524432071200823,0.0286053130929791,0.0016583747927031,0.0398397011936074,0.0349991293748911,0.0016583747927031,3,3,0,1,36,13.725079950132798,13.603499010218822,1.8126156569313703,6.595898357097414
362,362,362,"(84, 86)",0.0844202513594663,0.0313409563409563,0.0033167495854063,0.0636829117171171,0.0350601779173207,0.0033167495854063,13,14,1,3,56,6.87544040327389,6.793108982932963,0.2714619036125191,0.8067437595898357
363,363,363,"(86, 91)",0.0691150681421322,0.0303939111368734,0.0024875621890547,0.0531312004676088,0.0343756235213636,0.0024875621890547,4,1,0,0,14,3.449997289826007,3.4089668824567974,0.1157776168637863,0.2828112720332323
364,364,364,"(91, 88)",0.0291461712710242,0.0302650070267014,0.0024875621890547,0.0189964033937595,0.0336111033694713,0.0024875621890547,11,6,0,0,16,4.865792183858204,4.796212080680541,0.17451122375090514,0.4443321731971109
365,365,365,"(576, 577)",0.0577153257620217,0.0215865969785923,0.0016583747927031,0.0686399997438859,0.0333342546781281,0.0016583747927031,9,3,1,21,22,5.066507669792401,5.083248622331603,0.15656931370182636,0.46064892780958794
366,366,366,"(577, 578)",0.0577153257620217,0.0211393514460999,0.0016583747927031,0.0697634741193576,0.0341034414501032,0.0016583747927031,13,3,1,17,21,3.450593528104504,3.414103044245894,0.1165821868211441,0.28737696942479696
367,367,367,"(578, 72)",0.0577153257620217,0.0207102623986811,0.0024875621890547,0.0713412162552014,0.0349352568002085,0.0024875621890547,6,4,0,27,27,5.974903788823243,6.001872558985608,0.23075066377021483,0.6403951947906141
368,368,368,"(72, 73)",0.0067522690833522,0.0302581729683618,0.0024875621890547,0.0117274590604805,0.0350031926626806,0.0024875621890547,4,8,0,11,13,4.710824434928722,4.674816756727837,0.1785340735376941,0.4404775270386587
369,369,369,"(74, 75)",0.0310188925231967,0.0304138400625425,0.0024875621890547,0.0178603451591049,0.0348998726704479,0.0024875621890547,11,5,1,9,13,8.62279798363055,8.518110320475095,0.357148604071124,1.6043935481456533
370,370,370,"(75, 978)",0.0325749091207071,0.0306948332909137,0.0024875621890547,0.0198078452480574,0.0342857142857142,0.0024875621890547,8,5,2,13,16,10.868393950891647,10.809159488523889,0.33454018826937004,1.9019123535795817
371,371,371,"(978, 977)",0.0325749091207071,0.0297983791263095,0.0016583747927031,0.0177681209751429,0.0334841880223227,0.0016583747927031,8,3,0,16,17,5.417854626267006,5.424214862768177,0.1367768927508247,0.4741589012387261
372,372,372,"(977, 976)",0.0325749091207071,0.0289528016517021,0.0016583747927031,0.0166340298552959,0.0327352677723188,0.0016583747927031,15,7,4,16,18,5.315084828445986,5.315713444973516,0.13814466167833292,0.47722764866584333
373,373,373,"(976, 975)",0.0325749091207071,0.028153889252031,0.0016583747927031,0.0155282959286045,0.0320327233127041,0.0016583747927031,8,7,0,21,21,4.918911594124343,4.904071478251565,0.15351194786386677,0.46839564387560345
374,374,374,"(41, 42)",0.0052882200339932,0.0232935450225982,0.0024875621890547,0.0035976413771467,0.0264189796052487,0.0024875621890547,5,5,0,5,7,10.478291506314706,10.469423786849285,0.39938852683240805,1.8141910856629617
375,375,375,"(42, 999)",0.009425211425583,0.0245606174775471,0.0024875621890547,0.0055152915394788,0.0263008679722597,0.0024875621890547,14,6,0,14,15,7.695322239687788,7.606388101225188,0.23831362136937806,1.119344335915572
376,376,376,"(999, 1000)",0.009425211425583,0.0239780499443295,0.0016583747927031,0.0037114354880832,0.0256655813062631,0.0016583747927031,10,14,3,17,17,8.816304406742914,8.698678508373014,0.2709791616381044,0.9767598518019536
377,377,377,"(1000, 1001)",0.009425211425583,0.0234224785876595,0.0016583747927031,0.0022363158001595,0.0250644276332197,0.0016583747927031,10,7,0,14,16,233.1771369721936,232.46562516719277,0.33285059135891865,241.4871449421803
378,378,378,"(1001, 45)",0.009425211425583,0.0228920693975171,0.0024875621890547,0.0027292606115095,0.0249782527650055,0.0024875621890547,8,14,0,15,15,3.989105100547455,4.006794714033492,0.2824040550325851,0.9900827064855358
379,379,379,"(44, 536)",0.0046166126490644,0.0218091070201453,0.0016583747927031,0.0021941051523153,0.0241098738529817,0.0016583747927031,9,1,1,1,15,215.4111875982438,215.41297950885453,0.2823235980368493,208.23962426555892
380,380,380,"(536, 537)",0.0046166126490644,0.0213485333947,0.0016583747927031,0.0029964479014025,0.0246595509753404,0.0016583747927031,6,7,0,14,16,12.522521545883246,12.52565405810283,0.3001850510901923,1.2926537180494742
381,381,381,"(537, 538)",0.0046166126490644,0.0209070106095277,0.0016583747927031,0.0045489632670101,0.0252412147596224,0.0016583747927031,8,7,2,17,17,23.712071114965582,23.707399283077418,0.2721860165741411,11.498147524418997
382,382,382,"(538, 43)",0.0046166126490644,0.0204833806070282,0.0024875621890547,0.0063211110114287,0.0258554154875225,0.0024875621890547,8,12,0,14,14,31.97311507398775,31.972553635439517,0.3202993000241371,30.808016167059616
383,383,383,"(43, 40)",0.0133055331915801,0.0240009552619009,0.0024875621890547,0.0052921523295183,0.0264050971033214,0.0024875621890547,11,7,1,7,7,13.890834191555097,13.888609491198972,0.6690803765387401,12.903259608547584
384,384,384,"(69, 70)",0.0052603510800079,0.0295711448397616,0.0024875621890547,0.0058831522653114,0.0342983903077185,0.0024875621890547,8,7,0,6,8,17.44354707572226,17.434433684661066,11.370021723388849,15.026645709367164
385,385,385,"(70, 948)",0.0257785006338916,0.0308337381433283,0.0024875621890547,0.030275651268306,0.0339938551737745,0.0024875621890547,5,25,1,25,25,19.95083744376389,19.9497619175004,0.3014723630219648,10.663859885483328
386,386,386,"(948, 949)",0.0257785006338916,0.0299196189342066,0.0016583747927031,0.0282944486219248,0.0330447172292854,0.0016583747927031,5,21,0,21,21,7.977613962816413,7.976405756781339,2.471558452007402,6.977134089293066
387,387,387,"(949, 61)",0.0257785006338916,0.0290581403753945,0.0016583747927031,0.0269032684495469,0.0321557125716571,0.0016583747927031,8,20,1,20,20,113.93864166079462,113.93435343213311,0.3095985195912785,112.74349762359194
388,388,388,"(61, 62)",0.0289765491189902,0.0287745753006298,0.0033167495854063,0.0271063148219974,0.0313214211510492,0.0033167495854063,13,7,6,7,8,8.279744159575044,8.265742870900434,0.2912543245635208,0.9529583473672393
389,389,389,"(62, 545)",0.0098738671786296,0.0279768947038764,0.0016583747927031,0.0108121879012815,0.0304184427573334,0.0016583747927031,8,10,0,14,20,17.00650441758361,17.023968755015783,0.12334057446294955,1.9582350959919164
390,390,390,"(545, 546)",0.0098738671786296,0.0272222473026048,0.0016583747927031,0.0092522834126596,0.0295733202550269,0.0016583747927031,14,17,1,18,19,12.354761775706,12.285377989406665,0.12317966047147799,0.7514688821526141
391,391,391,"(546, 57)",0.0098738671786296,0.0265072422357518,0.0016583747927031,0.0077043522524166,0.0287793819353299,0.0016583747927031,9,21,0,21,21,7.943140549623286,7.939061580439784,5.408801995333494,6.9138131057969385
392,392,392,"(57, 58)",0.0115432519284628,0.026007073233848,0.0024875621890547,0.0064355624965492,0.0280347761402203,0.0024875621890547,23,7,9,7,7,4.353786113068459,4.252420951259965,0.29728859924370427,4.852550428501927
393,393,393,"(59, 56)",0.0062096158213083,0.0247242609373078,0.0024875621890547,0.0009334335444036,0.0277976259075717,0.0024875621890547,5,3,3,5,8,12.153612661932897,11.901717404098228,3.5030975943358276,12.530818457393062
394,394,394,"(56, 544)",0.0141850518205259,0.0250571369208393,0.0024875621890547,0.0083235638026413,0.0285700748602293,0.0024875621890547,4,7,0,22,22,25.03452761667299,21.051094109464447,0.29954139512430605,5.728004191459901
395,395,395,"(544, 543)",0.0141850518205259,0.0244500760263558,0.0016583747927031,0.0097784897754589,0.0293523498916932,0.0016583747927031,6,12,0,19,20,11.342294975337417,11.221282970413569,2.8562233486201625,7.623292541446802
396,396,396,"(543, 63)",0.0141850518205259,0.0238717339667458,0.0024875621890547,0.011810109821179,0.0301847124192821,0.0024875621890547,8,11,0,11,19,13.309827090899235,12.293777753999251,0.2851395928876016,2.8668088769132893
397,397,397,"(63, 60)",0.0190382638608315,0.0273134936812066,0.0033167495854063,0.0125516420192111,0.0310097451852613,0.0033167495854063,3,7,0,5,8,10.890888395034962,10.764218072869296,1.5501649368412584,6.477003106171177
398,398,398,"(60, 547)",0.0330914849986504,0.0276491356779311,0.0024875621890547,0.0240058989292223,0.0318929497011688,0.0024875621890547,11,9,1,21,22,33.087267602580084,32.71975817238243,0.2696113927105962,2.4524157030051272
399,399,399,"(547, 548)",0.0330914849986504,0.0269118336197085,0.0016583747927031,0.0251218014554853,0.0327672870533894,0.0016583747927031,6,10,1,16,19,9.784486964063094,9.790861912150232,2.0854453294713977,5.022304554470267
400,400,400,"(548, 71)",0.0330914849986504,0.0262128325508607,0.0024875621890547,0.0273787642959736,0.033702213279678,0.0024875621890547,7,16,1,24,24,16.423058160333895,16.332084960676262,0.26776088180867325,1.474720257475394
401,401,401,"(71, 68)",0.0347817427922091,0.0302028549962434,0.0024875621890547,0.025142243340667,0.0343726842615288,0.0024875621890547,8,8,1,8,8,11.51271071602797,11.504788400834626,1.4246520234934428,4.682908573780922
402,402,402,"(45, 46)",0.0019377524548763,0.0224660494402116,0.0024875621890547,0.0004706142585122,0.024386791498999,0.0024875621890547,8,8,1,8,8,6.799176107106076,6.597453319779573,0.24137098720733768,1.2126043187006474
403,403,403,"(47, 44)",0.0108854069899465,0.0222899916828389,0.0024875621890547,0.0027655161203212,0.0244689268975591,0.0024875621890547,12,6,7,7,7,11.802319908938154,11.630945374779305,0.9485879797248371,4.404625575390143
404,404,404,"(44, 45)",0.0054389188222098,0.021805163809937,0.0024875621890547,0.0029735527843815,0.0248419057820256,0.0024875621890547,5,4,4,10,14,5.88481760529026,5.844524102509229,0.23598036849304047,0.7065229594700797
405,405,405,"(45, 528)",0.0129263777929164,0.0224710726862807,0.0024875621890547,0.0073705228233555,0.0253659767794043,0.0024875621890547,8,8,0,33,34,2.9533308038376065,2.937296024824782,0.10869740123903773,0.35694771902249167
406,406,406,"(528, 529)",0.0129263777929164,0.021983230040102,0.0016583747927031,0.0083552847099227,0.0257703320654728,0.0016583747927031,8,7,0,29,30,2.963358447612337,2.917018886094912,0.10732963231152949,0.2634631937427491
407,407,407,"(529, 530)",0.0129263777929164,0.0215161192485415,0.0016583747927031,0.009409946853332,0.0261991657977059,0.0016583747927031,9,9,0,31,32,10.837606374329232,10.761007971751111,1.1062836913669643,3.5245312675423826
408,408,408,"(530, 531)",0.0129263777929164,0.0210684462457636,0.0016583747927031,0.0105036977310622,0.0266542898819785,0.0016583747927031,7,11,0,32,32,32.624966122825086,31.869402386175164,0.23067020677447905,1.3788031885034242
409,409,409,"(531, 52)",0.0129263777929164,0.0206390224701795,0.0024875621890547,0.0121484612860325,0.0272357723577235,0.0024875621890547,5,12,0,37,38,11.736462680904115,11.719811674067733,1.9882532786225762,4.111747314846001
410,410,410,"(52, 53)",0.0038109197148027,0.0240920532182668,0.0033167495854063,0.0041234232856418,0.0274483920158408,0.0033167495854063,11,9,0,28,28,17.886335302726437,17.8145096570542,0.23944001930967898,1.4126342576999364
411,411,411,"(53, 539)",0.0088149452303784,0.0255991169790494,0.0024875621890547,0.0064730118387125,0.0279509583516814,0.0024875621890547,6,18,2,32,32,9.705729307821562,9.692258306136644,1.1066055193499076,4.421166872497286
412,412,412,"(539, 541)",0.0088149452303784,0.0249658427524531,0.0016583747927031,0.0058467314814632,0.0280152388031964,0.0016583747927031,4,7,1,31,32,10.175185646918532,9.323524691027767,0.24121007321586613,1.7707421129448748
413,413,413,"(541, 56)",0.0088149452303784,0.0243631441789054,0.0024875621890547,0.0062845639484604,0.0281492892654576,0.0024875621890547,4,5,0,43,44,10.562415307062713,10.451072708790328,1.258427870303323,5.559934134201565
414,414,414,"(56, 57)",0.0008395092311609,0.0250529727034775,0.0024875621890547,0.0007808414296793,0.0278264882325796,0.0024875621890547,6,14,0,16,16,15.849205919020001,13.800492215504788,0.2578646713331724,2.405523745368811
415,415,415,"(58, 59)",0.0115432519284628,0.0253494482396216,0.0024875621890547,0.0044986366605112,0.0275267050123253,0.0024875621890547,17,11,2,13,16,11.087484416499539,10.935637472580387,1.760559980690321,6.431982335990419
416,416,416,"(59, 542)",0.0045037605884822,0.0247283165880664,0.0016583747927031,0.0035764289007499,0.0273122565449769,0.0016583747927031,12,4,1,40,42,12.431405496232857,12.022042694344872,0.2766916083353448,5.289697241869691
417,417,417,"(542, 540)",0.0045037605884822,0.0241368958270789,0.0016583747927031,0.0032363983532161,0.0271584920956627,0.0016583747927031,11,3,0,32,32,14.652772507995014,14.549676314803916,4.93137018263738,10.328430822199769
418,418,418,"(540, 54)",0.0045037605884822,0.0235731039874902,0.0016583747927031,0.0030529959145615,0.0270810410257561,0.0016583747927031,8,4,0,35,36,15.074855005691365,15.046171954416565,0.2750020114248934,5.0886194378952885
419,419,419,"(54, 55)",0.0174101828341005,0.0249844623990055,0.0033167495854063,0.0104623674923552,0.0270603809993941,0.0033167495854063,11,17,0,24,24,11.692503658734891,11.69755497298165,3.080456995735779,9.224916732158228
420,420,420,"(55, 535)",0.0081177790163979,0.0243828470916479,0.0016583747927031,0.006733272742296,0.0263894967177242,0.0016583747927031,7,30,0,28,30,4.207328310477533,4.1571344497351665,0.16244267439053825,0.4475506156206729
421,421,421,"(535, 534)",0.0081177790163979,0.0238095238095238,0.0016583747927031,0.0055078400769467,0.0259299075467641,0.0016583747927031,9,36,0,36,36,16.367228576074584,15.991546733722112,0.6721377423766997,3.248381422850941
422,422,422,"(534, 533)",0.0081177790163979,0.0232625426769284,0.0016583747927031,0.0044292662290246,0.0254989851150202,0.0016583747927031,6,32,0,34,34,11.834950403815926,11.240008560269649,0.21168235578083514,1.1313573593802626
423,423,423,"(533, 532)",0.0081177790163979,0.0227401289738658,0.0016583747927031,0.0033784619396414,0.0250925887395447,0.0016583747927031,7,31,0,29,32,10.922976855114099,10.801134235728425,0.8519591278461662,3.653119269488417
424,424,424,"(532, 46)",0.0081177790163979,0.0222406639004149,0.0016583747927031,0.0023551825430831,0.0247090640878544,0.0016583747927031,7,31,1,31,32,5.453737329936582,5.418062168958322,0.22157856625633598,0.6355675311552711
425,425,425,"(46, 47)",0.0108854069899465,0.0227968696835658,0.0024875621890547,0.0015989161581256,0.0243469132313158,0.0024875621890547,13,12,7,10,12,4.18851970296493,4.1718474131935155,0.1568911416847695,0.7293888701770144
426,426,426,"(76, 77)",0.0478441689214587,0.0304138400625425,0.0024875621890547,0.0485852623787525,0.0358629713334126,0.0024875621890547,6,7,1,2,13,7.096319583717275,7.066288588090525,0.2685654517660311,0.8840238015044347
427,427,427,"(77, 477)",0.0625373007725766,0.0311813222328515,0.0024875621890547,0.0639132786740518,0.0363625399505517,0.0024875621890547,6,9,0,0,16,7.79733318879072,7.752019688620192,0.3272990586531499,6.987350772800419
428,428,428,"(477, 476)",0.0625373007725766,0.0302528597230583,0.0016583747927031,0.0625078497045527,0.036405349110997,0.0016583747927031,7,4,3,0,20,8.048241097078433,7.890803060296399,0.20323437122857832,0.6418921447550615
429,429,429,"(476, 475)",0.0625373007725766,0.029378090667706,0.0016583747927031,0.0626996859610174,0.0365565322825098,0.0016583747927031,9,6,2,4,20,7.068350588107757,6.939757102348724,0.291173867567785,1.2947120242505894
430,430,430,"(475, 474)",0.0625373007725766,0.0285524882806951,0.0016583747927031,0.0630470483421425,0.0368086924673422,0.0016583747927031,7,2,0,0,21,6.366632337796086,6.30763469049275,0.2615656931370183,1.5758018038247072
431,431,431,"(474, 473)",0.0625373007725766,0.0277720207253886,0.0016583747927031,0.0635143433275282,0.0372118855873368,0.0016583747927031,7,1,0,1,19,14.229714347661119,14.04387138194853,12.050124708343391,10.813854271920961
432,432,432,"(473, 472)",0.0625373007725766,0.0270330852685376,0.0016583747927031,0.0640455255011207,0.0376592555583312,0.0016583747927031,7,4,1,1,21,105.15930402731856,105.13712481943182,0.21216509775524983,1.1728602971445679
433,433,433,"(472, 108)",0.0625373007725766,0.0263324526736391,0.0024875621890547,0.0652842439747913,0.0381464494701882,0.0024875621890547,12,3,2,0,17,7.965580790286737,7.965919426461934,0.7309518062595542,2.7875453762957974
434,434,434,"(108, 109)",0.0416837501224694,0.0325743456770115,0.0033167495854063,0.0510036932219836,0.0381331815594763,0.0033167495854063,5,5,0,3,7,14.938424846875169,14.936814509657054,0.21771663046101858,1.2233449346955578
435,435,435,"(109, 645)",0.0451694337375887,0.0330501507262263,0.0024875621890547,0.0535793726211046,0.0380333659213472,0.0024875621890547,1,5,0,3,18,5.8415090248793975,5.838050398587556,1.0889854372837717,2.634931327420381
436,436,436,"(645, 646)",0.0451694337375887,0.0320055200233539,0.0016583747927031,0.0517640409725683,0.0375537148907018,0.0016583747927031,3,4,0,0,19,5.937286573798038,5.939971109089936,0.9999195430042642,2.8519890722652597
437,437,437,"(646, 647)",0.0451694337375887,0.0310249022432599,0.0016583747927031,0.0515650576177047,0.0374081081919414,0.0016583747927031,8,8,0,0,14,12.748495853433791,12.75945642287732,0.2276932979322552,1.302683282811272
438,438,438,"(647, 118)",0.0451694337375887,0.0301025884232334,0.0016583747927031,0.0514265931081495,0.037291280148423,0.0016583747927031,6,2,1,1,13,5.842376280557212,5.847894708683324,1.1343631828787513,2.60903409303544
439,439,439,"(118, 957)",0.0512209419870284,0.0312443327547345,0.0024875621890547,0.058072485456396,0.0371935235158057,0.0024875621890547,9,12,1,9,13,2.934522196325004,2.917072387780215,0.2254405020516534,0.7397552486808129
440,440,440,"(957, 120)",0.0512209419870284,0.0303015075376884,0.0024875621890547,0.0583750809576334,0.0369779849144539,0.0024875621890547,16,14,9,14,14,14.14667461651038,14.04558343587823,1.2453133799983909,7.096628120205082
441,441,441,"(120, 663)",0.0211681335140801,0.0294239636958059,0.0016583747927031,0.0441792325822986,0.0365764891423025,0.0016583747927031,6,6,1,0,14,7.694780204889154,7.911668717564603,0.2195671413629415,1.059578608585008
442,442,442,"(663, 664)",0.0211681335140801,0.0285958173282116,0.0016583747927031,0.0438881353927063,0.0363636363636363,0.0016583747927031,12,6,0,1,18,11.218819448208574,11.264726338879674,1.0691125593370343,3.8693162681037387
443,443,443,"(664, 665)",0.0211681335140801,0.0278130116925347,0.0016583747927031,0.0436582358106051,0.0361792764144717,0.0016583747927031,6,3,0,2,16,13.85636077836197,13.877320635600022,1.8766594255370503,4.634332547434602
444,444,444,"(665, 666)",0.0211681335140801,0.0270719224207596,0.0016583747927031,0.0435196375491357,0.0360667504037322,0.0016583747927031,7,2,1,1,19,45.437584692937286,45.44229843240062,0.2389572773352643,1.897571198682684
445,445,445,"(666, 667)",0.0211681335140801,0.0263693014102984,0.0016583747927031,0.0434722488586554,0.0360290383293998,0.0016583747927031,7,2,0,0,18,5.766274594828988,5.800492215504788,0.22600370102180384,2.4897271808689796
446,446,446,"(668, 669)",0.0261630987524342,0.0265177334593988,0.0016583747927031,0.0239708199185624,0.0352889539136795,0.0016583747927031,6,4,0,1,17,10.944549840099734,11.018137071317746,1.5283610909968621,5.156655813779424
447,447,447,"(669, 670)",0.0261630987524342,0.0258432263318047,0.0016583747927031,0.0240210661612902,0.0353251318101933,0.0016583747927031,6,8,1,0,17,5.48712667353244,5.530094697982986,0.23638265347171936,0.7433479285954867
448,448,448,"(670, 671)",0.0261630987524342,0.0252021816813992,0.0016583747927031,0.0241614869302292,0.0354330708661417,0.0016583747927031,4,10,0,0,18,69.29746869749037,80.79054090203842,0.2474857188832569,2.383556004640545
449,449,449,"(671, 672)",0.0261630987524342,0.0245921696574225,0.0016583747927031,0.0244063483359181,0.0356098857294711,0.0016583747927031,8,5,0,3,19,8.453737329936581,8.313305869134878,0.2636575750261485,1.826316380374986
450,450,450,"(672, 121)",0.0261630987524342,0.0240109901049236,0.0024875621890547,0.028484601071574,0.0360193536825757,0.0024875621890547,6,6,1,2,15,7.076155889208088,7.027446364560483,0.29109341057204924,0.8763519329366416
451,451,451,"(121, 956)",0.0280777991095697,0.0293974258970358,0.0024875621890547,0.0315210910913026,0.0361586663868317,0.0024875621890547,10,9,1,0,14,7.040869423817009,6.949012893906158,0.24185372918175235,0.7935331761535871
452,452,452,"(956, 119)",0.0280777991095697,0.0285612788632326,0.0024875621890547,0.0326873862679059,0.0363932645301466,0.0024875621890547,7,5,0,2,13,8.180334977505556,7.602321973142154,0.28401319494730065,0.9054676097451443
453,453,453,"(119, 650)",0.0346948521569194,0.0285079425113464,0.0024875621890547,0.0382205721867012,0.0368030760780005,0.0024875621890547,6,10,2,2,19,7.044555260447721,6.949066395591461,0.2559337034355137,0.7207065603832192
454,454,454,"(650, 649)",0.0346948521569194,0.0277273249798827,0.0016583747927031,0.0379287847807976,0.0369168605363046,0.0016583747927031,11,6,0,2,16,7.631904168247601,7.519554865978279,0.3017941910049079,0.9010516073500243
455,455,455,"(649, 648)",0.0346948521569194,0.0269883184890122,0.0016583747927031,0.0381348465942033,0.0370586608487232,0.0016583747927031,7,9,0,4,15,6.999674779120819,6.976994275319672,0.25183039665298895,0.7204445941394408
456,456,456,"(648, 110)",0.0346948521569194,0.0262876822808814,0.0024875621890547,0.0397783015259717,0.0375595627394188,0.0024875621890547,4,9,3,0,17,9.186297360290531,8.684875073564818,0.2927025504867648,1.0842782829983908
457,457,457,"(110, 111)",0.0471195481201467,0.0327583865272307,0.0033167495854063,0.0438483342560616,0.0379543666404406,0.0033167495854063,9,8,0,1,9,10.741340994091821,10.422074795356053,0.2420951001689597,0.916881853224056
458,458,458,"(111, 564)",0.040912421007898,0.0326811554929272,0.0024875621890547,0.0415079020208556,0.0376945677314496,0.0024875621890547,10,10,1,3,17,6.305111388151119,6.155475897490771,0.22793466891946254,0.8698776243404064
459,459,459,"(564, 481)",0.040912421007898,0.0316626847646302,0.0016583747927031,0.0398977071146796,0.0372187760392556,0.0016583747927031,6,7,0,1,20,13.903680416282725,13.883205820983362,0.2466811489258991,1.1401893641705025
460,460,460,"(481, 480)",0.0409124210078979,0.0307057745187901,0.0016583747927031,0.0393664193396314,0.0367817494205197,0.0016583747927031,7,5,2,0,19,13.031167000921458,12.963779359049811,0.24161235819454502,1.1729351446427903
461,461,461,"(480, 479)",0.0409124210078979,0.0298050070434718,0.0016583747927031,0.038897477631347,0.0363877741906284,0.0016583747927031,5,3,0,2,20,14.263320505176432,14.206891017067038,0.26349666103467695,1.5551813180644436
462,462,462,"(479, 478)",0.0409124210078979,0.0289555822328931,0.0016583747927031,0.0385407086920544,0.0361002185170772,0.0016583747927031,8,6,0,0,21,14.848501273781777,14.829062115456637,0.24571566497706976,1.725309681523895
463,463,463,"(478, 570)",0.0409124210078979,0.0281532320190489,0.0016583747927031,0.0383048323403358,0.035904611628807,0.0016583747927031,8,7,0,0,20,9.93192042929156,9.422930822320904,0.2653471719365999,1.7586168182328505
464,464,464,"(570, 78)",0.0409124210078979,0.0273941486461929,0.0024875621890547,0.0386102376479896,0.0358331352507725,0.0024875621890547,13,12,0,12,16,10.391294921133937,9.925953667540528,0.25609461742698525,2.064743085962352
465,465,465,"(78, 79)",0.0221715878881296,0.03133444190397,0.0024875621890547,0.0167788676772452,0.0355762706864509,0.0024875621890547,8,9,3,12,13,11.294758523497208,10.684072548285272,0.28747284576393917,2.273492758504547
466,466,466,"(80, 81)",0.0279441552543367,0.0303182663784001,0.0033167495854063,0.0322023909236081,0.0360548895333193,0.0033167495854063,2,2,0,0,26,13.295029540896525,12.535765876625113,0.2764502373481374,3.0423636839938624
467,467,467,"(81, 444)",0.0228293420451406,0.0312119878878852,0.0024875621890547,0.0267949025563338,0.0362881386531864,0.0024875621890547,4,4,1,0,34,11.359423274974253,11.029960943769728,0.2961622013034033,3.814041390666517
468,468,468,"(444, 445)",0.0228293420451406,0.0302802048809882,0.0016583747927031,0.0254050016911373,0.0363636363636363,0.0016583747927031,8,5,1,0,40,7.876741286790612,7.652613557327056,0.27403652747606405,3.6688372441151156
469,469,469,"(445, 446)",0.0228293420451406,0.0294024428895336,0.0016583747927031,0.0256389910830714,0.0365498848345254,0.0016583747927031,8,6,0,0,38,13.384302672231557,13.396393986410573,0.3099203475742216,5.517345907713035
470,470,470,"(446, 447)",0.0228293420451406,0.0285741363787139,0.0016583747927031,0.0260332365176752,0.0368717133423015,0.0016583747927031,1,5,0,0,38,14.835709252534013,14.829864640736183,0.283530452972886,7.127278170727143
471,471,471,"(447, 955)",0.0228293420451406,0.0277912201866574,0.0016583747927031,0.0265132018363102,0.0372693840971599,0.0016583747927031,3,3,2,1,40,10.958967965743401,10.972821143866032,1.1493281840856062,4.900415403615134
472,472,472,"(955, 100)",0.0228293420451406,0.0270500628027992,0.0024875621890547,0.02768518859077,0.0377252252252252,0.0024875621890547,6,10,0,4,32,5.476285977559759,5.515435236209941,0.24121007321586613,0.9958085400995472
473,473,473,"(100, 101)",0.0160206344946544,0.0319605660677373,0.0033167495854063,0.0227456025086815,0.0380129861942886,0.0033167495854063,7,10,0,0,28,10.646810125210038,10.753410732438072,1.6196797811569716,5.84128588001946
474,474,474,"(101, 104)",0.0266945585580626,0.032716618740166,0.0024875621890547,0.0342390019075237,0.0384688995215311,0.0024875621890547,4,3,0,1,22,44.42950837443764,49.33743512920657,0.2482098318448789,1.5957112383518581
475,475,475,"(104, 105)",0.0907938061424776,0.0329040707191967,0.0033167495854063,0.0858224080292963,0.0389925312813217,0.0033167495854063,19,10,4,11,16,13.806981408206408,13.818522283451928,1.5267519510821466,5.973279443134613
476,476,476,"(105, 639)",0.0756062584039916,0.0318668252080856,0.0016583747927031,0.0721245491786804,0.0387644241586577,0.0016583747927031,8,7,0,0,30,62.29031383814841,62.01011181852228,0.254002735537855,1.8590621608472737
477,477,477,"(639, 640)",0.0756062584039916,0.0308929760745939,0.0016583747927031,0.0719404677198523,0.0385981757081132,0.0016583747927031,13,9,0,0,38,13.895712504742804,13.888234979401851,2.7355378550164935,6.708618689420306
478,478,478,"(640, 641)",0.0756062584039916,0.0299768834978002,0.0016583747927031,0.0718311294521358,0.0385020591897327,0.0016583747927031,5,6,0,2,38,13.962653802374112,13.953453533786314,1.6455064767881566,7.701695295834737
479,479,479,"(641, 138)",0.0756062584039916,0.0291135573580533,0.0024875621890547,0.0727213523030373,0.0385192756076527,0.0024875621890547,2,3,0,0,30,66.56772724808933,66.50494890589053,0.253278622576233,2.8898993301148908
480,480,480,"(138, 140)",0.063329298061911,0.0319622601505353,0.0033167495854063,0.0693751852663942,0.0383587786259542,0.0033167495854063,5,1,0,5,54,9.911052089544148,9.915574340591728,2.0065170166545983,5.472362561281389
481,481,481,"(140, 678)",0.071182425233797,0.0327663967831331,0.0024875621890547,0.0787798823949154,0.0381984036488027,0.0024875621890547,5,7,2,0,38,4.979456881131768,4.975977743298914,0.25850832729905865,1.3687361999925152
482,482,482,"(678, 679)",0.071182425233797,0.0317477031616079,0.0016583747927031,0.0777407876566033,0.0379304922157571,0.0016583747927031,7,4,2,0,38,10.176378123475526,10.199186774383394,1.3994689838281438,6.568504172748026
483,483,483,"(679, 680)",0.071182425233797,0.0307904411764705,0.0016583747927031,0.0774641681484172,0.0376945677314496,0.0016583747927031,4,1,0,0,40,5.1191934522196325,5.189663474399444,0.24466972403250462,0.8183076980651922
484,484,484,"(680, 681)",0.071182425233797,0.0298892165852933,0.0016583747927031,0.0772183164460243,0.0374871778931335,0.0016583747927031,8,5,0,1,32,5.3796411729633045,5.494355572200524,0.24426743905382572,1.2057931963624116
485,485,485,"(681, 764)",0.071182425233797,0.0290392487358536,0.0016583747927031,0.0770122447397362,0.0373155109997215,0.0016583747927031,4,5,0,4,32,175.51791425009486,173.31277085228186,0.2688068227532384,3.200628718985068
486,486,486,"(764, 765)",0.071182425233797,0.0282362857343541,0.0016583747927031,0.076856648846463,0.0371889358290419,0.0016583747927031,12,6,1,1,38,168.83966610656404,167.57075597881334,0.25319816558049724,5.1853972530968155
487,487,487,"(677, 676)",0.0136929460580912,0.0226100976771218,0.0016583747927031,0.0144049094041768,0.0362783142315675,0.0016583747927031,1,2,0,0,34,11.404032738901838,11.386710181370713,0.22141765226486443,1.1477489614909622
488,488,488,"(676, 675)",0.0136929460580912,0.0221239749775274,0.0016583747927031,0.0145998773950202,0.0364328439369222,0.0016583747927031,5,1,0,0,38,11.856469185321698,11.857096998555454,0.22013034033309195,0.9282212492047454
489,489,489,"(675, 674)",0.0136929460580912,0.0216583158235008,0.0016583747927031,0.0148491133880992,0.0366298141173611,0.0016583747927031,3,2,0,0,40,11.7117458940864,11.71874164036167,0.22286587818810846,1.3755847460798623
490,490,490,"(674, 673)",0.0136929460580912,0.0212118547181426,0.0016583747927031,0.0152169921377558,0.0368796061282529,0.0016583747927031,6,2,0,0,40,10.140224402406634,10.151730779519555,0.22898060986402768,1.2939261255192545
491,491,491,"(673, 141)",0.0136929460580912,0.0207834284040188,0.0016583747927031,0.0158193654322464,0.0374162323157111,0.0016583747927031,5,3,0,0,40,8.888449238441108,8.94366272537585,0.23565854051009735,0.9501889899330115
492,492,492,"(141, 139)",0.0582360472160436,0.0320301710400509,0.0033167495854063,0.0500170435524334,0.038240796524717,0.0033167495854063,11,9,2,1,52,9.706704970459104,9.749237600984431,0.23211843269772306,0.9332734553347555
493,493,493,"(139, 642)",0.045455207293939,0.0310464667267344,0.0016583747927031,0.0414450040022196,0.0381343873517786,0.0016583747927031,6,2,2,0,30,5.042116103853868,5.103097747579048,0.25601416043124947,0.937015830245874
494,494,494,"(642, 643)",0.045455207293939,0.0301213846845496,0.0016583747927031,0.0415207466090826,0.0382008235666772,0.0016583747927031,6,1,0,0,30,5.159791858637324,5.2315017923064575,0.23678493845039827,0.9536319748512406
495,495,495,"(643, 644)",0.045455207293939,0.0292498362882297,0.0016583747927031,0.0416421346632135,0.0383063875742464,0.0016583747927031,2,1,0,0,40,6.741720418450864,6.742710395377454,0.255450961461099,1.1850604393548145
496,496,496,"(644, 106)",0.045455207293939,0.0284273052988874,0.0024875621890547,0.0425261687892182,0.0384811742182514,0.0024875621890547,3,1,0,0,36,7.897826440457477,7.903696966454444,0.24901440180223672,1.6223569477190225
497,497,497,"(106, 107)",0.0058589028118971,0.0321257325519445,0.0033167495854063,0.0126261441509784,0.0381367991651645,0.0033167495854063,4,9,2,1,16,6.896742370860209,6.893852656358676,0.26663448386837235,1.3489016129635867
498,498,498,"(107, 102)",0.0165297761996839,0.0328243651506491,0.0024875621890547,0.0210530312139833,0.0381187179973449,0.0024875621890547,7,6,4,0,22,7.956420402189821,7.951527473115403,0.25738192935875776,1.634931327420381
499,499,499,"(102, 103)",0.0417873668543554,0.0329040707191967,0.0033167495854063,0.0339656605219542,0.0379519778456116,0.0033167495854063,11,8,2,3,24,8.913057618299094,8.90621154566369,0.26381848901762006,1.8209647842520864
500,500,500,"(103, 954)",0.0288021087282043,0.0318701937052403,0.0016583747927031,0.0243911523400075,0.037458069325382,0.0016583747927031,5,4,0,0,36,9.910672665185105,9.91075918891445,0.2614047791455467,2.4090415777852625
501,501,501,"(954, 451)",0.0288021087282043,0.0308993082244427,0.0016583747927031,0.0238539581817072,0.0370086230705496,0.0016583747927031,9,7,0,0,40,8.95658301262941,8.957145150072227,0.26695631185131546,3.0182627895662586
502,502,502,"(451, 450)",0.0288021087282043,0.0299858275939232,0.0016583747927031,0.0233747956724462,0.0366164683021617,0.0016583747927031,9,4,0,1,36,8.731150739877501,8.74196137178321,0.2629334620645265,3.2743909284832156
503,503,503,"(450, 449)",0.0288021087282043,0.0291248068006182,0.0016583747927031,0.0229465542149114,0.0362728585178055,0.0016583747927031,15,4,0,0,38,8.698574448479592,8.69792948477877,0.267841338804409,4.402754387934583
504,504,504,"(449, 448)",0.0288021087282043,0.0283118529473906,0.0016583747927031,0.0226388559085588,0.0360107494774559,0.0016583747927031,4,6,0,0,42,8.66637758144073,8.674602749986624,0.26872636575750264,4.7470528797574945
505,505,505,"(448, 82)",0.0288021087282043,0.027543050290047,0.0024875621890547,0.0240894751783551,0.0360096742408408,0.0024875621890547,2,4,0,1,32,,,,
506,506,506,"(82, 83)",0.0295910684738331,0.0309175276232471,0.0033167495854063,0.0290138442146783,0.0356709751841225,0.0033167495854063,12,7,0,0,26,,,,
507,507,507,"(105, 106)",0.0143576722198137,0.031858407079646,0.0024875621890547,0.0168598276314575,0.0383392675483214,0.0024875621890547,5,4,0,0,13,,,,
508,508,508,"(106, 467)",0.0539539767018557,0.0321342925659472,0.0024875621890547,0.0484866646608126,0.0384137601528905,0.0024875621890547,8,3,2,0,15,,,,
509,509,509,"(467, 468)",0.0539539767018556,0.0311442811765617,0.0016583747927031,0.0480207987707432,0.0381488628096036,0.0016583747927031,2,3,0,1,19,,,,
510,510,510,"(468, 471)",0.0539539767018556,0.0302134482413067,0.0016583747927031,0.0478961846408896,0.0381018577025148,0.0016583747927031,3,4,0,0,19,,,,
511,511,511,"(471, 109)",0.0539539767018556,0.0293366416113259,0.0024875621890547,0.0492337093405788,0.0381971938048332,0.0024875621890547,6,3,1,0,14,,,,
512,512,512,"(109, 110)",0.0504682930867362,0.0330392855186017,0.0033167495854063,0.0465579653964444,0.0381887270424319,0.0033167495854063,8,3,0,1,9,,,,
513,513,513,"(110, 565)",0.038043597123509,0.032770848618244,0.0024875621890547,0.0416457067386359,0.037835294117647,0.0024875621890547,9,5,1,1,22,,,,
514,514,514,"(565, 566)",0.038043597123509,0.0317451961042379,0.0016583747927031,0.039474787946081,0.0373339937467108,0.0016583747927031,5,10,0,0,19,,,,
515,515,515,"(566, 567)",0.038043597123509,0.0307817963705046,0.0016583747927031,0.0389801577159164,0.0369146005509641,0.0016583747927031,4,6,1,1,21,,,,
516,516,516,"(567, 568)",0.038043597123509,0.0298751486325802,0.0016583747927031,0.0385946104660892,0.0365931365112115,0.0016583747927031,7,5,1,0,22,,,,
517,517,517,"(568, 569)",0.038043597123509,0.0290203816444882,0.0016583747927031,0.0383694672509698,0.0364075471698113,0.0016583747927031,6,4,1,1,23,,,,
518,518,518,"(569, 113)",0.038043597123509,0.0282131661442006,0.0024875621890547,0.0390373812818589,0.0363680226772413,0.0024875621890547,10,7,0,0,25,,,,
519,519,519,"(113, 114)",0.0286960288331028,0.0318760902891579,0.0024875621890547,0.0238405565691784,0.0358843132587479,0.0024875621890547,7,4,1,3,8,,,,
520,520,520,"(115, 112)",0.0209141819716539,0.0308566165182683,0.0024875621890547,0.0097179495288079,0.035753461207791,0.0024875621890547,3,6,0,0,7,,,,
521,521,521,"(112, 559)",0.0468795676911735,0.0313336277897581,0.0024875621890547,0.038369096074058,0.036248872858431,0.0024875621890547,9,7,2,0,21,,,,
522,522,522,"(559, 560)",0.0468795676911735,0.030394677151066,0.0016583747927031,0.0378875311144303,0.0362968759405285,0.0016583747927031,6,5,1,2,22,,,,
523,523,523,"(560, 561)",0.0468795676911735,0.0295103628844789,0.0016583747927031,0.0381223360337254,0.0364967921559133,0.0016583747927031,6,4,3,0,23,,,,
524,524,524,"(561, 562)",0.0468795676911735,0.0286760509796461,0.0016583747927031,0.038525024707774,0.0368323000335949,0.0016583747927031,7,3,1,0,21,,,,
525,525,525,"(562, 563)",0.0468795676911735,0.0278876170655567,0.0016583747927031,0.0390336882928642,0.0372682323856613,0.0016583747927031,7,7,0,1,21,,,,
526,526,526,"(563, 111)",0.0468795676911735,0.0271413782238826,0.0024875621890547,0.0411033450055797,0.0377784042853115,0.0024875621890547,10,7,0,2,23,,,,
527,527,527,"(111, 108)",0.0530866948034225,0.0326669917113603,0.0033167495854063,0.0434452211299359,0.0380117880669461,0.0033167495854063,10,4,0,0,9,,,,
528,528,528,"(108, 470)",0.0739402454535298,0.0325831464620538,0.0024875621890547,0.0580485241561164,0.0381512764543987,0.0024875621890547,9,6,0,0,15,,,,
529,529,529,"(470, 469)",0.0739402454535298,0.031565722661362,0.0016583747927031,0.0571815750154059,0.0380826070481242,0.0016583747927031,7,6,2,3,19,,,,
530,530,530,"(469, 466)",0.0739402454535298,0.030609913957207,0.0016583747927031,0.0573464648009711,0.0382468603323607,0.0016583747927031,7,8,0,0,19,,,,
531,531,531,"(466, 107)",0.0739402454535298,0.0297102877414268,0.0024875621890547,0.0585076860202775,0.0385303514376996,0.0024875621890547,11,5,2,1,16,,,,
532,532,532,"(107, 104)",0.0632693720657428,0.0328207919444822,0.0024875621890547,0.0490940246040334,0.0385660835918262,0.0024875621890547,5,3,1,1,14,,,,
533,533,533,"(86, 87)",0.0144753076986618,0.0303908474661693,0.0024875621890547,0.0122921043600702,0.0348132324923503,0.0024875621890547,7,7,1,0,26,,,,
534,534,534,"(87, 434)",0.0355980251395809,0.0302748838960712,0.0024875621890547,0.0317085378778664,0.0349991293748911,0.0024875621890547,5,4,0,0,34,,,,
535,535,535,"(434, 435)",0.0355980251395809,0.0293967093235831,0.0016583747927031,0.0308734673793373,0.0350693535723632,0.0016583747927031,4,3,0,0,36,,,,
536,536,536,"(435, 436)",0.0355980251395809,0.0285680445339334,0.0016583747927031,0.031106096960143,0.0352425482174167,0.0016583747927031,6,4,0,4,36,,,,
537,537,537,"(436, 437)",0.0355980251395809,0.0277848174173482,0.0016583747927031,0.0314998045075014,0.035541671578451,0.0016583747927031,7,5,0,1,34,,,,
538,538,538,"(437, 438)",0.0355980251395809,0.0270433905146316,0.0016583747927031,0.0319797698261364,0.0359110264121728,0.0016583747927031,6,5,1,5,32,,,,
539,539,539,"(438, 96)",0.0355980251395809,0.0263405045320519,0.0024875621890547,0.033187579935382,0.0363340563991323,0.0024875621890547,9,5,1,0,50,,,,
540,540,540,"(96, 97)",0.0477670908806723,0.0321823130703954,0.0033167495854063,0.0404261676603347,0.0367201534573577,0.0033167495854063,9,4,1,0,26,,,,
541,541,541,"(97, 601)",0.0474853047903769,0.0315219948247471,0.0024875621890547,0.0437183645136214,0.0365731614859742,0.0024875621890547,13,5,0,0,38,,,,
542,542,542,"(601, 602)",0.0474853047903769,0.0305703422053231,0.0016583747927031,0.0432737723096749,0.0364361461071331,0.0016583747927031,2,8,0,0,36,,,,
543,543,543,"(602, 603)",0.0474853047903769,0.0296744666715878,0.0016583747927031,0.0431687895682891,0.0363548669098363,0.0016583747927031,12,7,0,2,36,,,,
544,544,544,"(603, 604)",0.0474853047903769,0.0288296041308089,0.0016583747927031,0.0431024250856244,0.0363012461621816,0.0016583747927031,10,6,1,2,69,,,,
545,545,545,"(604, 142)",0.0474853047903769,0.0280315180252423,0.0024875621890547,0.0439630232644884,0.0364460562103354,0.0024875621890547,8,8,1,1,28,,,,
546,546,546,"(142, 144)",0.0619480856839191,0.0324019344438474,0.0033167495854063,0.0497735610663073,0.0367492458177164,0.0033167495854063,3,5,2,0,56,,,,
547,547,547,"(144, 783)",0.056925297366401,0.0316269799643344,0.0024875621890547,0.0462688795988927,0.0364846468007865,0.0024875621890547,5,4,0,0,46,,,,
548,548,548,"(783, 784)",0.056925297366401,0.0306721941046313,0.0016583747927031,0.045287723688132,0.0362510520620416,0.0016583747927031,6,8,0,2,40,,,,
549,549,549,"(781, 782)",0.1147136249343057,0.0259924996767102,0.0016583747927031,0.0659072675114846,0.0368987883979929,0.0016583747927031,3,4,3,1,38,,,,
550,550,550,"(782, 145)",0.1147136249343057,0.0253441210465482,0.0024875621890547,0.066929786870666,0.0372348636882892,0.0024875621890547,6,6,0,0,46,,,,
551,551,551,"(145, 143)",0.0845233791399227,0.0321069165646131,0.0033167495854063,0.0561763766746101,0.0371545642194768,0.0033167495854063,11,8,1,0,54,,,,
552,552,552,"(143, 608)",0.0802005259095325,0.0328708877320177,0.0024875621890547,0.0533805366111178,0.0373559658034939,0.0024875621890547,7,2,0,1,32,,,,
553,553,553,"(608, 607)",0.0802005259095325,0.0318373812038014,0.0016583747927031,0.0522950320976668,0.0372038499506416,0.0016583747927031,5,3,0,2,38,,,,
554,554,554,"(607, 606)",0.0802005259095325,0.0308668833661795,0.0016583747927031,0.0523686632711927,0.0372659291761943,0.0016583747927031,5,7,0,1,36,,,,
555,555,555,"(606, 605)",0.0802005259095325,0.0299538025930157,0.0016583747927031,0.052483786135433,0.0373582801561241,0.0016583747927031,11,6,1,2,38,,,,
556,556,556,"(605, 99)",0.0802005259095325,0.0290931898776928,0.0024875621890547,0.0531285594262845,0.0374976680554691,0.0024875621890547,5,4,0,0,34,,,,
557,557,557,"(99, 98)",0.0595941833940637,0.0321291560102301,0.0033167495854063,0.0424942181759677,0.0371935235158057,0.0033167495854063,5,3,0,1,28,,,,
558,558,558,"(98, 443)",0.0539178853086493,0.0328386657590197,0.0024875621890547,0.0375784949783344,0.0370461387233519,0.0024875621890547,0,5,0,3,30,,,,
559,559,559,"(443, 442)",0.0539178853086493,0.0318088305111568,0.0016583747927031,0.0360455363708333,0.0366064653209895,0.0016583747927031,5,1,1,0,40,,,,
560,560,560,"(442, 441)",0.0539178853086494,0.0308416234048538,0.0016583747927031,0.0355656857392517,0.0362227428365471,0.0016583747927031,3,6,0,0,38,,,,
561,561,561,"(441, 440)",0.0539178853086494,0.0299315000496376,0.0016583747927031,0.0351367561593963,0.0358864488484199,0.0016583747927031,12,6,0,2,40,,,,
562,562,562,"(440, 439)",0.0539178853086494,0.0290735517465827,0.0016583747927031,0.034828440645697,0.0356298747341054,0.0016583747927031,5,4,0,0,38,,,,
563,563,563,"(439, 85)",0.0539178853086494,0.028263416920553,0.0024875621890547,0.0355816611470768,0.0356235599929107,0.0024875621890547,8,6,1,1,36,,,,
564,564,564,"(85, 84)",0.0311471687207117,0.0310993063255885,0.0024875621890547,0.0231722908472373,0.0351552251858329,0.0024875621890547,5,10,1,0,26,,,,
565,565,565,"(590, 591)",0.041233606714501,0.0272647118667058,0.0016583747927031,0.0286680372309879,0.0326431181485992,0.0016583747927031,7,8,0,0,56,,,,
566,566,566,"(591, 592)",0.041233606714501,0.0265498414934836,0.0016583747927031,0.0290781275508654,0.0329076620825147,0.0016583747927031,11,6,0,1,62,,,,
567,567,567,"(592, 92)",0.041233606714501,0.0258715005899388,0.0016583747927031,0.0295105436171454,0.0331911380211916,0.0016583747927031,11,5,0,0,60,,,,
568,568,568,"(92, 93)",0.0522869614255011,0.0297263988168597,0.0033167495854063,0.0393681821560412,0.0334944175970671,0.0033167495854063,21,12,0,11,26,,,,
569,569,569,"(93, 610)",0.0393892095211226,0.0288813851569796,0.0016583747927031,0.0344264225333597,0.03271484375,0.0016583747927031,16,6,2,1,36,,,,
570,570,570,"(610, 612)",0.0393892095211226,0.028083084947839,0.0016583747927031,0.0336062585842554,0.0322684218975758,0.0016583747927031,6,5,1,0,58,,,,
571,571,571,"(612, 614)",0.0393892095211226,0.0273277288074142,0.0016583747927031,0.0331658080136799,0.0320463423059548,0.0016583747927031,6,8,0,0,38,,,,
572,572,572,"(614, 615)",0.0393892095211226,0.0266119422745928,0.0016583747927031,0.0329950128915006,0.0319537915319802,0.0016583747927031,6,8,0,1,36,,,,
573,573,573,"(615, 618)",0.0393892095211226,0.0259326954090957,0.0016583747927031,0.0328915458065509,0.031892106307021,0.0016583747927031,7,5,0,1,32,,,,
574,574,574,"(618, 146)",0.0393892095211226,0.0252872599178059,0.0016583747927031,0.0328279838087803,0.0318525170355501,0.0016583747927031,6,5,0,26,34,,,,
575,575,575,"(146, 619)",0.0541700769681199,0.0287409737613498,0.0024875621890547,0.0383205584561056,0.0319537915319802,0.0024875621890547,25,15,0,29,32,,,,
576,576,576,"(619, 148)",0.0541700769681199,0.0279412446133172,0.0024875621890547,0.0421049796167065,0.0318718782208832,0.0024875621890547,18,13,0,7,28,,,,
577,577,577,"(148, 799)",0.0400610692175689,0.0272013713460844,0.0016583747927031,0.039791360917004,0.031407067892393,0.0016583747927031,3,8,0,0,34,,,,
578,578,578,"(799, 800)",0.0400610692175689,0.0264996704021094,0.0016583747927031,0.0391133972483055,0.0310097451852613,0.0016583747927031,8,7,1,2,40,,,,
579,579,579,"(800, 801)",0.0400610692175689,0.0258332619312826,0.0016583747927031,0.0385839048463751,0.0307018660421068,0.0016583747927031,7,7,3,0,40,,,,
580,580,580,"(795, 794)",0.0470958714954503,0.021775635122691,0.0016583747927031,0.033559626863693,0.0314340822603346,0.0016583747927031,11,13,0,1,38,,,,
581,581,581,"(794, 793)",0.0470958714954503,0.021323620418339,0.0016583747927031,0.0339854276996835,0.0316893081430485,0.0016583747927031,10,11,0,0,38,,,,
582,582,582,"(793, 792)",0.0470958714954503,0.0208899897801874,0.0016583747927031,0.034515013169712,0.0320174157750816,0.0016583747927031,10,11,3,0,42,,,,
583,583,583,"(792, 149)",0.0470958714954503,0.0204736440030557,0.0024875621890547,0.0362305079315517,0.0324411566913248,0.0024875621890547,11,7,0,4,32,,,,
584,584,584,"(149, 620)",0.0440216850280639,0.0278843930635838,0.0024875621890547,0.0353729217932559,0.0323680184653372,0.0024875621890547,6,7,0,2,28,,,,
585,585,585,"(620, 147)",0.0440216850280639,0.0271309981777687,0.0024875621890547,0.037214170287465,0.0325418240690771,0.0024875621890547,8,7,0,8,28,,,,
586,586,586,"(147, 617)",0.0441586901821001,0.0278354798504362,0.0024875621890547,0.0419557564856254,0.0329328235936646,0.0024875621890547,8,8,0,1,32,,,,
587,587,587,"(617, 616)",0.0441586901821001,0.0270932087255408,0.0016583747927031,0.0415816047083853,0.0329760472492617,0.0016583747927031,7,5,1,3,32,,,,
588,588,588,"(616, 613)",0.0441586901821001,0.0263894967177242,0.0016583747927031,0.0416880113565644,0.0330429064606279,0.0016583747927031,8,8,0,1,38,,,,
589,589,589,"(613, 611)",0.0441586901821001,0.0257214153176786,0.0016583747927031,0.0418777813199765,0.0331437051694286,0.0016583747927031,3,7,0,1,36,,,,
590,590,590,"(611, 609)",0.0441586901821001,0.0250863252485751,0.0016583747927031,0.0423604103051173,0.0334359144972136,0.0016583747927031,9,8,0,2,42,,,,
591,591,591,"(609, 94)",0.0441586901821001,0.0244818416191307,0.0024875621890547,0.0444683831171387,0.0341034414501032,0.0024875621890547,7,7,1,0,44,,,,
592,592,592,"(94, 95)",0.0420130559741633,0.0288,0.0033167495854063,0.0458785656736771,0.0338497810710677,0.0033167495854063,7,6,3,1,36,,,,
593,593,593,"(95, 596)",0.0442608992841233,0.0294253995364157,0.0024875621890547,0.0505780501446647,0.0340841647118672,0.0024875621890547,7,4,0,2,50,,,,
594,594,594,"(596, 595)",0.0442608992841233,0.0285944613050075,0.0016583747927031,0.0498462363999226,0.0337852980726131,0.0016583747927031,6,4,1,2,54,,,,
595,595,595,"(595, 594)",0.0442608992841233,0.0278091636497797,0.0016583747927031,0.0494497231533987,0.0335065151557247,0.0016583747927031,9,8,1,0,60,,,,
596,596,596,"(93, 94)",0.0120678763857063,0.0288703229358676,0.0024875621890547,0.0091946032393483,0.033980445746809,0.0024875621890547,6,7,1,1,14,,,,
597,597,597,"(94, 597)",0.0142135105936431,0.0288082555000836,0.0024875621890547,0.0128883513494215,0.0341759238267966,0.0024875621890547,15,3,0,0,40,,,,
598,598,598,"(597, 598)",0.0142135105936431,0.0280113346030566,0.0016583747927031,0.0127562209388128,0.0342321884757309,0.0016583747927031,10,6,2,0,44,,,,
599,599,599,"(598, 599)",0.0142135105936431,0.0272573172109842,0.0016583747927031,0.0132518994323057,0.0345558739255014,0.0016583747927031,7,2,0,1,40,,,,
600,600,600,"(599, 600)",0.0142135105936431,0.0265428294744255,0.0016583747927031,0.0142450234112232,0.0353085841433423,0.0016583747927031,8,9,0,1,38,,,,
601,601,601,"(600, 97)",0.0142135105936431,0.0258648422587771,0.0024875621890547,0.016624154029544,0.036259771497294,0.0024875621890547,9,6,0,0,34,,,,
602,602,602,"(97, 99)",0.0144952966839385,0.0315121109978835,0.0033167495854063,0.0159365227821401,0.036842426834484,0.0033167495854063,4,5,0,1,54,,,,
603,603,603,"(99, 485)",0.0351016391994075,0.0321360051161799,0.0024875621890547,0.0258726212589673,0.0375958600910281,0.0024875621890547,8,4,0,1,32,,,,
604,604,604,"(485, 484)",0.0351016391994075,0.0311442811765617,0.0016583747927031,0.0250009892526404,0.0377500234763827,0.0016583747927031,8,2,0,0,40,,,,
605,605,605,"(484, 101)",0.0351016391994075,0.0302119344656545,0.0024875621890547,0.0264063944014579,0.0381512764543987,0.0024875621890547,4,5,0,1,36,,,,
606,606,606,"(101, 102)",0.0244277151359993,0.0327130689524222,0.0024875621890547,0.0154332625471511,0.0378424173962157,0.0024875621890547,3,2,0,0,26,,,,
607,607,607,"(103, 100)",0.0121553826074789,0.031858407079646,0.0024875621890547,0.00823222271546,0.0376005487310594,0.0024875621890547,5,3,0,0,28,,,,
608,608,608,"(100, 482)",0.0189640901579652,0.0319673434766474,0.0024875621890547,0.0150917423535514,0.0375069975741742,0.0024875621890547,3,7,0,0,34,,,,
609,609,609,"(482, 483)",0.0189640901579652,0.030985843118111,0.0016583747927031,0.0143305586004573,0.037122541324222,0.0016583747927031,4,10,0,1,38,,,,
610,610,610,"(483, 98)",0.0189640901579652,0.0300628178282979,0.0024875621890547,0.0145732024193313,0.0369609856262833,0.0024875621890547,10,2,1,0,32,,,,
611,611,611,"(98, 96)",0.0246403882433795,0.0328261520455102,0.0033167495854063,0.0171155916647605,0.0368705860772264,0.0033167495854063,7,7,0,0,56,,,,
612,612,612,"(96, 950)",0.0124713225022879,0.0321926218568149,0.0024875621890547,0.0092108507332925,0.0359474201913618,0.0024875621890547,5,11,1,2,34,,,,
613,613,613,"(950, 951)",0.0124713225022879,0.0312006830000258,0.0016583747927031,0.0071913015930668,0.0350082730993642,0.0016583747927031,3,5,1,3,36,,,,
614,614,614,"(951, 952)",0.0124713225022879,0.0302680453769701,0.0016583747927031,0.0063840216653414,0.0344187904905961,0.0016583747927031,10,8,0,0,40,,,,
615,615,615,"(952, 953)",0.0124713225022879,0.0293895455099305,0.0016583747927031,0.0060881424472475,0.0342312168260906,0.0016583747927031,3,10,0,1,38,,,,
616,616,616,"(953, 95)",0.012471322502288,0.0285606024724103,0.0024875621890547,0.008152265178506,0.034198213526159,0.0024875621890547,5,7,0,0,22,,,,
617,617,617,"(95, 92)",0.0102234791923278,0.029416786594141,0.0024875621890547,0.0059056771609156,0.0334516809053589,0.0024875621890547,10,10,1,0,22,,,,
618,618,618,"(148, 149)",0.0132791322318788,0.0271848161756418,0.0024875621890547,0.0079084002544186,0.0320949542261017,0.0024875621890547,11,8,0,1,18,,,,
619,619,619,"(149, 634)",0.0163533186992653,0.0278953577128582,0.0024875621890547,0.010558199959657,0.0322072372813459,0.0024875621890547,9,7,0,3,34,,,,
620,620,620,"(634, 633)",0.0163533186992653,0.0271517662156381,0.0016583747927031,0.009758179293129,0.0320021228605546,0.0016583747927031,16,8,0,0,40,,,,
621,621,621,"(633, 632)",0.0163533186992653,0.0264467884476217,0.0016583747927031,0.0099242901990717,0.0319970284683346,0.0016583747927031,9,9,0,1,38,,,,
622,622,622,"(632, 631)",0.0163533186992653,0.0257774927861494,0.0016583747927031,0.0106226214630136,0.0325128730488232,0.0016583747927031,9,7,2,0,40,,,,
623,623,623,"(631, 630)",0.0163533186992653,0.0251412370489274,0.0016583747927031,0.0116575402462363,0.0331309579407159,0.0016583747927031,9,10,1,0,42,,,,
624,624,624,"(630, 629)",0.0163533186992653,0.0245356336337558,0.0016583747927031,0.0128844213419764,0.0339555705718388,0.0016583747927031,5,9,0,1,40,,,,
625,625,625,"(629, 628)",0.0163533186992653,0.0239585195780439,0.0016583747927031,0.0142340603114438,0.0349291858545486,0.0016583747927031,11,4,0,4,36,,,,
626,626,626,"(628, 144)",0.0163533186992653,0.0234079307466858,0.0024875621890547,0.0166888054759323,0.0360344209394048,0.0024875621890547,6,9,0,0,28,,,,
627,627,627,"(144, 145)",0.0213761070167833,0.0316137150047184,0.0033167495854063,0.0212541730553738,0.0367638092915498,0.0033167495854063,9,8,0,0,30,,,,
628,628,628,"(145, 637)",0.0515663528111662,0.0321137561910848,0.0024875621890547,0.031608219092544,0.0373548087347065,0.0024875621890547,3,4,0,0,32,,,,
629,629,629,"(637, 638)",0.0515663528111662,0.0311233838292601,0.0016583747927031,0.0307715130766561,0.0376486748041082,0.0016583747927031,7,7,0,2,34,,,,
630,630,630,"(638, 140)",0.0515663528111662,0.0301922691768475,0.0024875621890547,0.0348944141417195,0.0381488628096036,0.0024875621890547,6,7,0,2,44,,,,
631,631,631,"(140, 141)",0.04371322563928,0.0327468230694037,0.0024875621890547,0.0309822426342414,0.038066980208958,0.0024875621890547,5,6,1,0,26,,,,
632,632,632,"(139, 138)",0.0119509644034323,0.0310384763865654,0.0024875621890547,0.0115573615263309,0.0380213752009836,0.0024875621890547,7,6,1,0,26,,,,
633,633,633,"(138, 636)",0.0242279247455131,0.0319690382780193,0.0024875621890547,0.0196463268306607,0.0379854483605782,0.0024875621890547,6,3,0,0,42,,,,
634,634,634,"(636, 635)",0.0242279247455131,0.0309874354428428,0.0016583747927031,0.0189226578189513,0.0375210005600149,0.0016583747927031,6,1,0,1,40,,,,
635,635,635,"(635, 143)",0.0242279247455131,0.0300643166974123,0.0024875621890547,0.0192390376622343,0.037275143722569,0.0024875621890547,4,2,2,0,26,,,,
636,636,636,"(143, 142)",0.0285507779759033,0.0328601400506798,0.0033167495854063,0.0203284988983858,0.0370541063692506,0.0033167495854063,6,5,1,3,32,,,,
637,637,637,"(142, 627)",0.0140879970823613,0.0324184833741028,0.0024875621890547,0.0126385749835461,0.0361326662072684,0.0024875621890547,6,8,0,0,24,,,,
638,638,638,"(627, 626)",0.0140879970823613,0.0314185228604923,0.0016583747927031,0.0100067436766846,0.035020472166565,0.0016583747927031,14,4,0,1,38,,,,
639,639,639,"(626, 625)",0.0140879970823613,0.0304784048118476,0.0016583747927031,0.0086491736375741,0.0340543287965211,0.0016583747927031,3,2,1,0,42,,,,
640,640,640,"(625, 624)",0.0140879970823613,0.029592913405148,0.0016583747927031,0.0074864014555111,0.0332533708329886,0.0016583747927031,6,2,0,1,38,,,,
641,641,641,"(624, 623)",0.0140879970823613,0.0287574218470563,0.0016583747927031,0.0067009540043679,0.0327494908350305,0.0016583747927031,7,4,1,0,40,,,,
642,642,642,"(623, 622)",0.0140879970823613,0.0279678115071542,0.0016583747927031,0.0063887144455191,0.0325681879557115,0.0016583747927031,12,7,0,0,40,,,,
643,643,643,"(622, 621)",0.0140879970823613,0.0272204040176052,0.0016583747927031,0.0063349415930839,0.0325339232242574,0.0016583747927031,3,6,0,0,44,,,,
644,644,644,"(621, 147)",0.0140879970823613,0.0265119039767855,0.0024875621890547,0.0086299381771025,0.0325655496449113,0.0024875621890547,3,11,0,7,42,,,,
645,645,645,"(147, 146)",0.0139509919283251,0.0278264882325796,0.0024875621890547,0.0071057699475786,0.0321642885718095,0.0024875621890547,9,8,2,18,18,,,,
646,646,646,"(784, 785)",0.056925297366401,0.0297733669086061,0.0016583747927031,0.0450189258369903,0.0360419592958967,0.0016583747927031,4,4,0,2,34,,,,
647,647,647,"(785, 786)",0.056925297366401,0.0289257189456263,0.0016583747927031,0.0447794966095898,0.0358587059942911,0.0016583747927031,7,8,0,1,38,,,,
648,648,648,"(786, 787)",0.056925297366401,0.028125,0.0016583747927031,0.0445798473782942,0.0357079410197193,0.0016583747927031,4,8,0,0,38,,,,
649,649,649,"(787, 788)",0.056925297366401,0.0273674177956293,0.0016583747927031,0.0444306739600135,0.035598323395714,0.0016583747927031,6,10,0,1,36,,,,
650,650,650,"(788, 789)",0.056925297366401,0.0266495779378618,0.0016583747927031,0.0443215901883299,0.0355175968193196,0.0016583747927031,10,16,0,1,38,,,,
651,651,651,"(789, 150)",0.056925297366401,0.0259684330656101,0.0024875621890547,0.0452654781844851,0.0354570311351542,0.0024875621890547,8,5,0,1,38,,,,
652,652,652,"(150, 790)",0.0398661257280504,0.0253276209677419,0.0016583747927031,0.0361722182686445,0.0350306445522409,0.0016583747927031,7,1,1,1,34,,,,
653,653,653,"(790, 152)",0.0398661257280504,0.0247176733413949,0.0016583747927031,0.0358610558163465,0.0347450302506482,0.0016583747927031,6,2,0,0,30,,,,
654,654,654,"(152, 909)",0.0502322391979913,0.030609913957207,0.0024875621890547,0.0449718031792945,0.0346860709252495,0.0024875621890547,10,17,0,11,54,,,,
655,655,655,"(909, 910)",0.0502322391979913,0.0297073603310671,0.0016583747927031,0.0425237160341128,0.0341410938738534,0.0016583747927031,12,13,2,8,46,,,,
656,656,656,"(910, 184)",0.0502322391979913,0.028856507070562,0.0024875621890547,0.0428275921991683,0.0336457984599933,0.0024875621890547,4,13,0,1,54,,,,
657,657,657,"(184, 185)",0.0413407834043246,0.0294081786924821,0.0033167495854063,0.03760726205769,0.0331154923389532,0.0033167495854063,6,16,0,1,16,,,,
658,658,658,"(185, 889)",0.0224334757746537,0.0288282258450064,0.0024875621890547,0.0290959428671666,0.0323697560190031,0.0024875621890547,7,8,0,2,46,,,,
659,659,659,"(889, 897)",0.0224334757746537,0.0280308664931201,0.0016583747927031,0.0257813788037461,0.031546731538884,0.0016583747927031,6,9,0,2,50,,,,
660,660,660,"(897, 896)",0.0224334757746537,0.027276428280635,0.0016583747927031,0.0244638015054913,0.0307755122872381,0.0016583747927031,6,7,0,2,54,,,,
661,661,661,"(892, 891)",0.0498469452120285,0.0241804511278195,0.0016583747927031,0.0191595439301187,0.0312759336099585,0.0016583747927031,12,12,0,0,36,,,,
662,662,662,"(891, 890)",0.0498469452120285,0.0236160338378992,0.0016583747927031,0.0204850223471621,0.0320778806255984,0.0016583747927031,13,13,1,2,40,,,,
663,663,663,"(890, 186)",0.0498469452120285,0.0230773646644597,0.0024875621890547,0.0230003603078641,0.0329328235936646,0.0024875621890547,9,7,1,11,44,,,,
664,664,664,"(186, 187)",0.0649918293666358,0.0283311407630144,0.0033167495854063,0.0353336677428022,0.033387779961795,0.0033167495854063,8,9,2,2,18,,,,
665,665,665,"(187, 911)",0.0855512991726117,0.0296059899349453,0.0024875621890547,0.0508284046738398,0.0339928970065956,0.0024875621890547,7,9,0,1,52,,,,
666,666,666,"(911, 912)",0.0855512991726117,0.0287608509014595,0.0016583747927031,0.0504852339557764,0.0344541896408879,0.0016583747927031,11,11,2,3,46,,,,
667,667,667,"(912, 153)",0.0855512991726117,0.027962623756637,0.0024875621890547,0.051893008658891,0.0349970980847359,0.0024875621890547,10,5,1,0,56,,,,
668,668,668,"(153, 791)",0.1113768051145479,0.0302104208416833,0.0024875621890547,0.0647936715228272,0.0355615840533128,0.0024875621890547,6,5,1,2,32,,,,
669,669,669,"(791, 151)",0.1113768051145479,0.0293309336770678,0.0024875621890547,0.0653908126613209,0.0358608385370205,0.0024875621890547,4,8,0,1,32,,,,
670,670,670,"(151, 776)",0.1147136249343057,0.0307057745187901,0.0024875621890547,0.0658796108723842,0.0359442060085836,0.0024875621890547,7,3,0,0,42,,,,
671,671,671,"(776, 777)",0.1147136249343057,0.0298050070434718,0.0016583747927031,0.0648016530380619,0.0360225813196332,0.0016583747927031,6,7,0,3,40,,,,
672,672,672,"(777, 778)",0.1147136249343057,0.0289555822328931,0.0016583747927031,0.0649395527511149,0.0361305012133377,0.0016583747927031,3,6,1,1,36,,,,
673,673,673,"(778, 779)",0.1147136249343057,0.0281532320190489,0.0016583747927031,0.0651258962755398,0.0362794055712652,0.0016583747927031,4,10,0,1,38,,,,
674,674,674,"(779, 780)",0.1147136249343057,0.0273941486461929,0.0016583747927031,0.0653517380211685,0.0364592780700163,0.0016583747927031,3,4,0,1,38,,,,
675,675,675,"(780, 781)",0.1147136249343057,0.0266749242440998,0.0016583747927031,0.0656076277747977,0.0366665653218205,0.0016583747927031,1,5,1,1,36,,,,
676,676,676,"(155, 154)",0.033363083154995,0.027805316671662,0.0033167495854063,0.0389878651557136,0.0358928571428571,0.0033167495854063,7,10,0,0,26,,,,
677,677,677,"(154, 775)",0.0353617438932048,0.0317794935307913,0.0024875621890547,0.0321559310467519,0.0362401586633812,0.0024875621890547,10,8,0,2,30,,,,
678,678,678,"(775, 774)",0.0353617438932048,0.0308077453635109,0.0016583747927031,0.0251085853753512,0.0357736117702895,0.0016583747927031,6,7,1,0,46,,,,
679,679,679,"(774, 153)",0.0353617438932048,0.0298936618496393,0.0024875621890547,0.0254410074213237,0.0354372355430183,0.0024875621890547,6,5,0,0,24,,,,
680,680,680,"(153, 152)",0.0095362379512686,0.0302104208416833,0.0024875621890547,0.0118419960649468,0.0350316621158426,0.0024875621890547,5,9,0,3,32,,,,
681,681,681,"(150, 151)",0.0162292961196782,0.0253212396069538,0.0024875621890547,0.0106911699498941,0.0354018669641284,0.0024875621890547,3,5,0,0,32,,,,
682,682,682,"(151, 772)",0.0128924762999204,0.0306979585603013,0.0024875621890547,0.0106127606846021,0.0351501020110754,0.0024875621890547,3,4,1,0,30,,,,
683,683,683,"(772, 773)",0.0128924762999204,0.0297902823407356,0.0016583747927031,0.0091082650165156,0.0349626021916855,0.0016583747927031,2,6,0,0,30,,,,
684,684,684,"(773, 771)",0.0128924762999204,0.0289347408829174,0.0016583747927031,0.0095901929934768,0.0353323762927372,0.0016583747927031,3,2,2,0,26,,,,
685,685,685,"(771, 293)",0.0128924762999204,0.0281269678382349,0.0024875621890547,0.0122267528898038,0.0360236573271999,0.0024875621890547,6,5,0,1,28,,,,
686,686,686,"(293, 295)",0.0234050815539636,0.0301168714414144,0.0024875621890547,0.0198501710657217,0.036102379883251,0.0024875621890547,2,23,3,24,24,,,,
687,687,687,"(295, 296)",0.0234050815539636,0.0292562224055116,0.0016583747927031,0.0185795618738824,0.0358864488484199,0.0016583747927031,10,14,1,14,14,,,,
688,688,688,"(765, 766)",0.071182425233797,0.0274765333090312,0.0016583747927031,0.0767411425997869,0.0370939960629921,0.0016583747927031,6,13,0,0,36,,,,
689,689,689,"(766, 767)",0.071182425233797,0.0267565948572316,0.0016583747927031,0.076651457323999,0.037021119842829,0.0016583747927031,9,2,1,0,38,,,,
690,690,690,"(767, 293)",0.071182425233797,0.0260734206771306,0.0024875621890547,0.078336417456144,0.0369666503187837,0.0024875621890547,6,6,1,2,48,,,,
691,691,691,"(293, 154)",0.0606698199797538,0.0301025884232334,0.0033167495854063,0.0722567267556724,0.0365653993087138,0.0033167495854063,4,4,0,1,60,,,,
692,692,692,"(154, 920)",0.0586711592415439,0.0317811684718159,0.0024875621890547,0.0638653879221526,0.0362162162162162,0.0024875621890547,5,6,0,4,44,,,,
693,693,693,"(920, 919)",0.0586711592415439,0.0308108936692044,0.0016583747927031,0.0566684865170622,0.0356161956232834,0.0016583747927031,6,7,0,1,36,,,,
694,694,694,"(919, 918)",0.0586711592415439,0.0298981084364231,0.0016583747927031,0.0559525250926084,0.0350703733860649,0.0016583747927031,5,4,0,0,38,,,,
695,695,695,"(918, 180)",0.0586711592415439,0.0290378503322739,0.0024875621890547,0.0566139828185498,0.0347590500345861,0.0024875621890547,6,8,0,0,34,,,,
696,696,696,"(180, 181)",0.0629910727597603,0.0300755629816204,0.0033167495854063,0.0507795453829287,0.0341623704039431,0.0033167495854063,7,6,0,2,16,,,,
697,697,697,"(181, 903)",0.0462664891311079,0.0299010735625914,0.0024875621890547,0.0333583797431808,0.0335223482321547,0.0024875621890547,7,36,3,30,36,,,,
698,698,698,"(903, 904)",0.0462664891311079,0.029042745334136,0.0016583747927031,0.0306869298735727,0.0326281045397976,0.0016583747927031,6,40,0,38,40,,,,
699,699,699,"(904, 905)",0.0462664891311079,0.0282323196853711,0.0016583747927031,0.0293528900679902,0.0317954126021618,0.0016583747927031,8,36,0,35,36,,,,
700,700,700,"(901, 902)",0.0191084998507429,0.0221683026359325,0.0016583747927031,0.049989946071455,0.0323324396782841,0.0016583747927031,7,5,2,3,38,,,,
701,701,701,"(902, 182)",0.0191084998507429,0.0216949396463329,0.0024875621890547,0.0527445579183367,0.0332075887325494,0.0024875621890547,6,9,1,1,42,,,,
702,702,702,"(182, 183)",0.0159155811537058,0.0292491268917345,0.0033167495854063,0.0520848922474441,0.0339030698302035,0.0033167495854063,10,8,0,2,16,,,,
703,703,703,"(183, 923)",0.0133759705579032,0.0292548030273627,0.0024875621890547,0.0539962071757969,0.0341420604138946,0.0024875621890547,4,12,0,1,36,,,,
704,704,704,"(923, 922)",0.0133759705579032,0.0284306560739291,0.0016583747927031,0.0530149191761421,0.0346173718353522,0.0016583747927031,8,9,0,1,34,,,,
705,705,705,"(922, 921)",0.0133759705579032,0.0276516714816343,0.0016583747927031,0.0537505219368888,0.0351665014288213,0.0016583747927031,4,10,0,0,36,,,,
706,706,706,"(921, 155)",0.0133759705579032,0.0269142359793791,0.0033167495854063,0.0614637763977289,0.0357545211977468,0.0033167495854063,11,13,2,0,44,,,,
707,707,707,"(155, 298)",0.0052934021778595,0.0278098049162938,0.0024875621890547,0.0545328049301706,0.0357079410197193,0.0024875621890547,5,42,1,35,42,,,,
708,708,708,"(298, 296)",0.0052934021778595,0.0270682766979395,0.0016583747927031,0.0537852619533058,0.0359217228129747,0.0016583747927031,6,20,0,19,20,,,,
709,709,709,"(294, 296)",0.008777688321876,0.024786763950262,0.0016583747927031,0.0630001538786772,0.0363702162308875,0.0016583747927031,9,11,1,1,24,,,,
710,710,710,"(667, 134)",0.0211681335140801,0.0257022292314905,0.0016583747927031,0.0434528438092138,0.0360129001433349,0.0016583747927031,6,10,0,3,16,,,,
711,711,711,"(134, 135)",0.0349876940791661,0.0281940385739333,0.0033167495854063,0.0648710554032668,0.0360182779320849,0.0033167495854063,16,8,0,1,8,,,,
712,712,712,"(135, 737)",0.0233005098986395,0.0274396486996882,0.0016583747927031,0.060674219816675,0.0359249329758713,0.0016583747927031,1,3,0,0,14,,,,
713,713,713,"(737, 738)",0.0233005098986395,0.026724577304053,0.0016583747927031,0.0608623352115944,0.0360775397870049,0.0016583747927031,3,2,0,0,16,,,,
714,714,714,"(738, 739)",0.0233005098986395,0.0260458285640239,0.0016583747927031,0.0612092938139109,0.0363537710255019,0.0016583747927031,7,4,0,2,20,,,,
715,715,715,"(739, 294)",0.0233005098986395,0.025400703468902,0.0024875621890547,0.0699043594374421,0.0366609922178988,0.0024875621890547,7,0,0,0,16,,,,
716,716,716,"(294, 770)",0.0136929460580912,0.024788801874576,0.0016583747927031,0.0142318201284679,0.036111027936641,0.0016583747927031,7,0,0,1,36,,,,
717,717,717,"(770, 769)",0.0136929460580912,0.0242056881360014,0.0016583747927031,0.0140360758403225,0.0359903309558626,0.0016583747927031,3,2,0,1,38,,,,
718,718,718,"(769, 768)",0.0136929460580912,0.0236493773899401,0.0016583747927031,0.0141319542169961,0.0360645933014354,0.0016583747927031,6,5,0,0,32,,,,
719,719,719,"(768, 677)",0.0136929460580912,0.0231180631433664,0.0016583747927031,0.0142526049972121,0.0361586663868317,0.0016583747927031,0,3,1,0,36,,,,
720,720,720,"(297, 736)",0.0181975717146337,0.0235984737305547,0.0016583747927031,0.0069405394743901,0.0320072188752355,0.0016583747927031,8,5,0,1,19,,,,
721,721,721,"(736, 735)",0.0181975717146337,0.0230645654834761,0.0016583747927031,0.0080906015719036,0.0327361563517915,0.0016583747927031,5,1,0,1,20,,,,
722,722,722,"(735, 734)",0.0181975717146337,0.0225542817602064,0.0016583747927031,0.0092762215570907,0.0335214164605164,0.0016583747927031,16,3,0,7,16,,,,
723,723,723,"(734, 136)",0.0181975717146337,0.022066088483917,0.0024875621890547,0.0117829175412863,0.0343648486920841,0.0024875621890547,10,6,0,0,15,,,,
724,724,724,"(136, 137)",0.018242758413688,0.0278001890228441,0.0033167495854063,0.0186032973803075,0.0351839425854071,0.0033167495854063,11,6,2,2,8,,,,
725,725,725,"(137, 668)",0.0261630987524342,0.0272283933893253,0.0024875621890547,0.0240556428604692,0.0352734717753729,0.0024875621890547,7,3,3,2,16,,,,
726,726,726,"(135, 136)",0.0108573086618543,0.027422802310246,0.0024875621890547,0.0130700043461294,0.0352889539136795,0.0024875621890547,8,7,0,1,8,,,,
727,727,727,"(136, 720)",0.0108121219628001,0.0278117288932961,0.0024875621890547,0.0093650425711286,0.0344867028881898,0.0024875621890547,6,5,1,4,19,,,,
728,728,728,"(720, 721)",0.0108121219628001,0.0270719224207596,0.0016583747927031,0.0070337887718921,0.0337616528092718,0.0016583747927031,12,3,1,0,15,,,,
729,729,729,"(721, 722)",0.0108121219628001,0.0263704545951501,0.0016583747927031,0.0060818846276882,0.0330882352941176,0.0016583747927031,6,6,0,0,20,,,,
730,730,730,"(722, 723)",0.0108121219628001,0.0257044204782812,0.0016583747927031,0.0054203074824878,0.032762836185819,0.0016583747927031,4,15,4,0,19,,,,
731,731,731,"(723, 724)",0.0108121219628001,0.0250712013803712,0.0016583747927031,0.0050139548682947,0.0325014822400689,0.0016583747927031,9,9,0,0,16,,,,
732,732,732,"(724, 725)",0.0108121219628001,0.0244684304496023,0.0016583747927031,0.0046876940571831,0.0322822420900476,0.0016583747927031,5,7,1,0,18,,,,
733,733,733,"(725, 726)",0.0108121219628001,0.0238939631089889,0.0016583747927031,0.0047179643963514,0.0322597902846137,0.0016583747927031,7,8,0,2,18,,,,
734,734,734,"(726, 131)",0.0108121219628001,0.0233458515621975,0.0024875621890547,0.00686705171061,0.0325875486381323,0.0024875621890547,7,7,0,1,16,,,,
735,735,735,"(131, 132)",0.011642123637231,0.0284447379593377,0.0033167495854063,0.0093878675911292,0.0329076620825147,0.0033167495854063,8,6,0,0,7,,,,
736,736,736,"(133, 130)",0.0279881662621491,0.0291705971990421,0.0033167495854063,0.0108701217655934,0.032776192417448,0.0033167495854063,4,7,0,1,7,,,,
737,737,737,"(130, 727)",0.02091002538516,0.0291804785985627,0.0024875621890547,0.0064299603265767,0.0324673576524431,0.0024875621890547,6,2,0,0,16,,,,
738,738,738,"(727, 728)",0.02091002538516,0.0283671261231594,0.0016583747927031,0.0051058636725166,0.0322666952054794,0.0016583747927031,9,2,0,0,19,,,,
739,739,739,"(728, 729)",0.02091002538516,0.0275978855351381,0.0016583747927031,0.005384048881368,0.0324822236586942,0.0016583747927031,6,7,0,0,18,,,,
740,740,740,"(729, 730)",0.02091002538516,0.0268692629890384,0.0016583747927031,0.0057717675267731,0.0327397111521337,0.0016583747927031,5,8,0,2,17,,,,
741,741,741,"(730, 731)",0.02091002538516,0.0261781241181705,0.0016583747927031,0.006329794748237,0.0330610230824058,0.0016583747927031,10,3,0,4,17,,,,
742,742,742,"(731, 732)",0.02091002538516,0.0255216489609345,0.0016583747927031,0.007181582616006,0.0337295483149209,0.0016583747927031,4,1,1,0,20,,,,
743,743,743,"(732, 733)",0.02091002538516,0.0248972935031689,0.0016583747927031,0.0082048519235528,0.034449268738574,0.0016583747927031,11,3,0,0,16,,,,
744,744,744,"(733, 137)",0.02091002538516,0.0243027567306142,0.0024875621890547,0.012153725107465,0.0352312231602933,0.0024875621890547,10,6,0,0,16,,,,
745,745,745,"(137, 134)",0.0129896850464138,0.0272185609822154,0.0024875621890547,0.0119857168518978,0.0352199053793586,0.0024875621890547,6,4,0,0,8,,,,
746,746,746,"(296, 740)",0.0391359230910437,0.0327281608727509,0.0033167495854063,0.0789711067382901,0.0364152424663325,0.0033167495854063,8,19,11,19,19,,,,
747,747,747,"(740, 741)",0.0391359230910437,0.0317059705024055,0.0016583747927031,0.0200557366311181,0.0355060943296237,0.0016583747927031,18,14,1,9,18,,,,
748,748,748,"(741, 742)",0.0391359230910437,0.0307456978967495,0.0016583747927031,0.0191333474176601,0.0348142374642764,0.0016583747927031,17,15,4,15,16,,,,
749,749,749,"(742, 743)",0.0391359230910437,0.0298418825625417,0.0016583747927031,0.0184962526438835,0.0343521235081322,0.0016583747927031,11,16,1,14,19,,,,
750,750,750,"(743, 744)",0.0391359230910437,0.0289896877478906,0.0016583747927031,0.0180604107114788,0.0340504828053532,0.0016583747927031,15,13,3,5,15,,,,
751,751,751,"(744, 745)",0.0391359230910437,0.0281848138540279,0.0016583747927031,0.0176915771476245,0.0337938184773166,0.0016583747927031,16,14,6,8,16,,,,
752,752,752,"(745, 746)",0.0391359230910437,0.0274234258817108,0.0016583747927031,0.0173930908115004,0.0335811544566034,0.0016583747927031,14,15,1,11,17,,,,
753,753,753,"(746, 157)",0.0391359230910437,0.0267020923281301,0.0024875621890547,0.0182836257961398,0.0335298042704626,0.0024875621890547,10,17,1,6,19,,,,
754,754,754,"(157, 158)",0.0287962773822892,0.0295103628844789,0.0033167495854063,0.0188430222036406,0.0334832583708145,0.0033167495854063,13,8,0,6,9,,,,
755,755,755,"(155, 929)",0.0086839872882687,0.0278085224128389,0.0024875621890547,0.0124950134462853,0.0349089645989521,0.0024875621890547,5,9,0,0,19,,,,
756,756,756,"(929, 930)",0.0086839872882687,0.0270658467615243,0.0016583747927031,0.0105425783300931,0.0341797982088198,0.0016583747927031,7,3,1,0,19,,,,
757,757,757,"(930, 931)",0.0086839872882687,0.0263618081664772,0.0016583747927031,0.009891403565841,0.0337304916932371,0.0016583747927031,5,5,1,2,23,,,,
758,758,758,"(931, 932)",0.0086839872882687,0.0256934679790361,0.0016583747927031,0.0094443348631624,0.0334359144972136,0.0016583747927031,5,4,0,0,21,,,,
759,759,759,"(932, 933)",0.0086839872882687,0.0250581781914893,0.0016583747927031,0.0090692098952338,0.0331847449232293,0.0016583747927031,3,7,1,1,22,,,,
760,760,760,"(933, 934)",0.0086839872882687,0.0244535463725211,0.0016583747927031,0.0087615026689471,0.0329760472492617,0.0016583747927031,3,11,0,0,18,,,,
761,761,761,"(934, 161)",0.0086839872882687,0.0238774055595153,0.0024875621890547,0.0091451260148055,0.0329112542298875,0.0024875621890547,3,12,0,1,19,,,,
762,762,762,"(160, 992)",0.0347943775818923,0.0288889953528481,0.0024875621890547,0.0239385542980925,0.0332570388550313,0.0024875621890547,9,10,0,2,20,,,,
763,763,763,"(992, 993)",0.0347943775818923,0.0280883174958077,0.0016583747927031,0.0238107693102136,0.0333693035610525,0.0016583747927031,10,8,0,0,17,,,,
764,764,764,"(993, 994)",0.0347943775818923,0.0273308253637311,0.0016583747927031,0.0241257059095613,0.0335951863613571,0.0016583747927031,11,7,2,1,22,,,,
765,765,765,"(994, 995)",0.0347943775818923,0.0266131167799452,0.0016583747927031,0.0245076764235395,0.0338621367401375,0.0016583747927031,7,10,0,2,21,,,,
766,766,766,"(995, 996)",0.0347943775818923,0.0259321377886724,0.0016583747927031,0.0249820565239076,0.034198213526159,0.0016583747927031,12,10,6,2,22,,,,
767,767,767,"(996, 997)",0.0347943775818923,0.0252851392150285,0.0016583747927031,0.0257180971999553,0.0347560448427908,0.0016583747927031,9,6,0,2,19,,,,
768,768,768,"(997, 155)",0.0347943775818923,0.0246696395696109,0.0033167495854063,0.0336965486497448,0.0355825686719971,0.0033167495854063,10,8,1,0,19,,,,
769,769,769,"(156, 985)",0.0181975717146337,0.0289618404937441,0.0024875621890547,0.0076366801314863,0.0320369780044628,0.0024875621890547,13,7,0,1,19,,,,
770,770,770,"(985, 986)",0.0181975717146337,0.0281617784419951,0.0016583747927031,0.006013409371716,0.0313165411581407,0.0016583747927031,11,1,2,1,17,,,,
771,771,771,"(986, 987)",0.0181975717146337,0.0274047310655123,0.0016583747927031,0.0051115902527459,0.0307872970489124,0.0016583747927031,6,8,0,0,16,,,,
772,772,772,"(987, 988)",0.0181975717146337,0.0266873202035848,0.0016583747927031,0.0045164315766313,0.0304668552950687,0.0016583747927031,4,7,0,0,15,,,,
773,773,773,"(988, 989)",0.0181975717146337,0.0260065124102387,0.0016583747927031,0.0042117662981196,0.0302878095333768,0.0016583747927031,13,7,1,1,19,,,,
774,774,774,"(989, 990)",0.0181975717146337,0.0253595760787282,0.0016583747927031,0.0043088233325707,0.0304215119945513,0.0016583747927031,7,5,1,1,16,,,,
775,775,775,"(990, 991)",0.0181975717146337,0.024744044810111,0.0016583747927031,0.0049327177251545,0.0307975178119972,0.0016583747927031,9,8,0,2,18,,,,
776,776,776,"(991, 297)",0.0181975717146337,0.0241576859901446,0.0016583747927031,0.0058798583893304,0.0313556237325152,0.0016583747927031,8,8,0,2,20,,,,
777,777,777,"(801, 802)",0.0400610692175689,0.0251995486648,0.0016583747927031,0.0381581719565567,0.0304622379388734,0.0016583747927031,10,8,0,2,38,,,,
778,778,778,"(802, 803)",0.0400610692175689,0.0245961820851688,0.0016583747927031,0.0378268128904264,0.0302756439222774,0.0016583747927031,11,7,0,2,40,,,,
779,779,779,"(803, 804)",0.0400610692175689,0.0240210333426283,0.0016583747927031,0.0375745384203198,0.0301334266153615,0.0016583747927031,6,8,2,0,40,,,,
780,780,780,"(804, 805)",0.0400610692175689,0.0234721681588166,0.0016583747927031,0.0373525107491064,0.0300104514009854,0.0016583747927031,16,3,0,0,42,,,,
781,781,781,"(805, 806)",0.0400610692175689,0.0229478250941888,0.0016583747927031,0.0371667238968892,0.029903297793206,0.0016583747927031,7,12,0,0,42,,,,
782,782,782,"(806, 808)",0.0400610692175688,0.0224463966646813,0.0016583747927031,0.0370242291375654,0.0298197463096209,0.0016583747927031,7,3,0,1,50,,,,
783,783,783,"(808, 809)",0.0400610692175688,0.0219664128811336,0.0016583747927031,0.0369192492683637,0.0297623454505071,0.0016583747927031,9,8,0,0,50,,,,
784,784,784,"(809, 810)",0.0400610692175688,0.0215065268564091,0.0016583747927031,0.0368416839750781,0.0297190734351897,0.0016583747927031,5,7,3,0,40,,,,
785,785,785,"(810, 196)",0.0400610692175688,0.0210655021834061,0.0016583747927031,0.0368340777843893,0.0296890770783584,0.0016583747927031,6,5,1,4,44,,,,
786,786,786,"(196, 197)",0.0621176259911009,0.0268572955638695,0.0033167495854063,0.0449208589406126,0.0297932261172459,0.0033167495854063,12,10,2,5,22,,,,
787,787,787,"(197, 814)",0.0385548628457527,0.0261610880930172,0.0016583747927031,0.032992901916027,0.0290840688757053,0.0016583747927031,9,1,0,0,42,,,,
788,788,788,"(814, 816)",0.0385548628457527,0.0255000634329936,0.0016583747927031,0.0316504936447774,0.0284145795537544,0.0016583747927031,4,4,0,1,38,,,,
789,789,789,"(816, 274)",0.0385548628457527,0.024871620367506,0.0016583747927031,0.0303259958020409,0.0277848174173482,0.0016583747927031,7,5,0,1,38,,,,
790,790,790,"(274, 275)",0.0415812248118558,0.0247501385268947,0.0033167495854063,0.0368738799361199,0.0274178147592415,0.0033167495854063,10,10,0,12,16,,,,
791,791,791,"(275, 278)",0.0326432039892744,0.024167368041361,0.0016583747927031,0.0341759470460425,0.0268148971650917,0.0016583747927031,8,3,0,2,68,,,,
792,792,792,"(278, 817)",0.0326432039892744,0.0236114102237797,0.0016583747927031,0.0328335363677745,0.0262459194776931,0.0016583747927031,10,2,0,0,58,,,,
793,793,793,"(817, 280)",0.0326432039892744,0.0230804562504784,0.0016583747927031,0.0315077802442231,0.0257060641585846,0.0016583747927031,10,12,0,1,60,,,,
794,794,794,"(279, 818)",0.0359845310102323,0.0159107100451199,0.0016583747927031,0.0274190151207246,0.0262470618960564,0.0016583747927031,11,4,0,0,58,,,,
795,795,795,"(818, 277)",0.0359845310102323,0.0156678315773063,0.0016583747927031,0.0287526057353478,0.026812512505836,0.0016583747927031,7,4,4,0,60,,,,
796,796,796,"(277, 276)",0.0359845310102323,0.0154322567436146,0.0016583747927031,0.0301030608081146,0.0274103368334924,0.0016583747927031,7,6,1,4,68,,,,
797,797,797,"(276, 273)",0.0449225518328138,0.0238372897436404,0.0033167495854063,0.0413841785632497,0.0280432507847924,0.0033167495854063,13,9,1,11,16,,,,
798,798,798,"(273, 200)",0.0418961898667107,0.0232872480111222,0.0016583747927031,0.0417304083713628,0.0286842355627437,0.0016583747927031,4,7,2,0,46,,,,
799,799,799,"(200, 815)",0.0418961898667107,0.0227620180057754,0.0024875621890547,0.0436083758005269,0.0293666447512601,0.0024875621890547,6,6,0,0,36,,,,
800,800,800,"(815, 198)",0.0235015333659044,0.0222599579164974,0.0024875621890547,0.0203348567398389,0.0296387318751536,0.0024875621890547,6,4,0,0,42,,,,
801,801,801,"(198, 201)",0.0313930905310108,0.0257527226137091,0.0033167495854063,0.0216294950478927,0.0297873391458986,0.0033167495854063,4,2,0,0,18,,,,
802,802,802,"(201, 195)",0.0309148455181774,0.0265101556317594,0.0024875621890547,0.0221154956252604,0.0303220777914665,0.0024875621890547,7,10,0,0,14,,,,
803,803,803,"(195, 813)",0.0470958714954503,0.026222521797743,0.0024875621890547,0.0323552262298478,0.0306472516581535,0.0024875621890547,15,6,0,3,54,,,,
804,804,804,"(813, 812)",0.0470958714954503,0.0255698081204282,0.0016583747927031,0.0322423727460769,0.0306433580648439,0.0016583747927031,12,7,0,4,48,,,,
805,805,805,"(812, 811)",0.0470958714954503,0.0249487991063116,0.0016583747927031,0.0323199790093397,0.0306893656004275,0.0016583747927031,4,5,1,7,46,,,,
806,806,806,"(811, 807)",0.0470958714954503,0.0243572395128552,0.0016583747927031,0.0324251996735048,0.0307504015910655,0.0016583747927031,7,8,0,7,34,,,,
807,807,807,"(807, 798)",0.0470958714954503,0.0237930830390435,0.0016583747927031,0.0325679594749713,0.030839257402956,0.0016583747927031,7,6,0,0,38,,,,
808,808,808,"(798, 797)",0.0470958714954503,0.0232544686758836,0.0016583747927031,0.0327538239844725,0.0309532364868333,0.0016583747927031,8,9,0,2,32,,,,
809,809,809,"(797, 796)",0.0470958714954503,0.0227397001979824,0.0016583747927031,0.0329759087615667,0.0310840764987885,0.0016583747927031,11,8,0,1,42,,,,
810,810,810,"(796, 795)",0.0470958714954503,0.0222472283200206,0.0016583747927031,0.0332282396653955,0.0312354312354312,0.0016583747927031,9,7,0,8,42,,,,
811,811,811,"(815, 199)",0.017564780982134,0.0222653004707837,0.0016583747927031,0.0250170898364808,0.0294253995364157,0.0016583747927031,2,5,0,3,46,,,,
812,812,812,"(194, 195)",0.0153511504586007,0.0257038726315565,0.0016583747927031,0.0103473160366237,0.0306137990556937,0.0016583747927031,7,5,0,1,28,,,,
813,813,813,"(199, 913)",0.0332359869623757,0.0251979691189068,0.0024875621890547,0.0336159277372615,0.0299753933338304,0.0024875621890547,11,5,1,2,17,,,,
814,814,814,"(913, 914)",0.0332359869623757,0.0245871559633027,0.0016583747927031,0.0341031820473908,0.0303182663784001,0.0016583747927031,6,7,0,5,16,,,,
815,815,815,"(914, 915)",0.0332359869623757,0.0240052548816656,0.0016583747927031,0.035082241804741,0.0308479345184806,0.0016583747927031,8,2,0,4,21,,,,
816,816,816,"(915, 916)",0.0332359869623757,0.0234502605584506,0.0016583747927031,0.0362235381842309,0.0315186995269581,0.0016583747927031,6,6,0,4,14,,,,
817,817,817,"(916, 185)",0.0332359869623757,0.0229203489366554,0.0024875621890547,0.038195495884603,0.0323281061519903,0.0024875621890547,6,2,2,0,13,,,,
818,818,818,"(185, 186)",0.0521432945920467,0.0288192701985805,0.0033167495854063,0.0445069226738504,0.0330909589792838,0.0033167495854063,15,7,0,0,17,,,,
819,819,819,"(187, 184)",0.0280380064256325,0.0296016298078103,0.0033167495854063,0.0252878916453401,0.0335456593696976,0.0033167495854063,5,6,0,1,16,,,,
820,820,820,"(184, 968)",0.0369294622192993,0.0294182217343578,0.0024875621890547,0.0290809316369482,0.0329391199847048,0.0024875621890547,5,8,0,0,13,,,,
821,821,821,"(968, 967)",0.0369294622192993,0.0285890384980087,0.0016583747927031,0.0270616847366303,0.0320872688572568,0.0016583747927031,13,8,0,0,14,,,,
822,822,822,"(967, 966)",0.0369294622192993,0.027805316671662,0.0016583747927031,0.0259094225285178,0.0313915352178666,0.0016583747927031,8,6,0,0,20,,,,
823,823,823,"(966, 965)",0.0369294622192993,0.0270634172613437,0.0016583747927031,0.0251275646211853,0.03094688221709,0.0016583747927031,10,14,1,8,18,,,,
824,824,824,"(965, 194)",0.0369294622192993,0.0263600795611024,0.0024875621890547,0.0248982989913051,0.0307920134810805,0.0024875621890547,7,9,1,5,21,,,,
825,825,825,"(194, 201)",0.0207484362420263,0.0256923732424371,0.0024875621890547,0.0139676824857334,0.0304322592041181,0.0024875621890547,3,4,0,1,10,,,,
826,826,826,"(201, 196)",0.0212266812548598,0.0264932668438742,0.0024875621890547,0.0124733225310229,0.0299070055796652,0.0024875621890547,5,2,0,0,9,,,,
827,827,827,"(197, 198)",0.0227328876266759,0.0261565488971305,0.0024875621890547,0.0070846061205428,0.0297439944754106,0.0024875621890547,7,2,0,0,9,,,,
828,828,828,"(198, 199)",0.0148413304615695,0.0257604237867395,0.0024875621890547,0.0079479605715465,0.0298566583318891,0.0024875621890547,5,6,1,3,11,,,,
829,829,829,"(275, 276)",0.0081081453039092,0.024153815341478,0.0016583747927031,0.0042076385035064,0.027504732364814,0.0016583747927031,6,4,4,3,10,,,,
830,830,830,"(273, 274)",0.0021964864474308,0.0232836512472005,0.0016583747927031,0.0042076385035064,0.027504732364814,0.0016583747927031,8,6,0,1,12,,,,
831,831,831,"(280, 281)",0.0326432039892744,0.0225728564209107,0.0016583747927031,0.0301959355113094,0.0251942842817748,0.0016583747927031,6,2,0,1,52,,,,
832,832,832,"(281, 819)",0.0326432039892744,0.0220871030365188,0.0016583747927031,0.0288979816743081,0.0247065330956917,0.0016583747927031,5,9,0,0,56,,,,
833,833,833,"(819, 821)",0.0326432039892744,0.0216218154436416,0.0016583747927031,0.0276139262762728,0.024243155228561,0.0016583747927031,4,9,0,0,56,,,,
834,834,834,"(821, 823)",0.0326432039892744,0.0211757269279393,0.0016583747927031,0.0263465043827015,0.023801535455604,0.0016583747927031,6,3,2,2,64,,,,
835,835,835,"(823, 826)",0.0326432039892744,0.0207476731983415,0.0016583747927031,0.0250957220846658,0.0233820621195083,0.0016583747927031,13,3,0,1,48,,,,
836,836,836,"(825, 824)",0.0359845310102323,0.0172475437266707,0.0016583747927031,0.0209731494306236,0.0238184583176979,0.0016583747927031,12,4,0,0,38,,,,
837,837,837,"(824, 822)",0.0359845310102323,0.0169625024613913,0.0016583747927031,0.022231232273779,0.0242558326629123,0.0016583747927031,10,6,0,0,56,,,,
838,838,838,"(822, 820)",0.0359845310102323,0.0166867294840396,0.0016583747927031,0.0235061986895869,0.0247176733413949,0.0016583747927031,10,5,2,1,54,,,,
839,839,839,"(820, 282)",0.0359845310102323,0.0164197799803942,0.0016583747927031,0.0247965427278098,0.0252016550340619,0.0016583747927031,7,10,1,0,56,,,,
840,840,840,"(282, 279)",0.0359845310102323,0.0161612371520844,0.0016583747927031,0.0261008212430254,0.0257115446114486,0.0016583747927031,9,8,0,0,56,,,,
841,841,841,"(186, 1002)",0.0369984104374393,0.0283351346271321,0.0024875621890547,0.0340747421653674,0.0331400621032672,0.0024875621890547,8,8,0,5,15,,,,
842,842,842,"(1002, 181)",0.0369984104374393,0.0275600447907858,0.0024875621890547,0.0348351087348487,0.0334702486678508,0.0024875621890547,6,9,0,13,13,,,,
843,843,843,"(181, 182)",0.0537229940660918,0.0298929208804283,0.0033167495854063,0.0494171394179615,0.0338954468802698,0.0033167495854063,4,11,0,13,15,,,,
844,844,844,"(182, 998)",0.0569159127631289,0.02925906157504,0.0024875621890547,0.0512432139035119,0.0333471588552467,0.0024875621890547,5,22,0,23,23,,,,
845,845,845,"(924, 183)",0.0503777791540223,0.0243813682678311,0.0024875621890547,0.0407015827982649,0.0339355056559176,0.0024875621890547,10,7,0,0,20,,,,
846,846,846,"(183, 180)",0.052917389749825,0.0292491268917345,0.0033167495854063,0.0393945213646544,0.034147860803579,0.0033167495854063,8,10,0,3,15,,,,
847,847,847,"(180, 917)",0.0485974762316084,0.0300800638515451,0.0024875621890547,0.0422719756303423,0.0344906480581135,0.0024875621890547,5,10,1,0,16,,,,
848,848,848,"(917, 187)",0.0485974762316084,0.0292080406878178,0.0024875621890547,0.0405454249799541,0.0341266023373609,0.0024875621890547,7,6,0,1,16,,,,
849,849,849,"(998, 937)",0.0569159127631289,0.0284387011578277,0.0016583747927031,0.0495269198682987,0.0327459339107768,0.0016583747927031,10,19,0,18,19,,,,
850,850,850,"(937, 1003)",0.0569159127631289,0.0276630883567299,0.0016583747927031,0.0488960651624868,0.0323419775268846,0.0016583747927031,5,23,2,15,23,,,,
851,851,851,"(1003, 936)",0.0569159127631289,0.0269286591492687,0.0016583747927031,0.0484664632980467,0.0320795871681651,0.0016583747927031,7,23,0,20,23,,,,
852,852,852,"(936, 935)",0.0569159127631289,0.0262322182102927,0.0016583747927031,0.048103869802157,0.0318567239876376,0.0016583747927031,11,22,1,22,22,,,,
853,853,853,"(928, 927)",0.0503777791540223,0.0269750380245146,0.0016583747927031,0.0372917442015431,0.0323151125401929,0.0016583747927031,2,11,1,6,23,,,,
854,854,854,"(927, 926)",0.0503777791540223,0.0262762272043924,0.0016583747927031,0.0376558755962064,0.0325453367875647,0.0016583747927031,14,5,1,0,23,,,,
855,855,855,"(926, 925)",0.0503777791540223,0.0256127086607484,0.0016583747927031,0.0380936360791766,0.0328163265306122,0.0016583747927031,13,11,0,4,23,,,,
856,856,856,"(925, 924)",0.0503777791540223,0.0249818746763335,0.0016583747927031,0.0387889071037243,0.0332524539538987,0.0016583747927031,3,4,0,0,21,,,,
857,857,857,"(896, 895)",0.0224334757746537,0.0265615364285085,0.0016583747927031,0.0231687946193529,0.0300545767189174,0.0016583747927031,7,8,0,2,32,,,,
858,858,858,"(895, 894)",0.0224334757746537,0.0258831609220071,0.0016583747927031,0.0218919148412036,0.0293752283522104,0.0016583747927031,7,13,2,1,36,,,,
859,859,859,"(894, 188)",0.0224334757746537,0.025238573581115,0.0024875621890547,0.0210803641383818,0.0288786188070209,0.0024875621890547,12,11,0,6,36,,,,
860,860,860,"(188, 189)",0.0138240333601701,0.0258776070723543,0.0033167495854063,0.0037041230484604,0.0288385662019656,0.0033167495854063,14,10,0,9,32,,,,
861,861,861,"(189, 190)",0.0076877025660081,0.0254365983295368,0.0024875621890547,0.0032555986558387,0.0287958740240204,0.0024875621890547,6,5,0,5,14,,,,
862,862,862,"(190, 191)",0.0217345073355477,0.0248829100212515,0.0033167495854063,0.0452873196896925,0.0291149630631065,0.0033167495854063,15,17,1,17,18,,,,
863,863,863,"(191, 192)",0.0017961319661325,0.0242812273496013,0.0016583747927031,0.0009279219269078,0.02893196430285,0.0016583747927031,5,20,0,2,20,,,,
864,864,864,"(192, 193)",0.0488924966159127,0.0262533469752051,0.0033167495854063,0.0262625103958821,0.0293602103418054,0.0033167495854063,9,8,0,6,8,,,,
865,865,865,"(193, 188)",0.0394816030497581,0.0260413292738226,0.0033167495854063,0.0228684309221398,0.0288855356757921,0.0033167495854063,12,7,0,21,24,,,,
866,866,866,"(193, 908)",0.0498469452120285,0.0260480787921985,0.0024875621890547,0.0164331766324848,0.0293530643041425,0.0024875621890547,12,6,4,0,34,,,,
867,867,867,"(908, 893)",0.0498469452120285,0.0253942852329915,0.0016583747927031,0.0165736613493455,0.0298249084973785,0.0016583747927031,12,11,0,10,30,,,,
868,868,868,"(893, 892)",0.0498469452120285,0.0247725078569521,0.0016583747927031,0.0178568325315692,0.0305285540704738,0.0016583747927031,14,6,0,13,40,,,,
869,869,869,"(189, 193)",0.0404360516458739,0.0254349889275545,0.0033167495854063,0.0155240913472216,0.0287924366136656,0.0033167495854063,14,14,1,11,40,,,,
870,870,870,"(905, 906)",0.0462664891311079,0.0274658953745245,0.0016583747927031,0.0280404114284539,0.0310161252989738,0.0016583747927031,10,36,1,34,36,,,,
871,871,871,"(906, 907)",0.0462664891311079,0.0267399835923815,0.0016583747927031,0.0267472002138952,0.0302847672141027,0.0016583747927031,4,33,2,34,34,,,,
872,872,872,"(907, 192)",0.0462664891311079,0.0260514548635862,0.0016583747927031,0.0256753350124703,0.0297015072406659,0.0016583747927031,9,34,1,32,34,,,,
873,873,873,"(191, 898)",0.0191084998507429,0.0242880734684013,0.0016583747927031,0.0449921886444537,0.0294620608784873,0.0016583747927031,5,7,1,0,40,,,,
874,874,874,"(898, 899)",0.0191084998507429,0.0237210125685962,0.0016583747927031,0.0460751211465353,0.0300396044536329,0.0016583747927031,5,14,0,2,38,,,,
875,875,875,"(899, 900)",0.0191084998507429,0.0231798262474052,0.0016583747927031,0.0473606483285138,0.030755891053759,0.0016583747927031,5,12,0,3,34,,,,
876,876,876,"(900, 901)",0.0191084998507429,0.0226627830498919,0.0016583747927031,0.0486654429354698,0.0315186995269581,0.0016583747927031,5,10,0,2,36,,,,
877,877,877,"(683, 684)",0.0722590990250616,0.0300014926115727,0.0016583747927031,0.0754303917288866,0.0350540634809905,0.0016583747927031,11,11,0,0,60,,,,
878,878,878,"(684, 685)",0.0722590990250616,0.0291395848938072,0.0016583747927031,0.0750869345010978,0.0348424002542397,0.0016583747927031,11,9,0,0,46,,,,
879,879,879,"(685, 116)",0.0722590990250616,0.028325817361894,0.0024875621890547,0.0761698196572881,0.0347270214236351,0.0024875621890547,8,5,1,0,44,,,,
880,880,880,"(116, 696)",0.0706593293166649,0.0306285714285714,0.0024875621890547,0.0736782723702372,0.0345084124985693,0.0024875621890547,13,7,0,1,46,,,,
881,881,881,"(696, 124)",0.0706593293166649,0.0297220031545741,0.0024875621890547,0.0728261118048978,0.0343394077448747,0.0024875621890547,9,5,0,2,46,,,,
882,882,882,"(124, 694)",0.0703996892963882,0.0306566003202928,0.0024875621890547,0.0644547127687923,0.0341972438042307,0.0024875621890547,13,15,1,2,34,,,,
883,883,883,"(694, 698)",0.0703996892963882,0.0297572048953809,0.0016583747927031,0.0550819842303029,0.0337852980726131,0.0016583747927031,11,8,0,2,40,,,,
884,884,884,"(698, 699)",0.0703996892963882,0.0289090778339765,0.0016583747927031,0.0548120196412681,0.0336054838799565,0.0016583747927031,13,11,1,9,40,,,,
885,885,885,"(699, 700)",0.0703996892963883,0.0281079569291008,0.0016583747927031,0.054578792049398,0.0334461145931554,0.0016583747927031,13,11,0,11,40,,,,
886,886,886,"(703, 702)",0.0455602921308625,0.0260909071241589,0.0016583747927031,0.0363367644082889,0.0327815379597162,0.0016583747927031,7,4,0,44,44,,,,
887,887,887,"(702, 695)",0.0455602921308625,0.0254376713773465,0.0016583747927031,0.0365945060560232,0.0329481190066388,0.0016583747927031,10,2,0,38,38,,,,
888,888,888,"(695, 125)",0.0455602921308625,0.0248163466880671,0.0016583747927031,0.0369610986757145,0.033138240870497,0.0016583747927031,6,4,2,34,34,,,,
889,889,889,"(125, 697)",0.0864688215240433,0.030397741593991,0.0024875621890547,0.0589450141173105,0.0337748900775758,0.0024875621890547,22,13,19,45,46,,,,
890,890,890,"(697, 117)",0.0864688215240433,0.0295045871559633,0.0024875621890547,0.0589662510790495,0.0339307317896632,0.0024875621890547,32,20,10,0,50,,,,
891,891,891,"(117, 689)",0.0754000299356506,0.0286705971852415,0.0016583747927031,0.0557682135378304,0.0340149485263009,0.0016583747927031,9,10,1,1,46,,,,
892,892,892,"(689, 688)",0.0754000299356506,0.0278824590201835,0.0016583747927031,0.0559132030201255,0.0341150179627167,0.0016583747927031,10,3,0,0,46,,,,
893,893,893,"(688, 687)",0.0754000299356506,0.0271364925070878,0.0016583747927031,0.056096989494212,0.0342409358053434,0.0016583747927031,7,5,3,1,54,,,,
894,894,894,"(117, 116)",0.0102389160697205,0.0286624203821656,0.0024875621890547,0.0052279154627398,0.0337323786081897,0.0024875621890547,8,3,1,0,8,,,,
895,895,895,"(116, 691)",0.0118386857781172,0.0306425794648982,0.0024875621890547,0.0076545015579044,0.034127568057049,0.0024875621890547,8,9,0,1,21,,,,
896,896,896,"(691, 690)",0.0118386857781172,0.0297483966452886,0.0016583747927031,0.005974450092855,0.0336975048199167,0.0016583747927031,8,7,1,0,19,,,,
897,897,897,"(690, 656)",0.0118386857781172,0.0289049205474198,0.0016583747927031,0.0059486421718829,0.0337172891970476,0.0016583747927031,1,8,0,5,17,,,,
898,898,898,"(656, 655)",0.0118386857781172,0.0281079569291008,0.0016583747927031,0.0061481098111269,0.0338640384129391,0.0016583747927031,7,2,1,2,21,,,,
899,899,899,"(655, 654)",0.0118386857781172,0.0273537617092698,0.0016583747927031,0.0065095475183606,0.0341304655440781,0.0016583747927031,8,5,0,0,20,,,,
900,900,900,"(654, 653)",0.0118386857781172,0.0266389821523237,0.0016583747927031,0.0069509709737022,0.0344413982179575,0.0016583747927031,7,4,0,1,19,,,,
901,901,901,"(653, 652)",0.0118386857781172,0.02596060703907,0.0016583747927031,0.0075012321905645,0.0348393806332331,0.0016583747927031,5,10,0,4,19,,,,
902,902,902,"(652, 651)",0.0118386857781172,0.0253159242621436,0.0016583747927031,0.0083969662548053,0.0355081851372041,0.0016583747927031,9,2,1,3,19,,,,
903,903,903,"(651, 119)",0.0118386857781172,0.0247024845865508,0.0024875621890547,0.0109715912034099,0.036455971705813,0.0024875621890547,5,7,0,1,16,,,,
904,904,904,"(119, 118)",0.0052216327307675,0.0285012052748499,0.0024875621890547,0.0083412840091997,0.0365045252292883,0.0024875621890547,4,6,0,7,7,,,,
905,905,905,"(120, 121)",0.0292229329542762,0.0294139167337382,0.0024875621890547,0.0191171409003572,0.0364141429390984,0.0024875621890547,6,1,0,0,8,,,,
906,906,906,"(121, 657)",0.0273082325971407,0.0294117647058823,0.0024875621890547,0.0220314397711926,0.0356678102448834,0.0024875621890547,9,1,0,0,15,,,,
907,907,907,"(657, 658)",0.0273082325971407,0.0285883607917506,0.0016583747927031,0.0204993338654939,0.034910985670864,0.0016583747927031,9,6,0,0,21,,,,
908,908,908,"(658, 659)",0.0273082325971407,0.0278098049162938,0.0016583747927031,0.0195710571657489,0.0342127659574468,0.0016583747927031,6,8,0,0,20,,,,
909,909,909,"(659, 660)",0.0273082325971407,0.0270725301367095,0.0016583747927031,0.0189329108586302,0.033882114963196,0.0016583747927031,7,11,0,0,21,,,,
910,910,910,"(660, 661)",0.0273082325971407,0.0263733379986004,0.0016583747927031,0.0185557944326211,0.0336232853797256,0.0016583747927031,8,5,2,0,19,,,,
911,911,911,"(661, 662)",0.0273082325971407,0.0257093521499072,0.0016583747927031,0.0184805421315608,0.0335643316356349,0.0016583747927031,7,4,0,0,18,,,,
912,912,912,"(662, 122)",0.0273082325971407,0.0250779787897691,0.0024875621890547,0.0225791985668812,0.0337976067034722,0.0024875621890547,5,3,1,0,17,,,,
913,913,913,"(122, 123)",0.0058716969719013,0.0244778664068684,0.0016583747927031,0.0088960147357362,0.0335204847406748,0.0016583747927031,4,1,0,3,8,,,,
914,914,914,"(123, 692)",0.0398190138542319,0.0283978525007064,0.0024875621890547,0.0417028326044515,0.0337088073343209,0.0024875621890547,11,14,1,16,17,,,,
915,915,915,"(692, 693)",0.0398190138542319,0.0276244359438348,0.0016583747927031,0.0390593850370337,0.0335279399499583,0.0016583747927031,14,16,0,15,17,,,,
916,916,916,"(693, 124)",0.0398190138542319,0.0268920305043928,0.0024875621890547,0.0400640540974876,0.0339087892931451,0.0024875621890547,12,12,3,8,16,,,,
917,917,917,"(124, 125)",0.0400786538745086,0.0306472516581535,0.0024875621890547,0.0312585300321892,0.0341024770953512,0.0024875621890547,7,6,0,8,8,,,,
918,918,918,"(122, 707)",0.0206066601065672,0.0244768728055042,0.0016583747927031,0.0166348033984168,0.0336045474810521,0.0016583747927031,2,3,0,1,20,,,,
919,919,919,"(707, 709)",0.0206066601065672,0.0239039086656624,0.0016583747927031,0.0164000488303496,0.0334451870545494,0.0016583747927031,3,5,0,0,21,,,,
920,920,920,"(709, 711)",0.0206066601065672,0.023357155307652,0.0016583747927031,0.0161947590046968,0.0333057166528583,0.0016583747927031,4,1,0,0,21,,,,
921,921,921,"(711, 713)",0.0206066601065672,0.022834854394668,0.0016583747927031,0.0160728696043037,0.03322222528305,0.0016583747927031,1,0,0,0,20,,,,
922,922,922,"(713, 130)",0.0206066601065672,0.0223354014260579,0.0024875621890547,0.0166679748771382,0.0331957060280759,0.0024875621890547,1,2,0,0,21,,,,
923,923,923,"(130, 131)",0.0276848009835562,0.0291677751711127,0.0033167495854063,0.0213550467933733,0.0330528681448187,0.0033167495854063,5,1,1,0,8,,,,
924,924,924,"(131, 747)",0.0268547993091251,0.0284514485231669,0.0024875621890547,0.0209579228821269,0.0329418191750887,0.0024875621890547,10,6,0,0,15,,,,
925,925,925,"(747, 748)",0.0268547993091251,0.0276726096234597,0.0016583747927031,0.0204605358803313,0.0327913426504975,0.0016583747927031,4,9,1,1,17,,,,
926,926,926,"(750, 132)",0.0421566849796035,0.0270185500492875,0.0024875621890547,0.0305387097940014,0.0328315138975852,0.0024875621890547,10,7,4,1,15,,,,
927,927,927,"(132, 133)",0.0462195197224407,0.0290273665968662,0.0033167495854063,0.0348336572445995,0.0329670329670329,0.0033167495854063,8,8,0,2,8,,,,
928,928,928,"(133, 712)",0.0331174413636584,0.0291804785985627,0.0024875621890547,0.0344762810414552,0.0330112501026469,0.0024875621890547,10,6,0,17,21,,,,
929,929,929,"(712, 710)",0.0331174413636584,0.0283644574062749,0.0016583747927031,0.0342424553981641,0.0330356653700761,0.0016583747927031,5,5,0,19,19,,,,
930,930,930,"(710, 708)",0.0331174413636584,0.0275928340998009,0.0016583747927031,0.0343399216524853,0.0330954994511525,0.0016583747927031,5,3,1,22,22,,,,
931,931,931,"(708, 706)",0.0331174413636584,0.0268620812544547,0.0016583747927031,0.0345195938986758,0.033228632831873,0.0016583747927031,8,10,0,21,21,,,,
932,932,932,"(706, 123)",0.0331174413636584,0.0261690354779212,0.0016583747927031,0.0347541216109097,0.0333813108945969,0.0016583747927031,7,9,2,18,20,,,,
933,933,933,"(935, 177)",0.0569159127631289,0.0255708924368678,0.0016583747927031,0.0478135087707045,0.0316726632875489,0.0016583747927031,5,18,0,17,18,,,,
934,934,934,"(177, 178)",0.0629307899677008,0.028381145129786,0.0033167495854063,0.0519826564526123,0.0315781204995941,0.0033167495854063,10,9,3,9,9,,,,
935,935,935,"(178, 882)",0.0302785289779777,0.0276060980634528,0.0016583747927031,0.03715880854866,0.0310616597125637,0.0016583747927031,18,2,1,18,20,,,,
936,936,936,"(882, 881)",0.0302785289779777,0.0268722565119543,0.0016583747927031,0.0367706828019882,0.030839257402956,0.0016583747927031,6,4,0,15,19,,,,
937,937,937,"(881, 880)",0.0302785289779777,0.0261764195172773,0.0016583747927031,0.0364620336014579,0.0306589383770591,0.0016583747927031,7,2,0,17,17,,,,
938,938,938,"(880, 173)",0.0302785289779777,0.0255157092986353,0.0024875621890547,0.0365233141191766,0.0305370572000101,0.0024875621890547,3,18,0,19,21,,,,
939,939,939,"(173, 174)",0.0145205278356947,0.0277880184331797,0.0024875621890547,0.0079269102148619,0.0304161412358133,0.0024875621890547,10,10,0,10,10,,,,
940,940,940,"(175, 172)",0.0231685051001332,0.0265445821319305,0.0024875621890547,0.0129686167651846,0.0305672428651087,0.0024875621890547,3,8,0,0,9,,,,
941,941,941,"(172, 883)",0.0391941858251389,0.0272388481084133,0.0024875621890547,0.0246474068019547,0.0311813222328515,0.0024875621890547,3,5,0,1,21,,,,
942,942,942,"(883, 884)",0.0391941858251389,0.0265241488519398,0.0016583747927031,0.0241986099739307,0.0312597200622083,0.0016583747927031,8,8,0,0,20,,,,
943,943,943,"(884, 885)",0.0391941858251389,0.0258459955851782,0.0016583747927031,0.0244727617858651,0.0314217972434277,0.0016583747927031,6,10,1,0,18,,,,
944,944,944,"(885, 179)",0.0391941858251389,0.0252016550340619,0.0024875621890547,0.0257660760000366,0.0317134742821079,0.0024875621890547,6,15,0,3,20,,,,
945,945,945,"(179, 176)",0.0422625232528001,0.0280054803427536,0.0033167495854063,0.0283689925946883,0.031853358337075,0.0033167495854063,6,7,1,0,8,,,,
946,946,946,"(176, 928)",0.0503777791540223,0.0277120338243066,0.0024875621890547,0.0371298930012006,0.0321248768013638,0.0024875621890547,8,7,0,2,19,,,,
947,947,947,"(748, 749)",0.0268547993091251,0.0269352749363469,0.0016583747927031,0.0204348636818096,0.0327548276704962,0.0016583747927031,2,4,0,0,17,,,,
948,948,948,"(749, 156)",0.0268547993091251,0.0262362129353666,0.0024875621890547,0.022622145782326,0.0329355217521916,0.0024875621890547,6,7,0,0,21,,,,
949,949,949,"(156, 157)",0.0318812117375317,0.028947936919421,0.0033167495854063,0.0291413111060581,0.0331683168316831,0.0033167495854063,9,2,0,3,5,,,,
950,950,950,"(157, 753)",0.0422208574462863,0.0295146961650473,0.0024875621890547,0.0270603045056972,0.0333619187252759,0.0024875621890547,16,13,5,0,14,,,,
951,951,951,"(753, 160)",0.0422208574462863,0.0286746873365352,0.0024875621890547,0.0255241938243488,0.0332919254658385,0.0024875621890547,16,12,0,3,14,,,,
952,952,952,"(160, 161)",0.0222472813433982,0.0288800019157546,0.0033167495854063,0.0146489801700865,0.0328493993953095,0.0033167495854063,8,5,0,3,5,,,,
953,953,953,"(161, 879)",0.013300257587122,0.0285470813804857,0.0024875621890547,0.0118307262678508,0.0325374342371509,0.0024875621890547,6,6,0,0,19,,,,
954,954,954,"(879, 878)",0.013300257587122,0.0277630700522571,0.0016583747927031,0.0108341485262692,0.0320736150634291,0.0016583747927031,8,3,3,0,21,,,,
955,955,955,"(878, 877)",0.013300257587122,0.0270209715002688,0.0016583747927031,0.0103746164164495,0.031791221826809,0.0016583747927031,10,8,1,0,19,,,,
956,956,956,"(877, 176)",0.013300257587122,0.026317512274959,0.0024875621890547,0.0116484349042648,0.0317996044825313,0.0024875621890547,9,13,0,0,16,,,,
957,957,957,"(176, 177)",0.0051850016858996,0.0277031217696919,0.0024875621890547,0.0046637546865186,0.0313580696325957,0.0024875621890547,16,7,1,7,7,,,,
958,958,958,"(178, 179)",0.0318223854710508,0.0275997803002563,0.0024875621890547,0.0143867189395305,0.0316311275474073,0.0024875621890547,5,4,0,1,7,,,,
959,959,959,"(179, 971)",0.0287540480433897,0.0280119852275102,0.0024875621890547,0.0146174115066997,0.031516228505723,0.0024875621890547,9,10,1,0,17,,,,
960,960,960,"(971, 970)",0.0287540480433897,0.0272567011707272,0.0016583747927031,0.0142999019691774,0.0316244919365412,0.0016583747927031,10,5,1,0,19,,,,
961,961,961,"(970, 969)",0.0287540480433897,0.0265410770483505,0.0016583747927031,0.0148537001655341,0.0320557120833554,0.0016583747927031,4,13,1,0,19,,,,
962,962,962,"(969, 162)",0.0287540480433897,0.0258620689655172,0.0024875621890547,0.0163872054762159,0.0325875486381323,0.0024875621890547,5,18,1,1,19,,,,
963,963,963,"(162, 163)",0.0366558696272161,0.0281171313997948,0.0033167495854063,0.0213507448566204,0.0330719025941973,0.0033167495854063,8,3,1,3,4,,,,
964,964,964,"(163, 754)",0.0360809237676974,0.0283624561981138,0.0024875621890547,0.0231007883636996,0.0329814581851993,0.0024875621890547,7,9,0,1,15,,,,
965,965,965,"(754, 158)",0.0360809237676974,0.0275858913948488,0.0024875621890547,0.0236350131352506,0.0330555860103058,0.0024875621890547,13,13,0,0,14,,,,
966,966,966,"(158, 159)",0.0529776050777888,0.0292129932417702,0.0033167495854063,0.0318689815511963,0.0333619187252759,0.0033167495854063,12,5,0,3,5,,,,
967,967,967,"(159, 752)",0.0421566849796035,0.0293737974036096,0.0024875621890547,0.0311172005211419,0.0331254978438212,0.0024875621890547,10,9,0,0,19,,,,
968,968,968,"(752, 751)",0.0421566849796035,0.0285443786982248,0.0016583747927031,0.0302199359815398,0.0328933013310058,0.0016583747927031,11,4,0,1,17,,,,
969,969,969,"(751, 750)",0.0421566849796035,0.0277605137766728,0.0016583747927031,0.0300786902009007,0.0327414888418309,0.0016583747927031,10,5,0,2,19,,,,
970,970,970,"(158, 763)",0.0118995960721977,0.0292186553603876,0.0024875621890547,0.0096719394011063,0.032827939134932,0.0024875621890547,11,8,4,1,19,,,,
971,971,971,"(763, 761)",0.0118995960721977,0.0283965151871909,0.0016583747927031,0.0085932219098032,0.0325875486381323,0.0016583747927031,12,4,1,2,15,,,,
972,972,972,"(761, 762)",0.0118995960721977,0.0276193747852971,0.0016583747927031,0.0083049701841704,0.0323871418213067,0.0016583747927031,11,8,2,1,17,,,,
973,973,973,"(762, 165)",0.0118995960721977,0.0268836379848417,0.0024875621890547,0.0088414927645653,0.0323237737871884,0.0024875621890547,8,9,1,4,19,,,,
974,974,974,"(165, 166)",0.0082286355222504,0.029046942363737,0.0024875621890547,0.0048324467223136,0.0320949542261017,0.0024875621890547,10,7,0,5,7,,,,
975,975,975,"(167, 164)",0.0066892632929667,0.0278850378043422,0.0024875621890547,0.0031277762233287,0.0316651788058604,0.0024875621890547,7,4,1,1,7,,,,
976,976,976,"(164, 982)",0.012403064044855,0.0286951556105453,0.0024875621890547,0.0055253579891825,0.0320966625858306,0.0024875621890547,14,8,1,6,19,,,,
977,977,977,"(982, 983)",0.012403064044855,0.0279031026584299,0.0016583747927031,0.0049843767106461,0.032124021096372,0.0016583747927031,9,3,1,0,17,,,,
978,978,978,"(983, 984)",0.012403064044855,0.027153600216148,0.0016583747927031,0.0052061139917158,0.0322287546766435,0.0016583747927031,12,5,0,3,16,,,,
979,979,979,"(984, 159)",0.012403064044855,0.0264433091411406,0.0024875621890547,0.0071126313237514,0.0326007623063822,0.0024875621890547,3,6,0,0,18,,,,
980,980,980,"(159, 156)",0.0232239841430403,0.0293666447512601,0.0033167495854063,0.0109279588205117,0.0327940176750509,0.0033167495854063,7,6,2,5,9,,,,
981,981,981,"(161, 162)",0.017631011044545,0.0285403256342294,0.0033167495854063,0.012026528819156,0.0328959930171026,0.0033167495854063,8,9,0,0,9,,,,
982,982,982,"(162, 945)",0.0097291894607185,0.0281236882608087,0.0024875621890547,0.0094740390080407,0.0322278934288233,0.0024875621890547,14,15,0,3,15,,,,
983,983,983,"(945, 946)",0.0097291894607185,0.0273624503686897,0.0016583747927031,0.0086942808462692,0.0319893899204244,0.0016583747927031,10,7,0,2,12,,,,
984,984,984,"(946, 947)",0.0097291894607185,0.0266413360431209,0.0016583747927031,0.0083899376841696,0.0317895458259746,0.0016583747927031,12,10,0,0,20,,,,
985,985,985,"(947, 169)",0.0097291894607185,0.0259572544714922,0.0024875621890547,0.0088745870934142,0.0317209816144559,0.0024875621890547,13,12,0,4,21,,,,
986,986,986,"(169, 170)",0.0064761255960859,0.0280758933767896,0.0024875621890547,0.0029769873384615,0.0315014105109184,0.0024875621890547,10,8,1,7,8,,,,
987,987,987,"(171, 168)",0.0087491115849324,0.0269744346775816,0.0024875621890547,0.0057605091002812,0.0317535545023696,0.0024875621890547,6,5,0,2,8,,,,
988,988,988,"(168, 979)",0.0142458556194853,0.0283571210233017,0.0024875621890547,0.0089433275101764,0.0322115384615384,0.0024875621890547,5,8,0,1,22,,,,
989,989,989,"(979, 980)",0.0142458556194853,0.0275821059372427,0.0016583747927031,0.008587437909953,0.0323229074535659,0.0016583747927031,3,10,3,3,19,,,,
990,990,990,"(980, 981)",0.0142458556194853,0.0268483269885794,0.0016583747927031,0.0088711862961365,0.0324787245502531,0.0016583747927031,3,7,0,1,14,,,,
991,991,991,"(981, 163)",0.0142458556194853,0.026152578392679,0.0024875621890547,0.010869781639312,0.0328744718549816,0.0024875621890547,8,13,0,0,15,,,,
992,992,992,"(163, 160)",0.0148208014790042,0.028358454628824,0.0033167495854063,0.0126721971390098,0.033029332018733,0.0033167495854063,16,9,0,0,9,,,,
993,993,993,"(700, 701)",0.0703996892963883,0.0273500396870393,0.0016583747927031,0.0543730893503529,0.0333066364715954,0.0016583747927031,17,8,0,7,34,,,,
994,994,994,"(701, 126)",0.0703996892963883,0.0266319229750022,0.0024875621890547,0.0545903059955946,0.0331865712713263,0.0024875621890547,5,5,1,3,28,,,,
995,995,995,"(126, 127)",0.0616823787929873,0.0292782403923187,0.0033167495854063,0.0524810375417624,0.0329850664624473,0.0033167495854063,13,5,0,0,18,,,,
996,996,996,"(127, 755)",0.0594385380611922,0.0294131993561289,0.0024875621890547,0.0529504522256725,0.0328735757509676,0.0024875621890547,9,6,0,1,28,,,,
997,997,997,"(755, 756)",0.0594385380611922,0.0285815854959118,0.0016583747927031,0.0518208593569688,0.0327041978522616,0.0016583747927031,6,7,1,1,36,,,,
998,998,998,"(756, 757)",0.0594385380611922,0.0277957038812574,0.0016583747927031,0.0516116177431319,0.0325673084712808,0.0016583747927031,15,8,0,0,38,,,,
999,999,999,"(757, 164)",0.0594385380611922,0.0270518830892084,0.0024875621890547,0.0519466874279879,0.0324490125383414,0.0024875621890547,12,9,1,1,38,,,,
1000,1000,1000,"(164, 165)",0.0537247373093041,0.0286883296065464,0.0033167495854063,0.0504376566655677,0.0323697560190031,0.0033167495854063,9,7,0,3,8,,,,
1001,1001,1001,"(165, 876)",0.0573956978592514,0.0290511406065569,0.0024875621890547,0.0528896682454019,0.0324769752787203,0.0024875621890547,9,9,1,2,30,,,,
1002,1002,1002,"(876, 168)",0.0573956978592514,0.0282369468508546,0.0024875621890547,0.0527303908379176,0.0323836631669396,0.0024875621890547,7,16,0,7,32,,,,
1003,1003,1003,"(168, 169)",0.0518989538246984,0.0283517878552789,0.0033167495854063,0.0509195255282785,0.0319444812332794,0.0033167495854063,9,8,0,0,8,,,,
1004,1004,1004,"(169, 874)",0.0551520176893312,0.0280811232449297,0.0024875621890547,0.0551225162663609,0.0317368421052631,0.0024875621890547,10,7,0,3,50,,,,
1005,1005,1005,"(874, 872)",0.0551520176893312,0.0273209188527932,0.0016583747927031,0.0539057234305965,0.0313116626856371,0.0016583747927031,12,4,1,1,56,,,,
1006,1006,1006,"(872, 172)",0.0551520176893312,0.0266007896420142,0.0024875621890547,0.0548468873634139,0.0311764857947935,0.0024875621890547,10,21,0,2,40,,,,
1007,1007,1007,"(172, 173)",0.0391263369643254,0.0272326973015693,0.0033167495854063,0.0448737382140507,0.0305742172645455,0.0033167495854063,13,19,2,11,20,,,,
1008,1008,1008,"(173, 202)",0.0548843381066084,0.0277905797769379,0.0024875621890547,0.0696216952222163,0.0303541315345699,0.0024875621890547,8,32,0,31,32,,,,
1009,1009,1009,"(205, 174)",0.0512875309286407,0.0254194418683079,0.0016583747927031,0.0345410660682075,0.0296372751400766,0.0016583747927031,5,14,1,14,32,,,,
1010,1010,1010,"(174, 175)",0.0666379342830076,0.0272665611575853,0.0033167495854063,0.0424217341568024,0.0303893158624165,0.0033167495854063,11,16,0,16,16,,,,
1011,1011,1011,"(175, 871)",0.0426395536642022,0.026549257017061,0.0016583747927031,0.0305127604760467,0.0304084720121028,0.0016583747927031,5,6,0,3,42,,,,
1012,1012,1012,"(871, 873)",0.0426395536642022,0.0258687258687258,0.0016583747927031,0.0309813746435679,0.0306729742102853,0.0016583747927031,6,4,2,1,56,,,,
1013,1013,1013,"(873, 170)",0.0426395536642022,0.0252222106033671,0.0016583747927031,0.031716716591519,0.0310936936007837,0.0016583747927031,11,14,1,18,52,,,,
1014,1014,1014,"(170, 171)",0.0499455547789603,0.0277203144393876,0.0033167495854063,0.0359174728145566,0.0315525090262152,0.0033167495854063,18,10,4,7,10,,,,
1015,1015,1015,"(171, 875)",0.0403665676753556,0.0269780551640829,0.0016583747927031,0.031701852631203,0.0314759232676497,0.0016583747927031,7,3,2,3,28,,,,
1016,1016,1016,"(875, 166)",0.0403665676753556,0.0262745098039215,0.0016583747927031,0.0318684503217989,0.0315715071075159,0.0016583747927031,6,11,1,23,28,,,,
1017,1017,1017,"(166, 167)",0.0494250787162782,0.0286828711411311,0.0033167495854063,0.0364687552546229,0.0318845177664974,0.0033167495854063,22,12,1,12,12,,,,
1018,1018,1018,"(167, 758)",0.0419059399046394,0.0278914868521473,0.0016583747927031,0.0336012803285746,0.0318272986382349,0.0016583747927031,4,6,1,2,34,,,,
1019,1019,1019,"(758, 759)",0.0419059399046394,0.0271425999279798,0.0016583747927031,0.0337376205494996,0.0319115156646909,0.0016583747927031,6,7,3,0,38,,,,
1020,1020,1020,"(759, 760)",0.0419059399046395,0.0264328767123287,0.0016583747927031,0.0339374436256052,0.0320327233127041,0.0016583747927031,11,3,1,31,36,,,,
1021,1021,1021,"(760, 128)",0.0419059399046394,0.025759323337178,0.0016583747927031,0.0341650668434639,0.0321720108840633,0.0016583747927031,8,6,0,28,28,,,,
1022,1022,1022,"(128, 129)",0.0525589450495006,0.0290777576853526,0.0033167495854063,0.0380581233719437,0.0323541247484909,0.0033167495854063,22,12,10,18,18,,,,
1023,1023,1023,"(129, 705)",0.0455602921308625,0.0282687168909099,0.0016583747927031,0.0357432002360634,0.0323958417277782,0.0016583747927031,15,8,1,2,28,,,,
1024,1024,1024,"(705, 704)",0.0455602921308625,0.0275034778444206,0.0016583747927031,0.0359049567870082,0.0325058623756772,0.0016583747927031,6,6,0,0,38,,,,
1025,1025,1025,"(704, 703)",0.0455602921308625,0.0267785771382893,0.0016583747927031,0.0361070981512361,0.0326342849411446,0.0016583747927031,7,3,0,13,44,,,,
1026,1026,1026,"(132, 719)",0.0075792888943938,0.0290343549124876,0.0024875621890547,0.0060821470731687,0.0324804740102343,0.0024875621890547,11,2,0,5,19,,,,
1027,1027,1027,"(719, 718)",0.0075792888943938,0.0282237304001872,0.0016583747927031,0.0049896732427631,0.0322753305143713,0.0016583747927031,9,6,0,0,14,,,,
1028,1028,1028,"(718, 717)",0.0075792888943938,0.0274571409056758,0.0016583747927031,0.0049600207733052,0.0321248768013638,0.0016583747927031,10,4,1,1,19,,,,
1029,1029,1029,"(717, 127)",0.0075792888943938,0.0267310931820196,0.0024875621890547,0.0060119513076864,0.0324158692613697,0.0024875621890547,8,3,1,2,18,,,,
1030,1030,1030,"(127, 128)",0.009823129626189,0.0294060275041451,0.0024875621890547,0.0038888518375317,0.0324900994100056,0.0024875621890547,10,6,0,6,8,,,,
1031,1031,1031,"(129, 126)",0.0061687773999658,0.0282581189371573,0.0024875621890547,0.0028741087218062,0.0322943444730077,0.0024875621890547,8,8,0,0,9,,,,
1032,1032,1032,"(126, 716)",0.0148860879033666,0.029285350040067,0.0024875621890547,0.0050335947112374,0.032716618740166,0.0024875621890547,12,10,0,0,17,,,,
1033,1033,1033,"(716, 715)",0.0148860879033666,0.028460848633596,0.0016583747927031,0.0038930985877512,0.0324559987082189,0.0016583747927031,19,10,3,1,16,,,,
1034,1034,1034,"(715, 714)",0.0148860879033666,0.0276815020543071,0.0016583747927031,0.0037369053581317,0.0322347847005051,0.0016583747927031,8,5,0,0,20,,,,
1035,1035,1035,"(714, 133)",0.0148860879033666,0.0269436997319034,0.0024875621890547,0.006269608364288,0.0325664290343486,0.0024875621890547,5,15,0,0,17,,,,
1036,1036,1036,"(202, 203)",0.0561518594211973,0.0272665611575853,0.0033167495854063,0.0678714748212875,0.0296118054361971,0.0033167495854063,14,10,1,9,10,,,,
1037,1037,1037,"(203, 206)",0.0508505650631122,0.0265469193686852,0.0016583747927031,0.0613867594715852,0.0289035350509287,0.0016583747927031,11,24,0,3,44,,,,
1038,1038,1038,"(206, 207)",0.0527429014448275,0.0260784949724294,0.0033167495854063,0.0607686349261546,0.0282376079983141,0.0033167495854063,20,12,0,12,12,,,,
1039,1039,1039,"(207, 870)",0.0474601863893992,0.0254237288135593,0.0016583747927031,0.0547714316325676,0.0275953595862984,0.0016583747927031,4,3,0,0,36,,,,
1040,1040,1040,"(870, 868)",0.0474601863893992,0.0248010364612252,0.0016583747927031,0.0534172069055801,0.026987714547855,0.0016583747927031,13,3,1,0,50,,,,
1041,1041,1041,"(868, 866)",0.0474601863893992,0.0242081175478742,0.0016583747927031,0.0520767446250052,0.0264120365300803,0.0016583747927031,10,9,1,0,50,,,,
1042,1042,1042,"(866, 864)",0.0474601863893992,0.0236428865494324,0.0016583747927031,0.0507500447908426,0.0258659517426273,0.0016583747927031,6,4,3,0,42,,,,
1043,1043,1043,"(864, 210)",0.0474601863893992,0.023103448275862,0.0016583747927031,0.0494371074030926,0.0253473170936757,0.0016583747927031,10,7,0,0,48,,,,
1044,1044,1044,"(210, 211)",0.0492830224167314,0.0231491256694243,0.0033167495854063,0.04897834381974,0.0248541928569956,0.0033167495854063,12,12,0,0,14,,,,
1045,1045,1045,"(211, 862)",0.0381423220458335,0.0226308875961718,0.0016583747927031,0.0439454613264872,0.0243720065477032,0.0016583747927031,5,6,0,1,46,,,,
1046,1046,1046,"(862, 860)",0.0381423220458335,0.0221353449699906,0.0016583747927031,0.0426380289173022,0.0239129141633454,0.0016583747927031,6,8,0,0,50,,,,
1047,1047,1047,"(859, 861)",0.0345455148678658,0.0193216591633689,0.0016583747927031,0.0229920685715458,0.0234767373953669,0.0016583747927031,10,8,0,0,48,,,,
1048,1048,1048,"(861, 212)",0.0345455148678658,0.018959283131583,0.0016583747927031,0.0242967484914484,0.0239181309745745,0.0016583747927031,5,6,0,0,48,,,,
1049,1049,1049,"(212, 213)",0.0456862152387637,0.0223213459438449,0.0033167495854063,0.026803389708716,0.0243813682678311,0.0033167495854063,17,14,2,9,16,,,,
1050,1050,1050,"(213, 863)",0.0438633792114315,0.0218399130749728,0.0016583747927031,0.0266754768811796,0.0248547050822307,0.0016583747927031,7,4,0,2,46,,,,
1051,1051,1051,"(863, 865)",0.0438633792114315,0.0213788090975164,0.0016583747927031,0.0279852685668925,0.0253521126760563,0.0016583747927031,7,12,1,0,44,,,,
1052,1052,1052,"(865, 867)",0.0438633792114315,0.0209367730287142,0.0016583747927031,0.0293088226990179,0.025875386199794,0.0016583747927031,18,50,1,0,50,,,,
1053,1053,1053,"(867, 869)",0.0438633792114315,0.0205126460633068,0.0016583747927031,0.0306461392775557,0.0264265053904812,0.0016583747927031,5,48,0,2,48,,,,
1054,1054,1054,"(869, 208)",0.0438633792114315,0.0201053614297145,0.0016583747927031,0.0319972183025061,0.0270076588883414,0.0016583747927031,2,38,0,24,38,,,,
1055,1055,1055,"(208, 209)",0.0491460942668597,0.0250134815613722,0.0033167495854063,0.0344601473439952,0.0276212725024048,0.0033167495854063,14,12,1,12,12,,,,
1056,1056,1056,"(209, 204)",0.0472537578851445,0.0244065326938255,0.0016583747927031,0.0334854892449222,0.0282567947516401,0.0016583747927031,7,33,1,36,42,,,,
1057,1057,1057,"(204, 205)",0.0525550522432296,0.0260784949724294,0.0033167495854063,0.035938995073057,0.0289305762126373,0.0033167495854063,12,10,3,10,10,,,,
1058,1058,1058,"(860, 858)",0.0381423220458335,0.0216610388677347,0.0016583747927031,0.0413443589545296,0.0234753664376228,0.0016583747927031,5,10,0,0,42,,,,
1059,1059,1059,"(858, 214)",0.0381423220458335,0.0212066327876347,0.0016583747927031,0.0400644514381695,0.0230579507867617,0.0016583747927031,3,4,0,0,46,,,,
1060,1060,1060,"(214, 215)",0.0396733942092213,0.0211883762605854,0.0033167495854063,0.0397453712967375,0.0226593765853108,0.0033167495854063,21,14,3,5,14,,,,
1061,1061,1061,"(215, 856)",0.0301215682766435,0.0207519573259915,0.0016583747927031,0.0353679518241381,0.0222702343360478,0.0016583747927031,7,5,0,1,32,,,,
1062,1062,1062,"(856, 218)",0.0301215682766435,0.0203331534933908,0.0016583747927031,0.0341065187537003,0.0218986054619407,0.0016583747927031,6,25,0,2,38,,,,
1063,1063,1063,"(218, 219)",0.0319316740410442,0.0201705970898143,0.0033167495854063,0.0339468795152623,0.021544178069956,0.0033167495854063,17,9,0,1,10,,,,
1064,1064,1064,"(219, 854)",0.0253731802031795,0.0197753545953923,0.0016583747927031,0.029918407628235,0.0211991773453567,0.0016583747927031,7,3,0,0,42,,,,
1065,1065,1065,"(854, 851)",0.0253731802031795,0.019395303956256,0.0016583747927031,0.028722695804305,0.0208729966423206,0.0016583747927031,7,7,0,0,44,,,,
1066,1066,1066,"(851, 223)",0.0253731802031795,0.0190295857988165,0.0016583747927031,0.0276239007458354,0.0205942622950819,0.0016583747927031,9,6,0,0,30,,,,
1067,1067,1067,"(223, 224)",0.0273831855017214,0.0190205819730305,0.0033167495854063,0.028279398839888,0.0203379540625316,0.0033167495854063,16,9,7,2,20,,,,
1068,1068,1068,"(224, 849)",0.0205102197633318,0.0186681526887712,0.0016583747927031,0.0251183256460004,0.0201117318435754,0.0016583747927031,5,4,0,2,28,,,,
1069,1069,1069,"(850, 225)",0.016913412585364,0.0175028663483447,0.0016583747927031,0.0072102588878735,0.0198136921484548,0.0016583747927031,7,5,0,0,26,,,,
1070,1070,1070,"(225, 222)",0.0237863783237536,0.0185953280394726,0.0033167495854063,0.009868148206602,0.0200352194570887,0.0033167495854063,12,11,3,11,22,,,,
1071,1071,1071,"(222, 852)",0.0217763730252118,0.0182588947766843,0.0016583747927031,0.0106055205563609,0.0202787913436801,0.0016583747927031,9,8,0,0,32,,,,
1072,1072,1072,"(852, 853)",0.0217763730252118,0.0179344189159045,0.0016583747927031,0.0117118189126648,0.0205598554331889,0.0016583747927031,7,2,0,0,46,,,,
1073,1073,1073,"(853, 220)",0.0217763730252118,0.0176212741087083,0.0016583747927031,0.0129083259889383,0.0208618035254026,0.0016583747927031,4,6,0,0,40,,,,
1074,1074,1074,"(220, 221)",0.0283348668630764,0.0195569681834398,0.0033167495854063,0.0155217026451261,0.0211950790861159,0.0033167495854063,15,13,1,5,14,,,,
1075,1075,1075,"(221, 855)",0.0265247610986757,0.0191845759826925,0.0016583747927031,0.0162002207752331,0.0215372526609043,0.0016583747927031,7,5,0,0,36,,,,
1076,1076,1076,"(855, 216)",0.0265247610986757,0.0188261005307524,0.0016583747927031,0.0174592483284115,0.0218946298246251,0.0016583747927031,1,8,0,1,32,,,,
1077,1077,1077,"(216, 217)",0.0360765870312535,0.0204969577483938,0.0033167495854063,0.0200024085233048,0.0222698230970934,0.0033167495854063,19,10,3,4,14,,,,
1078,1078,1078,"(217, 857)",0.0345455148678658,0.0200896203628125,0.0016583747927031,0.0204239960709781,0.0226538432639567,0.0016583747927031,4,8,0,0,44,,,,
1079,1079,1079,"(857, 859)",0.0345455148678658,0.0196981575852606,0.0016583747927031,0.0217011510980558,0.0230557467309015,0.0016583747927031,3,4,1,2,44,,,,
1080,1080,1080,"(203, 204)",0.0044714188394128,0.0265445821319305,0.0016583747927031,0.0015859706715772,0.0289500216044937,0.0016583747927031,11,9,0,4,9,,,,
1081,1081,1081,"(205, 202)",0.0004376457959166,0.0254172989377845,0.0016583747927031,0.0015859706715772,0.0289500216044937,0.0016583747927031,8,7,0,6,9,,,,
1082,1082,1082,"(207, 208)",0.004452839536756,0.0254172989377845,0.0016583747927031,0.0013745858630733,0.027635197066911,0.0016583747927031,9,9,0,2,9,,,,
1083,1083,1083,"(209, 206)",0.001062460863043,0.0244045571362081,0.0016583747927031,0.0013745858630733,0.027635197066911,0.0016583747927031,10,9,5,4,9,,,,
1084,1084,1084,"(211, 212)",0.0103108248522257,0.0226266416510318,0.0016583747927031,0.0009701792014476,0.0243862983782909,0.0016583747927031,9,4,0,1,9,,,,
1085,1085,1085,"(213, 210)",0.00099296050866,0.0218351680185399,0.0016583747927031,0.0009701792014476,0.0243862983782909,0.0016583747927031,13,5,1,0,10,,,,
1086,1086,1086,"(215, 216)",0.0087219504139055,0.020749815041035,0.0016583747927031,0.0007155661850366,0.0222698230970934,0.0016583747927031,5,7,2,1,7,,,,
1087,1087,1087,"(217, 214)",0.0007011966447155,0.0200862743791742,0.0016583747927031,0.0007155661850366,0.0222698230970934,0.0016583747927031,6,5,0,0,8,,,,
1088,1088,1088,"(219, 220)",0.0057286183191924,0.0197727608086173,0.0016583747927031,0.000624165405796,0.021191727143334,0.0016583747927031,12,5,0,0,7,,,,
1089,1089,1089,"(221, 218)",0.0009802302457284,0.0191827450730884,0.0016583747927031,0.000624165405796,0.021191727143334,0.0016583747927031,6,7,1,0,8,,,,
1090,1090,1090,"(224, 225)",0.0060430902197174,0.0186664190193164,0.0016583747927031,0.0006539940898442,0.0200235766823291,0.0016583747927031,9,6,2,1,12,,,,
1091,1091,1091,"(222, 223)",0.0011801297798696,0.0182566835205425,0.0016583747927031,0.0006539940898442,0.0200235766823291,0.0016583747927031,7,7,0,1,10,,,,
1092,1092,1092,"(849, 227)",0.0205102197633317,0.0183285460265353,0.0024875621890547,0.0244616907210638,0.0199210426336741,0.0024875621890547,9,4,0,1,34,,,,
1093,1093,1093,"(227, 228)",0.0040785009943367,0.0184290953545232,0.0024875621890547,0.0042422729899633,0.019611669431164,0.0024875621890547,7,4,0,2,24,,,,
1094,1094,1094,"(229, 226)",0.0208271082839114,0.0181328842713016,0.0024875621890547,0.0058083743465772,0.0194588315020088,0.0024875621890547,16,8,5,3,22,,,,
1095,1095,1095,"(226, 850)",0.016913412585364,0.0178123061471656,0.0016583747927031,0.0063774451207899,0.019619326500732,0.0016583747927031,4,4,2,1,34,,,,
1096,1096,1096,"(226, 227)",0.0030838201798751,0.0178107277882797,0.0024875621890547,0.0013623356056592,0.019490909090909,0.0024875621890547,6,7,0,2,22,,,,
1097,1097,1097,"(227, 846)",0.0195155389488702,0.0184319119669876,0.0024875621890547,0.020304036099202,0.0197847627797099,0.0024875621890547,9,7,0,1,34,,,,
1098,1098,1098,"(846, 847)",0.0195155389488702,0.018101856716149,0.0016583747927031,0.0194805129021012,0.0196897959183673,0.0016583747927031,7,8,0,0,40,,,,
1099,1099,1099,"(847, 848)",0.0195155389488702,0.0177834139436121,0.0016583747927031,0.0193214337184047,0.0196583425702549,0.0016583747927031,4,6,0,0,38,,,,
1100,1100,1100,"(848, 233)",0.0195155389488702,0.0174759813937312,0.0016583747927031,0.0193288972148503,0.0196596244131455,0.0016583747927031,7,16,0,0,36,,,,
1101,1101,1101,"(233, 230)",0.0226899160261394,0.0182343246798409,0.0033167495854063,0.0209479151794657,0.0196811201592767,0.0033167495854063,19,14,1,4,14,,,,
1102,1102,1102,"(232, 843)",0.0159187317709024,0.0178711675533097,0.0016583747927031,0.0069397426281447,0.0193027945836934,0.0016583747927031,6,7,0,0,38,,,,
1103,1103,1103,"(843, 844)",0.0159187317709024,0.0175607199021492,0.0016583747927031,0.0068948615941563,0.0192963087409398,0.0016583747927031,7,9,0,1,44,,,,
1104,1104,1104,"(844, 845)",0.0159187317709024,0.0172608739211953,0.0016583747927031,0.0069578253919066,0.0193040304766782,0.0016583747927031,5,1,0,0,34,,,,
1105,1105,1105,"(845, 228)",0.0159187317709024,0.0169710956629422,0.0016583747927031,0.0072380825193341,0.019371937996948,0.0016583747927031,6,2,0,0,32,,,,
1106,1106,1106,"(228, 229)",0.0208271082839114,0.0184669096254555,0.0024875621890547,0.0078053387839731,0.0194868148914167,0.0024875621890547,16,12,2,4,18,,,,
1107,1107,1107,"(242, 838)",0.0169599902745378,0.0185878762657788,0.0016583747927031,0.0142934210838218,0.0202216670299636,0.0016583747927031,5,36,1,3,36,,,,
1108,1108,1108,"(838, 839)",0.0169599902745378,0.0182522626146441,0.0016583747927031,0.0132387830746612,0.0199625908330988,0.0016583747927031,8,33,0,0,34,,,,
1109,1109,1109,"(839, 241)",0.0169599902745378,0.0179285533768415,0.0016583747927031,0.0124625733191374,0.0197763274408841,0.0016583747927031,4,36,1,2,36,,,,
1110,1110,1110,"(241, 240)",0.0195445777108005,0.0183023993443916,0.0033167495854063,0.0130017818528324,0.0196343389284144,0.0033167495854063,13,8,1,0,8,,,,
1111,1111,1111,"(240, 239)",0.0138539617659578,0.0179753174745126,0.0016583747927031,0.010904261818616,0.0195287830944862,0.0016583747927031,6,14,1,0,16,,,,
1112,1112,1112,"(239, 238)",0.0167020558145844,0.0182191739432576,0.0033167495854063,0.0111752796472123,0.019440011605977,0.0033167495854063,14,6,2,0,6,,,,
1113,1113,1113,"(238, 231)",0.0133820376481551,0.0178950336088317,0.0016583747927031,0.0091045255008886,0.0193700711520855,0.0016583747927031,3,5,0,0,48,,,,
1114,1114,1114,"(231, 232)",0.0190931088481717,0.0181927892593151,0.0033167495854063,0.0093225058682709,0.0193281620616706,0.0033167495854063,13,11,4,5,12,,,,
1115,1115,1115,"(230, 234)",0.0169788448261229,0.0179096498262496,0.0016583747927031,0.0179292449130761,0.0197149022428562,0.0016583747927031,9,46,0,0,46,,,,
1116,1116,1116,"(234, 235)",0.0202988629925522,0.0181927892593151,0.0033167495854063,0.0201161257545455,0.019771464170369,0.0033167495854063,16,6,4,1,6,,,,
1117,1117,1117,"(235, 236)",0.0174507689439255,0.017869578746166,0.0016583747927031,0.0180281638156648,0.0198547933027115,0.0016583747927031,7,14,0,2,14,,,,
1118,1118,1118,"(236, 237)",0.0231413848887683,0.0182191739432576,0.0033167495854063,0.0210913445575602,0.0199599477003028,0.0033167495854063,10,6,0,2,6,,,,
1119,1119,1119,"(237, 840)",0.0205567974525056,0.01789662694585,0.0016583747927031,0.019609577749886,0.0201026803573809,0.0016583747927031,5,1,0,2,36,,,,
1120,1120,1120,"(840, 841)",0.0205567974525056,0.0175853018372703,0.0016583747927031,0.0204138416774503,0.0202781093941788,0.0016583747927031,6,2,0,0,34,,,,
1121,1121,1121,"(841, 243)",0.0205567974525056,0.0172846229917016,0.0016583747927031,0.0215094739362433,0.0205773955773955,0.0016583747927031,5,0,1,1,38,,,,
1122,1122,1122,"(230, 231)",0.0048811956813443,0.0179085860235811,0.0016583747927031,0.0010157229284058,0.0193896909868484,0.0016583747927031,4,5,0,0,10,,,,
1123,1123,1123,"(232, 233)",0.002344501558597,0.017868519698339,0.0016583747927031,0.0010157229284058,0.0193896909868484,0.0016583747927031,8,10,0,3,10,,,,
1124,1124,1124,"(235, 239)",0.0020182185299544,0.017868519698339,0.0016583747927031,0.0008729152905625,0.0194792608864194,0.0016583747927031,11,11,0,0,11,,,,
1125,1125,1125,"(238, 234)",0.002490142647757,0.01789397154176,0.0016583747927031,0.0008729152905625,0.0194792608864194,0.0016583747927031,4,10,1,0,12,,,,
1126,1126,1126,"(237, 241)",0.0017547119175904,0.01789397154176,0.0016583747927031,0.0010232409029444,0.0196621886004956,0.0016583747927031,9,12,0,0,12,,,,
1127,1127,1127,"(240, 236)",0.0048607404261705,0.0179742458566829,0.0016583747927031,0.0010232409029444,0.0196621886004956,0.0016583747927031,9,12,0,1,12,,,,
1128,1128,1128,"(242, 243)",0.0092675167271067,0.0185855846137249,0.0016583747927031,0.0031032575634729,0.0205809071981978,0.0016583747927031,7,2,0,0,15,,,,
1129,1129,1129,"(831, 286)",0.0326432039892744,0.018843161151214,0.0016583747927031,0.0191041775658408,0.021559583824949,0.0016583747927031,10,8,0,0,28,,,,
1130,1130,1130,"(286, 287)",0.0348255839291325,0.0196984793296636,0.0033167495854063,0.0191978459652931,0.0212458600521457,0.0033167495854063,12,14,6,15,18,,,,
1131,1131,1131,"(287, 833)",0.0147501313166761,0.0193222782984859,0.0016583747927031,0.0163198968783717,0.0209305958104097,0.0016583747927031,11,11,1,0,58,,,,
1132,1132,1132,"(833, 835)",0.0147501313166761,0.0189601773389721,0.0016583747927031,0.0154542802624787,0.0206372565796228,0.0016583747927031,8,5,0,2,56,,,,
1133,1133,1133,"(835, 292)",0.0147501313166761,0.0186113983240482,0.0016583747927031,0.0152585457662313,0.0206182041988648,0.0016583747927031,10,4,0,0,70,,,,
1134,1134,1134,"(292, 837)",0.0270573825203168,0.0193000144029958,0.0024875621890547,0.0182173489993353,0.020679012345679,0.0024875621890547,17,8,2,4,44,,,,
1135,1135,1135,"(837, 242)",0.0270573825203168,0.0189360633086295,0.0024875621890547,0.016625509322377,0.0205287078489114,0.0024875621890547,15,14,1,0,42,,,,
1136,1136,1136,"(243, 244)",0.0306541896982845,0.0185558444755589,0.0033167495854063,0.0274609489073547,0.0209073730561864,0.0033167495854063,10,5,0,2,46,,,,
1137,1137,1137,"(244, 291)",0.0109449066332698,0.0182191739432576,0.0024875621890547,0.0070311037600692,0.0207694692246753,0.0024875621890547,8,4,0,1,34,,,,
1138,1138,1138,"(291, 290)",0.0107825097656026,0.0191589750107233,0.0024875621890547,0.0064793934569667,0.020894694895873,0.0024875621890547,3,2,0,0,24,,,,
1139,1139,1139,"(290, 836)",0.0180914583376341,0.0191013193531526,0.0024875621890547,0.0099387349874962,0.0210086229422524,0.0024875621890547,6,4,0,1,36,,,,
1140,1140,1140,"(836, 834)",0.0180914583376341,0.0187473767663106,0.0016583747927031,0.0098165632288336,0.021005695574173,0.0016583747927031,14,3,1,1,54,,,,
1141,1141,1141,"(834, 288)",0.0180914583376341,0.0184063124799682,0.0016583747927031,0.0105174982732207,0.0212630910821961,0.0016583747927031,5,2,1,2,62,,,,
1142,1142,1142,"(288, 285)",0.0381669109500904,0.0191815246608242,0.0033167495854063,0.0150281660641259,0.0215954875100725,0.0033167495854063,18,18,4,9,20,,,,
1143,1143,1143,"(285, 832)",0.0359845310102323,0.0188296277791656,0.0016583747927031,0.0149511692906049,0.0219212941924929,0.0016583747927031,6,9,0,0,24,,,,
1144,1144,1144,"(259, 260)",0.0340850037502666,0.0219720157411456,0.0033167495854063,0.0258557894987973,0.0238788238788238,0.0033167495854063,20,11,0,9,12,,,,
1145,1145,1145,"(260, 255)",0.0288683484376182,0.0215023089129388,0.0016583747927031,0.0227718004216257,0.0234466132669725,0.0016583747927031,10,3,1,0,50,,,,
1146,1146,1146,"(255, 256)",0.0302535386690338,0.0212421178708563,0.0033167495854063,0.0224106157313283,0.0230354891698819,0.0033167495854063,12,6,0,3,10,,,,
1147,1147,1147,"(256, 251)",0.0250503017416375,0.0208027875045279,0.0016583747927031,0.0193722613392087,0.0226368345971919,0.0016583747927031,7,5,0,2,24,,,,
1148,1148,1148,"(251, 252)",0.0264489103583052,0.0205563509920229,0.0033167495854063,0.01901284854178,0.022256671464954,0.0033167495854063,25,11,2,7,12,,,,
1149,1149,1149,"(252, 247)",0.0214159837052634,0.0201446539829956,0.0016583747927031,0.0160996166699698,0.0219169120052338,0.0016583747927031,7,6,0,0,48,,,,
1150,1150,1150,"(247, 248)",0.0233234587780323,0.0199272967614011,0.0033167495854063,0.0162459592276356,0.0216094178358329,0.0033167495854063,9,8,1,14,16,,,,
1151,1151,1151,"(248, 289)",0.0186239273893327,0.0195414404925868,0.0024875621890547,0.0136979082776023,0.0213387122458729,0.0024875621890547,11,1,0,0,16,,,,
1152,1152,1152,"(289, 291)",0.0113149788173012,0.0191702432045779,0.0024875621890547,0.0078270147731455,0.0210713911311458,0.0024875621890547,3,3,0,0,20,,,,
1153,1153,1153,"(291, 292)",0.0114773756849684,0.0191562361014041,0.0024875621890547,0.0063917483035744,0.0207916695400317,0.0024875621890547,4,7,1,0,18,,,,
1154,1154,1154,"(289, 290)",0.0064790730533592,0.0191726813137897,0.0016583747927031,0.0040110150876237,0.0211008853273611,0.0016583747927031,1,4,0,0,18,,,,
1155,1155,1155,"(244, 842)",0.0188794075463425,0.0182208255272859,0.0016583747927031,0.0211037793471385,0.0211064246836661,0.0016583747927031,7,3,1,1,30,,,,
1156,1156,1156,"(842, 246)",0.0188794075463425,0.0178976893281688,0.0016583747927031,0.0220339374764971,0.0213519351297758,0.0016583747927031,5,2,0,4,32,,,,
1157,1157,1157,"(246, 245)",0.0235789389350422,0.0193900027332508,0.0033167495854063,0.0255512960745275,0.0216773915231692,0.0033167495854063,7,4,0,10,12,,,,
1158,1158,1158,"(245, 250)",0.0216714638622733,0.0190232822260079,0.0016583747927031,0.0258985405535788,0.021989643352053,0.0016583747927031,3,9,0,2,54,,,,
1159,1159,1159,"(250, 249)",0.0267043905153151,0.0199272967614011,0.0033167495854063,0.0293685451921752,0.022341608002964,0.0033167495854063,9,8,0,0,12,,,,
1160,1160,1160,"(249, 254)",0.0253057818986474,0.019540174014485,0.0016583747927031,0.0299440876867497,0.022725559659305,0.0016583747927031,9,6,0,2,20,,,,
1161,1161,1161,"(254, 253)",0.0305090188260436,0.0205563509920229,0.0033167495854063,0.0335522364531554,0.0231273731446323,0.0033167495854063,13,10,1,10,10,,,,
1162,1162,1162,"(253, 258)",0.0291238285946281,0.0201446539829956,0.0016583747927031,0.0341464129520321,0.0235418130709768,0.0016583747927031,4,2,0,0,46,,,,
1163,1163,1163,"(258, 257)",0.0343404839072765,0.0212421178708563,0.0033167495854063,0.0378777723389799,0.0239775732151022,0.0033167495854063,16,8,8,0,12,,,,
1164,1164,1164,"(248, 246)",0.0038696558700274,0.019538907700533,0.0016583747927031,0.0006867827871286,0.0214403811623317,0.0016583747927031,7,5,1,0,16,,,,
1165,1165,1165,"(245, 247)",0.0010775995540967,0.0190220820189274,0.0016583747927031,0.0006867827871286,0.0214403811623317,0.0016583747927031,6,3,0,0,15,,,,
1166,1166,1166,"(252, 250)",0.0042030511343696,0.0201433081124417,0.0016583747927031,0.0005694566095904,0.0220773990407498,0.0016583747927031,7,3,2,0,15,,,,
1167,1167,1167,"(249, 251)",0.0005687330979954,0.019538907700533,0.0016583747927031,0.0005694566095904,0.0220773990407498,0.0016583747927031,5,3,0,1,15,,,,
1168,1168,1168,"(256, 254)",0.004373361408724,0.0208013522603791,0.0016583747927031,0.0005952479826766,0.0228435049437436,0.0016583747927031,11,8,1,4,16,,,,
1169,1169,1169,"(253, 255)",0.0005553147127433,0.0201433081124417,0.0016583747927031,0.0005952479826766,0.0228435049437436,0.0016583747927031,12,8,0,0,16,,,,
1170,1170,1170,"(260, 258)",0.0043867797939761,0.0215007755254853,0.0016583747927031,0.0006629361879547,0.0236725880851899,0.0016583747927031,7,5,0,14,17,,,,
1171,1171,1171,"(257, 259)",0.0005377675935674,0.0208013522603791,0.0016583747927031,0.0006629361879547,0.0236725880851899,0.0016583747927031,9,5,1,0,16,,,,
1172,1172,1172,"(188, 887)",0.0480910454642417,0.02588204996137,0.0024875621890547,0.0380217840545982,0.028555868633533,0.0024875621890547,12,40,0,37,40,,,,
1173,1173,1173,"(887, 886)",0.0480910454642417,0.0252343488449949,0.0016583747927031,0.0364798161138038,0.0279224838508022,0.0016583747927031,8,38,1,37,38,,,,
1174,1174,1174,"(886, 270)",0.0480910454642417,0.0246182738629868,0.0016583747927031,0.0351751353682576,0.0273221567739012,0.0016583747927031,7,38,4,37,38,,,,
1175,1175,1175,"(270, 269)",0.0494432058242673,0.0244763760350706,0.0033167495854063,0.035919033546969,0.0268770475362706,0.0033167495854063,22,8,7,7,8,,,,
1176,1176,1176,"(269, 268)",0.0405113781025715,0.0238949099482871,0.0016583747927031,0.032488254568905,0.0263203841117415,0.0016583747927031,12,8,0,1,20,,,,
1177,1177,1177,"(268, 266)",0.0418532166277877,0.0235832453361492,0.0033167495854063,0.0326492458264308,0.0257918261725015,0.0033167495854063,13,6,3,9,18,,,,
1178,1178,1178,"(266, 263)",0.0366014670767875,0.0230429715115501,0.0016583747927031,0.0293950724111615,0.0252819588277221,0.0016583747927031,8,6,0,1,64,,,,
1179,1179,1179,"(263, 264)",0.0379515630698512,0.0227487078884822,0.0033167495854063,0.0292834302826939,0.0247959372494191,0.0033167495854063,24,8,2,6,12,,,,
1180,1180,1180,"(264, 259)",0.032717360638027,0.0222455868518621,0.0016583747927031,0.0261297490252203,0.0243262869130224,0.0016583747927031,6,7,0,1,34,,,,
1181,1181,1181,"(257, 262)",0.0329728407950368,0.0208027875045279,0.0016583747927031,0.0384613130487531,0.0244287797763733,0.0016583747927031,2,4,0,14,36,,,,
1182,1182,1182,"(262, 261)",0.0382070432268611,0.0219720157411456,0.0033167495854063,0.0423858297923825,0.0249024344917301,0.0033167495854063,22,9,4,12,12,,,,
1183,1183,1183,"(261, 265)",0.0368569472337974,0.0215023089129388,0.0016583747927031,0.042930875723806,0.0253926811807807,0.0016583747927031,13,2,1,20,64,,,,
1184,1184,1184,"(265, 267)",0.0421086967847976,0.0227487078884822,0.0033167495854063,0.0471439384487471,0.0259070696655281,0.0033167495854063,16,9,0,15,16,,,,
1185,1185,1185,"(267, 271)",0.0407668582595813,0.0222455868518621,0.0016583747927031,0.047604417769365,0.0264404104183109,0.0016583747927031,5,9,0,6,16,,,,
1186,1186,1186,"(271, 272)",0.0496986859812771,0.0235832453361492,0.0033167495854063,0.0524295352045908,0.0270022165998701,0.0033167495854063,10,11,10,12,12,,,,
1187,1187,1187,"(272, 888)",0.0483465256212515,0.0230442924293958,0.0016583747927031,0.0527458706585429,0.0275852604130927,0.0016583747927031,6,9,0,1,38,,,,
1188,1188,1188,"(888, 299)",0.0483465256212515,0.0225294227535961,0.0024875621890547,0.054127298723814,0.028199312554072,0.0024875621890547,6,5,2,1,38,,,,
1189,1189,1189,"(299, 189)",0.0342997208517119,0.0220370573402039,0.0024875621890547,0.0150402746998863,0.0284931247932712,0.0024875621890547,10,2,0,1,18,,,,
1190,1190,1190,"(299, 190)",0.0132169292508674,0.0220378627293326,0.0016583747927031,0.0404024126972316,0.0284514485231669,0.0016583747927031,7,3,0,0,30,,,,
1191,1191,1191,"(269, 271)",0.0081019522030236,0.0238930163447251,0.0016583747927031,0.001341809755457,0.0266160534969433,0.0016583747927031,8,7,0,15,16,,,,
1192,1192,1192,"(272, 270)",0.0005222848413533,0.0230412105232991,0.0016583747927031,0.001341809755457,0.0266160534969433,0.0016583747927031,11,15,2,0,15,,,,
1193,1193,1193,"(266, 265)",0.0044218740323279,0.0230412105232991,0.0016583747927031,0.0009633607394651,0.0255513888006101,0.0016583747927031,12,3,0,10,17,,,,
1194,1194,1194,"(267, 268)",0.000511963006544,0.0222439456259106,0.0016583747927031,0.0009633607394651,0.0255513888006101,0.0016583747927031,15,2,0,3,16,,,,
1195,1195,1195,"(264, 262)",0.004404326913152,0.0222439456259106,0.0016583747927031,0.0007767979675706,0.0245736291949385,0.0016583747927031,5,5,1,8,15,,,,
1196,1196,1196,"(261, 263)",0.0005202204743915,0.0215007755254853,0.0016583747927031,0.0007767979675706,0.0245736291949385,0.0016583747927031,11,5,1,0,17,,,,
1197,1197,1197,"(826, 827)",0.0326432039892744,0.0203365822400593,0.0016583747927031,0.0238571477823645,0.0229806208197564,0.0016583747927031,4,4,0,0,46,,,,
1198,1198,1198,"(827, 284)",0.0326432039892744,0.0199414653504638,0.0016583747927031,0.0226322424353313,0.0225965411927825,0.0016583747927031,5,6,0,0,42,,,,
1199,1199,1199,"(284, 830)",0.0326432039892744,0.0195614092000259,0.0016583747927031,0.0214325382449787,0.0222328736818818,0.0016583747927031,7,6,0,0,46,,,,
1200,1200,1200,"(830, 831)",0.0326432039892744,0.0191955687841214,0.0016583747927031,0.0202585256960978,0.0218882718065991,0.0016583747927031,4,3,0,3,46,,,,
1201,1201,1201,"(832, 829)",0.0359845310102323,0.018490409824755,0.0016583747927031,0.0161126091767305,0.022263656334804,0.0016583747927031,7,4,0,4,50,,,,
1202,1202,1202,"(829, 283)",0.0359845310102323,0.0181631976866773,0.0016583747927031,0.0172925413864661,0.0226219729511733,0.0016583747927031,6,11,0,0,46,,,,
1203,1203,1203,"(283, 828)",0.0359845310102323,0.0178473650718482,0.0016583747927031,0.0184983469954571,0.0230003432887058,0.0016583747927031,8,6,2,0,40,,,,
1204,1204,1204,"(828, 825)",0.0359845310102323,0.0175423285041019,0.0016583747927031,0.0197290734265303,0.0234002095541154,0.0016583747927031,8,2,0,0,40,,,,
1205,1205,1205,"(285, 286)",0.0013525044211859,0.0188213995879892,0.0016583747927031,0.0010549245682635,0.0212799745910751,0.0016583747927031,9,3,1,4,10,,,,
1206,1206,1206,"(287, 288)",0.0192455770937841,0.0193188735462787,0.0016583747927031,0.0010549245682635,0.0212799745910751,0.0016583747927031,7,9,1,3,9,,,,
