Nodo,Conections,DiBC,DiCC,DiDC,BC,CC,DC
0,"(0, 3)",0.022591858595450598,0.020253929866989116,0.0024875621890547263,0.003938154279770756,0.02210086497581,0.0024875621890547263
1,"(3, 300)",0.01969658393142632,0.019857408657566727,0.001658374792703151,0.0050350584923338085,0.022536579896473754,0.001658374792703151
2,"(300, 301)",0.019696583931426325,0.019476115112560963,0.001658374792703151,0.006502961026688306,0.02299508065438737,0.001658374792703151
3,"(301, 302)",0.019696583931426325,0.019109188572515094,0.001658374792703151,0.007982424016029279,0.023476280391660664,0.001658374792703151
4,"(302, 303)",0.01969658393142633,0.01875583203732504,0.001658374792703151,0.009472896962500267,0.023981864460706333,0.001658374792703151
5,"(303, 304)",0.019696583931426332,0.018415306387332225,0.001658374792703151,0.010974379866101221,0.024513689859137752,0.001658374792703151
6,"(304, 6)",0.019696583931426332,0.01808692522271214,0.001658374792703151,0.012487560849152767,0.02507380764272943,0.001658374792703151
7,"(6, 7)",0.06041944987569556,0.023255365510326077,0.003316749585406302,0.02214292532939403,0.025666673760827464,0.003316749585406302
8,"(7, 406)",0.05034155442900102,0.022740128973865823,0.001658374792703151,0.01930481560450824,0.02602054026063692,0.001658374792703151
9,"(406, 407)",0.050341554429001005,0.02224722832002066,0.001658374792703151,0.020213306665556017,0.02639758350479359,0.001658374792703151
10,"(407, 408)",0.050341554429001005,0.021775241947132744,0.001658374792703151,0.021149597868356997,0.026797617989512044,0.001658374792703151
11,"(408, 409)",0.050341554429001005,0.021322866387312366,0.001658374792703151,0.022113566880054173,0.02722224730260485,0.001658374792703151
12,"(409, 410)",0.050341554429001005,0.02088890428516992,0.001658374792703151,0.0231078187351471,0.027674514663362248,0.001658374792703151
13,"(420, 419)",0.06347111835933265,0.02450223486387647,0.001658374792703151,0.05055893767782708,0.028343125734430083,0.001658374792703151
14,"(419, 418)",0.06347111835933265,0.023930945530310548,0.001658374792703151,0.049565167260118344,0.02786892822480011,0.001658374792703151
15,"(418, 417)",0.06347111835933268,0.023385689354275742,0.001658374792703151,0.04860179874188926,0.027424049481535383,0.001658374792703151
16,"(417, 416)",0.06347111835933268,0.022864726514361552,0.001658374792703151,0.04766612714706534,0.027005239822652155,0.001658374792703151
17,"(416, 5)",0.06347111835933268,0.02236646884272997,0.0024875621890547263,0.04729141423299301,0.026610767872903795,0.0024875621890547263
18,"(5, 4)",0.036656390706678844,0.023941397177059138,0.003316749585406302,0.03328074573538433,0.026035707346559876,0.003316749585406302
19,"(4, 305)",0.025157924072583108,0.023761673956732475,0.0024875621890547263,0.030306643772360593,0.025557886706084304,0.0024875621890547263
20,"(305, 306)",0.025157924072583097,0.023217757926958398,0.001658374792703151,0.026557154166530424,0.024976183572878268,0.001658374792703151
21,"(306, 307)",0.025157924072583094,0.02269818565083189,0.001658374792703151,0.025055671262929482,0.02442432711586366,0.001658374792703151
22,"(307, 308)",0.025157924072583097,0.02220135859060032,0.001658374792703151,0.023565198316458532,0.023900118906064208,0.001658374792703151
23,"(308, 309)",0.025157924072583108,0.02172581516843812,0.001658374792703151,0.02208573532711755,0.023401571747356166,0.001658374792703151
24,"(309, 2)",0.025157924072583108,0.021270216405933084,0.0024875621890547263,0.020718247423088178,0.02292688490931904,0.0024875621890547263
25,"(2, 1)",0.01032407120689774,0.021030237505667352,0.0024875621890547263,0.008500843478519543,0.022435957062861608,0.0024875621890547263
26,"(3, 2)",0.0020653991453520783,0.01985283223862907,0.0024875621890547263,0.0009226755935661732,0.02217360127967052,0.0024875621890547263
27,"(2, 320)",0.01689925201103745,0.021039776692254014,0.0024875621890547263,0.010886572896046071,0.02257792754844145,0.0024875621890547263
28,"(320, 321)",0.01689925201103745,0.020616441868813784,0.001658374792703151,0.009574376862898248,0.02236398026925787,0.001658374792703151
29,"(321, 322)",0.01689925201103745,0.020209806615946645,0.001658374792703151,0.009062684088213818,0.022212399160128193,0.001658374792703151
30,"(322, 323)",0.01689925201103744,0.019818901907939064,0.001658374792703151,0.008753610733192833,0.022120728553348373,0.001658374792703151
31,"(323, 324)",0.016899252011037418,0.019442832269297737,0.001658374792703151,0.008579735673660393,0.022074166270088222,0.001658374792703151
32,"(335, 334)",0.011437911869880656,0.017827050997782704,0.001658374792703151,0.007031848069015897,0.021376914350538855,0.001658374792703151
33,"(334, 333)",0.011437911869880656,0.017522193325293853,0.001658374792703151,0.007174778107850226,0.021402711720025554,0.001658374792703151
34,"(333, 332)",0.011437911869880656,0.017227586995028854,0.001658374792703151,0.007449111468308969,0.02148660205245154,0.001658374792703151
35,"(332, 331)",0.011437911869880656,0.016942723479580226,0.001658374792703151,0.007947870804806368,0.021626856036152355,0.001658374792703151
36,"(331, 1)",0.011437911869880656,0.016667127339064097,0.001658374792703151,0.008651246523674591,0.021824499176604718,0.001658374792703151
37,"(1, 0)",0.022591858595450598,0.020671568879518692,0.0024875621890547263,0.009759406595081371,0.022052773053925064,0.0024875621890547263
38,"(7, 5)",0.009248019928022409,0.022728129358109382,0.0024875621890547263,0.0059055528166263365,0.025757672839110655,0.0024875621890547263
39,"(5, 310)",0.0360627475806765,0.023948052979606425,0.0024875621890547263,0.018737696966096107,0.026272792627932817,0.0024875621890547263
40,"(310, 311)",0.036062747580676485,0.02339567005509428,0.001658374792703151,0.017361438984639467,0.02607172968415591,0.001658374792703151
41,"(311, 312)",0.03606274758067647,0.022868195005404175,0.001658374792703151,0.017271812118688577,0.02602615563900039,0.001658374792703151
42,"(312, 313)",0.03606274758067645,0.02236398026925787,0.001658374792703151,0.017596081524184147,0.026172442978363245,0.001658374792703151
43,"(313, 314)",0.03606274758067644,0.0218815204572258,0.001658374792703151,0.018129963769025863,0.026399317032594183,0.001658374792703151
44,"(314, 11)",0.03606274758067644,0.021419437340153454,0.0024875621890547263,0.02305573500681112,0.02673524130439602,0.0024875621890547263
45,"(10, 315)",0.028394523791501463,0.023382968822708235,0.001658374792703151,0.012315895363779346,0.025672137428954595,0.001658374792703151
46,"(315, 316)",0.028394523791501463,0.022856059888183455,0.001658374792703151,0.011659841190553855,0.02541515636854084,0.001658374792703151
47,"(316, 317)",0.028394523791501453,0.02235237424472699,0.001658374792703151,0.01124988577084699,0.02524438490360664,0.001658374792703151
48,"(317, 318)",0.028394523791501453,0.021870409662151133,0.001658374792703151,0.011085668186256076,0.025209557055958527,0.001658374792703151
49,"(318, 319)",0.02839452379150146,0.021408790740609245,0.001658374792703151,0.011145179527223983,0.02522326563905214,0.001658374792703151
50,"(319, 4)",0.02839452379150146,0.020966255802228752,0.0024875621890547263,0.011897212822089462,0.025375049971595093,0.0024875621890547263
51,"(4, 6)",0.03989299042559712,0.023755121336274818,0.0024875621890547263,0.008554698515614877,0.02562359240215867,0.0024875621890547263
52,"(324, 325)",0.0168992520110374,0.01908076892650898,0.001658374792703151,0.008550347668405697,0.02206205180740524,0.001658374792703151
53,"(325, 326)",0.016899252011037397,0.018731943710975116,0.001658374792703151,0.008630099743434583,0.022085889570552148,0.001658374792703151
54,"(326, 327)",0.016899252011037393,0.01839564361872512,0.001658374792703151,0.008889528850219916,0.02216463582731433,0.001658374792703151
55,"(327, 328)",0.016899252011037365,0.018071205945816352,0.001658374792703151,0.009333056453591455,0.022296997485579055,0.001658374792703151
56,"(328, 329)",0.01689925201103736,0.017758013929586383,0.001658374792703151,0.009883051871570599,0.022465630937744497,0.001658374792703151
57,"(329, 330)",0.016899252011037348,0.017455492835432046,0.001658374792703151,0.01053893948437487,0.02266235718580878,0.001658374792703151
58,"(330, 12)",0.016899252011037348,0.017163106436876484,0.0024875621890547263,0.01206446024146446,0.022949571836346338,0.0024875621890547263
59,"(12, 13)",0.003593718819457342,0.0203009796990203,0.003316749585406302,0.0032271308911302607,0.022715286672191668,0.003316749585406302
60,"(13, 342)",0.009754368882999607,0.021123430192843257,0.0024875621890547263,0.00503144921339542,0.022744846576014183,0.0024875621890547263
61,"(342, 343)",0.009754368882999609,0.020691075043749785,0.001658374792703151,0.003946902156465516,0.02255681286823155,0.001658374792703151
62,"(343, 344)",0.0097543688829996,0.02027606382084433,0.001658374792703151,0.003573973381555689,0.022444307967171014,0.001658374792703151
63,"(344, 17)",0.009754368882999591,0.019877373417721517,0.0024875621890547263,0.004184723464042351,0.02245350114501685,0.0024875621890547263
64,"(17, 18)",0.0014173082204295482,0.020256991685563115,0.0024875621890547263,0.0008099860075711149,0.022079015781187067,0.0024875621890547263
65,"(19, 16)",0.013204035149288139,0.02015306975034257,0.0024875621890547263,0.0028876697183914117,0.02192687405683533,0.0024875621890547263
66,"(16, 345)",0.0037244620603758523,0.019759154583435735,0.001658374792703151,0.0023064502128266064,0.021841495218777165,0.001658374792703151
67,"(345, 346)",0.0037244620603758523,0.019380343253840714,0.001658374792703151,0.002647398120009727,0.02194043698946641,0.001658374792703151
68,"(346, 347)",0.0037244620603758523,0.019015783415587895,0.001658374792703151,0.0030485239625178745,0.022058420061090482,0.001658374792703151
69,"(347, 14)",0.0037244620603758523,0.018664685671835823,0.001658374792703151,0.0035173829881027805,0.022194412749825167,0.001658374792703151
70,"(14, 15)",0.023502531143269362,0.02070955112133805,0.003316749585406302,0.015047346074416048,0.022517223995967065,0.003316749585406302
71,"(15, 341)",0.011437911869880656,0.020299271178737945,0.001658374792703151,0.009867953190115611,0.02218951241950322,0.001658374792703151
72,"(341, 340)",0.011437911869880656,0.01990493166963755,0.001658374792703151,0.00898363191498334,0.0219228881496428,0.001658374792703151
73,"(340, 339)",0.011437911869880657,0.019525621306565207,0.001658374792703151,0.008336154090320898,0.021740306094856957,0.001658374792703151
74,"(339, 338)",0.011437911869880657,0.019160496965460266,0.001658374792703151,0.007788676822709855,0.021583120067290656,0.001658374792703151
75,"(338, 337)",0.011437911869880657,0.018808777429467086,0.001658374792703151,0.007346471397225802,0.021459838428413824,0.001658374792703151
76,"(337, 336)",0.011437911869880656,0.01846973780936045,0.001658374792703151,0.007087672497878122,0.021386770704025535,0.001658374792703151
77,"(336, 335)",0.011437911869880656,0.018142704556737322,0.001658374792703151,0.0070071164991056594,0.02136517441139476,0.001658374792703151
78,"(15, 12)",0.011234743754716503,0.02029039150697377,0.0024875621890547263,0.009576297879881937,0.022858225928733888,0.0024875621890547263
79,"(12, 367)",0.02454027694629665,0.020305765086206896,0.0024875621890547263,0.021242700202516587,0.02334991964994482,0.0024875621890547263
80,"(367, 366)",0.02454027694629665,0.019907231640283258,0.001658374792703151,0.02251764938930965,0.02384247360721205,0.001658374792703151
81,"(366, 365)",0.02454027694629665,0.019524040796503158,0.001658374792703151,0.023997112378650595,0.024360191488072395,0.001658374792703151
82,"(365, 364)",0.02454027694629665,0.019155323305643356,0.001658374792703151,0.02548758532512155,0.024905005782256733,0.001658374792703151
83,"(364, 363)",0.024540276946296645,0.018800274365529713,0.001658374792703151,0.02698906822872242,0.025479052669384997,0.001658374792703151
84,"(363, 24)",0.024540276946296638,0.018458147757013637,0.0024875621890547263,0.029667960292898376,0.02608469957174374,0.0024875621890547263
85,"(24, 25)",0.02857015062997599,0.023316062176165803,0.003316749585406302,0.03433862439617576,0.026638393744615997,0.003316749585406302
86,"(25, 382)",0.04704657899988302,0.02377385270462072,0.0024875621890547263,0.04577804275715237,0.027226549271926855,0.0024875621890547263
87,"(382, 383)",0.04704657899988302,0.023227595770497485,0.001658374792703151,0.04562562385093602,0.027704394569387333,0.001658374792703151
88,"(386, 385)",0.03146347561409174,0.024462970851335728,0.001658374792703151,0.026668397675413468,0.027201371346084444,0.001658374792703151
89,"(385, 26)",0.031463475614091733,0.023884971876732948,0.0024875621890547263,0.02571010711041695,0.026700318809776833,0.0024875621890547263
90,"(26, 27)",0.0428375697527864,0.02427633962719916,0.003316749585406302,0.029330537415395982,0.02637045459515011,0.003316749585406302
91,"(27, 362)",0.025108843627763555,0.02377619620290598,0.0024875621890547263,0.019829427392864793,0.02577088274889416,0.0024875621890547263
92,"(362, 361)",0.025108843627763555,0.023231622746185853,0.001658374792703151,0.017974139591122016,0.02517955570402539,0.001658374792703151
93,"(361, 360)",0.025108843627763555,0.022711436696107416,0.001658374792703151,0.0164726566875211,0.024618776410067978,0.001658374792703151
94,"(360, 359)",0.025108843627763573,0.022214035734020997,0.001658374792703151,0.01498218374105015,0.02408627920910725,0.001658374792703151
95,"(359, 358)",0.025108843627763573,0.021737954901854754,0.001658374792703151,0.01350272075170916,0.023580017597028057,0.001658374792703151
96,"(358, 13)",0.025108843627763573,0.021281852191713135,0.0024875621890547263,0.012118515703113928,0.023098138358997933,0.0024875621890547263
97,"(13, 14)",0.018948193564221307,0.021119731012381137,0.0024875621890547263,0.007301864956707477,0.022623670437278406,0.0024875621890547263
98,"(11, 9)",0.01844933928788524,0.02097646670029395,0.0024875621890547263,0.020909433393755405,0.026603136787770498,0.0024875621890547263
99,"(9, 374)",0.0400095615318259,0.022804628999319263,0.0024875621890547263,0.027874654223919663,0.026769661050809083,0.0024875621890547263
100,"(374, 375)",0.04000956153182591,0.022308133404857475,0.001658374792703151,0.027262649494837116,0.02673701946525961,0.001658374792703151
101,"(375, 376)",0.04000956153182592,0.021832796263441832,0.001658374792703151,0.027244900175743984,0.02673109318201968,0.001658374792703151
102,"(376, 377)",0.040009561531825916,0.021377293273065673,0.001658374792703151,0.027300047645567146,0.026753033563299985,0.001658374792703151
103,"(377, 25)",0.04000956153182592,0.020940408390054174,0.0024875621890547263,0.028486777722281066,0.026890831252229755,0.0024875621890547263
104,"(25, 26)",0.021533133161918724,0.023769167093697034,0.003316749585406302,0.017294099381037802,0.02660607130250618,0.003316749585406302
105,"(26, 373)",0.010159039023224408,0.024281227349601354,0.0024875621890547263,0.008530540519926624,0.026485702991171433,0.0024875621890547263
106,"(373, 372)",0.010159039023224424,0.023711684787951475,0.001658374792703151,0.006355951580753111,0.02623107708369584,0.001658374792703151
107,"(372, 371)",0.010159039023224431,0.02316824835747493,0.001658374792703151,0.005984006671944463,0.026079058904939018,0.001658374792703151
108,"(370, 369)",0.005484924714502962,0.022135344969990638,0.001658374792703151,0.004715087319400931,0.025500063432993613,0.001658374792703151
109,"(369, 368)",0.005484924714502962,0.021661038867734753,0.001658374792703151,0.005112143548659317,0.025659574468085106,0.001658374792703151
110,"(368, 27)",0.0054849247145029615,0.021206632787634738,0.0024875621890547263,0.006242020752612747,0.02584378013500482,0.0024875621890547263
111,"(27, 24)",0.02321365083952566,0.023769635571673532,0.003316749585406302,0.015080613300744738,0.02624820441387716,0.003316749585406302
112,"(24, 378)",0.019183777155846318,0.023327788309025495,0.0024875621890547263,0.013759014376276177,0.025974025974025976,0.0024875621890547263
113,"(378, 379)",0.019183777155846314,0.022808510638297873,0.001658374792703151,0.012982913054518338,0.025847657422092673,0.001658374792703151
114,"(379, 380)",0.019183777155846314,0.022311847850218308,0.001658374792703151,0.012924631495471973,0.02582938896147009,0.001658374792703151
115,"(380, 381)",0.019183777155846314,0.021836354089337123,0.001658374792703151,0.012938371810663938,0.025836029049465498,0.001658374792703151
116,"(381, 8)",0.019183777155846314,0.02138070418040634,0.001658374792703151,0.013058612772643087,0.025867616146883446,0.001658374792703151
117,"(8, 10)",0.028394523791501463,0.023934745073133944,0.0024875621890547263,0.016936072706293225,0.026039642440730666,0.0024875621890547263
118,"(16, 17)",0.008649697570240086,0.019755917765582765,0.0024875621890547263,0.0029462246194599567,0.022273113434048683,0.0024875621890547263
119,"(17, 348)",0.016986758232810123,0.020261756354899952,0.0024875621890547263,0.008412072103348838,0.022756863855080668,0.0024875621890547263
120,"(348, 349)",0.016986758232810123,0.01986493164223357,0.001658374792703151,0.009791399551330663,0.023224464643352333,0.001658374792703151
121,"(349, 350)",0.016986758232810123,0.019483351911985653,0.001658374792703151,0.011270862540671655,0.023715415019762844,0.001658374792703151
122,"(350, 351)",0.016986758232810123,0.01911615521176769,0.001658374792703151,0.01276133548714251,0.02423146473779385,0.001658374792703151
123,"(351, 352)",0.016986758232810123,0.018762543366989747,0.001658374792703151,0.01426281839074346,0.024774543437621973,0.001658374792703151
124,"(352, 20)",0.016986758232810123,0.018421776189166895,0.0024875621890547263,0.016499556746108472,0.025346784363177804,0.0024875621890547263
125,"(355, 354)",0.010956851410186375,0.021565752297843424,0.001658374792703151,0.0064676690735438105,0.023285449490268766,0.001658374792703151
126,"(354, 353)",0.010956851410186375,0.021116772600724903,0.001658374792703151,0.00498820608420286,0.022811962093555526,0.001658374792703151
127,"(353, 18)",0.01095685141018638,0.020686106346483706,0.001658374792703151,0.003520303549848312,0.022360663032595395,0.001658374792703151
128,"(18, 19)",0.013204035149288139,0.020566517164344548,0.0024875621890547263,0.0024716042592871895,0.021931659059084545,0.0024875621890547263
129,"(356, 355)",0.010956851410186375,0.022034238941771873,0.001658374792703151,0.007958142020014713,0.02378276045672366,0.001658374792703151
130,"(357, 356)",0.010956851410186375,0.022523532048408786,0.001658374792703151,0.00945962492361562,0.024305695513724856,0.001658374792703151
131,"(23, 357)",0.01095685141018638,0.023035049183459076,0.001658374792703151,0.01097280590666718,0.02485624188462252,0.001658374792703151
132,"(371, 21)",0.010159039023224455,0.02264916333314553,0.0024875621890547263,0.0070787820557998305,0.02609147159361343,0.0024875621890547263
133,"(21, 22)",0.00430587056399896,0.023200338578738794,0.0024875621890547263,0.004224702974034004,0.025606726543091915,0.0024875621890547263
134,"(23, 20)",0.010627705180872951,0.023028891137886916,0.0024875621890547263,0.003526385265497973,0.025462376488472258,0.0024875621890547263
135,"(20, 370)",0.005484924714502963,0.02263088759617189,0.0024875621890547263,0.004581880422535174,0.02536651031697621,0.0024875621890547263
136,"(20, 21)",0.02212953869918011,0.022626641651031894,0.003316749585406302,0.019529703433223623,0.025879828326180257,0.003316749585406302
137,"(21, 388)",0.027982707158405434,0.02320480258600785,0.0024875621890547263,0.024685138493462648,0.0264583927513657,0.0024875621890547263
138,"(388, 389)",0.027982707158405434,0.022684096680146714,0.001658374792703151,0.025605506801225107,0.02695333452529948,0.001658374792703151
139,"(389, 390)",0.027982707158405434,0.02218624673461128,0.001658374792703151,0.026774282562804542,0.027474655427725255,0.001658374792703151
140,"(390, 32)",0.027982707158405434,0.021709780201976562,0.0024875621890547263,0.030584783823154965,0.02805238305691889,0.0024875621890547263
141,"(32, 33)",0.023890001353307235,0.024762334969098413,0.003316749585406302,0.02299349965330817,0.028238269176735036,0.003316749585406302
142,"(33, 494)",0.04802210707642057,0.025436061839579863,0.0024875621890547263,0.0433770541634565,0.028778008447276113,0.0024875621890547263
143,"(494, 495)",0.04802210707642057,0.024816857354514776,0.001658374792703151,0.044137533401547545,0.029251255184457543,0.001658374792703151
144,"(495, 496)",0.04802210707642057,0.024227083709998192,0.001658374792703151,0.045097208450527115,0.029755002343884927,0.001658374792703151
145,"(488, 487)",0.05110872771707583,0.025253900115171188,0.001658374792703151,0.03106257476939431,0.029166364361895087,0.001658374792703151
146,"(487, 486)",0.05110872771707583,0.02464342637623115,0.001658374792703151,0.03010415144768375,0.02868218897899969,0.001658374792703151
147,"(486, 34)",0.05110872771707583,0.024061770515352847,0.0024875621890547263,0.02959608927162176,0.028227033352837917,0.0024875621890547263
148,"(34, 35)",0.049932957316991176,0.02564866014461931,0.003316749585406302,0.027499373337593627,0.027934125495101107,0.003316749585406302
149,"(35, 393)",0.017278686027060376,0.025107738429829492,0.0024875621890547263,0.01642092819410268,0.027334542157751586,0.0024875621890547263
150,"(393, 392)",0.017278686027060373,0.02449924836468533,0.001658374792703151,0.014815940738951256,0.026810724289715888,0.001658374792703151
151,"(392, 391)",0.017278686027060376,0.023919554136337493,0.001658374792703151,0.013646201606123063,0.02631406689795117,0.001658374792703151
152,"(391, 22)",0.017278686027060366,0.02336665891653104,0.001658374792703151,0.012493174015367123,0.02584211879660581,0.001658374792703151
153,"(22, 23)",0.022414432109731396,0.023570339678692882,0.003316749585406302,0.015553285305267176,0.025438744515693553,0.003316749585406302
154,"(11, 944)",0.01678353277411926,0.02098413140311804,0.001658374792703151,0.006744611541329819,0.026764908231429903,0.001658374792703151
155,"(944, 943)",0.01678353277411926,0.020566166439290587,0.001658374792703151,0.00732115390987143,0.027023998924417952,0.001658374792703151
156,"(943, 942)",0.01678353277411926,0.020164526484751203,0.001658374792703151,0.008220660853844838,0.02742529676627098,0.001658374792703151
157,"(942, 941)",0.01678353277411926,0.019778273419050117,0.001658374792703151,0.009149298309391313,0.027852193995381063,0.001658374792703151
158,"(941, 940)",0.01678353277411926,0.01940653964984552,0.001658374792703151,0.010105460657762742,0.02830587241233629,0.001658374792703151
159,"(940, 939)",0.01678353277411926,0.01904852160727824,0.001658374792703151,0.01109052414360037,0.028789000023871476,0.001658374792703151
160,"(958, 959)",0.029941093360923737,0.02509415510102166,0.001658374792703151,0.020569622308126145,0.029254093389933292,0.001658374792703151
161,"(959, 960)",0.02994109336092374,0.02449924836468533,0.001658374792703151,0.01955336394375358,0.02873960393680147,0.001658374792703151
162,"(960, 961)",0.029941093360923734,0.023931895302919056,0.001658374792703151,0.018568759206129704,0.02825811893715732,0.001658374792703151
163,"(961, 962)",0.029941093360923713,0.02339022498060512,0.001658374792703151,0.01761305560597206,0.027805957760767316,0.001658374792703151
164,"(962, 963)",0.029941093360923706,0.022872532099303962,0.001658374792703151,0.016684876898639327,0.027380465876583573,0.001658374792703151
165,"(963, 964)",0.029941093360923703,0.022377259064088766,0.001658374792703151,0.01588490350276069,0.027022182388527896,0.001658374792703151
166,"(964, 9)",0.029941093360923713,0.021902980330905722,0.0024875621890547263,0.015950091201263294,0.026792855238603037,0.0024875621890547263
167,"(9, 8)",0.008380871116983083,0.0227994555353902,0.0024875621890547263,0.008318965656027568,0.02632957820277705,0.0024875621890547263
168,"(383, 384)",0.04704657899988302,0.022705877922958164,0.001658374792703151,0.04678866525984351,0.02825282293960549,0.001658374792703151
169,"(384, 28)",0.04704657899988302,0.022207081959968327,0.001658374792703151,0.04796959784908717,0.028832361097829204,0.001658374792703151
170,"(28, 29)",0.08407522749815435,0.02533932848678405,0.003316749585406302,0.08382605815865833,0.029459182177927597,0.003316749585406302
171,"(29, 571)",0.05771532576202177,0.024725274725274724,0.001658374792703151,0.06260241450273354,0.029730795779508924,0.001658374792703151
172,"(571, 572)",0.05771532576202177,0.02414027783338004,0.001658374792703151,0.06353459087307178,0.030235415047509213,0.001658374792703151
173,"(572, 573)",0.05771532576202177,0.023582323034806413,0.001658374792703151,0.06449566838087625,0.0307739416673046,0.001658374792703151
174,"(573, 574)",0.05771532576202177,0.023049577615534573,0.001658374792703151,0.06548427078150565,0.03134828832107302,0.001658374792703151
175,"(574, 575)",0.05771532576202177,0.022540370813397128,0.001658374792703151,0.06650177431960123,0.031962260150535354,0.001658374792703151
176,"(575, 576)",0.05771532576202177,0.02205317631569323,0.001658374792703151,0.06755093148444552,0.03262104408980254,0.001658374792703151
177,"(975, 974)",0.03257490912070713,0.0273978826843564,0.001658374792703151,0.014460310426358798,0.031387450225125575,0.001658374792703151
178,"(974, 582)",0.03257490912070712,0.02668141592920354,0.001658374792703151,0.013429604770026077,0.030786511117351235,0.001658374792703151
179,"(582, 581)",0.03257490912070712,0.026001466085981632,0.001658374792703151,0.012429618860149769,0.030224806395829678,0.001658374792703151
180,"(581, 580)",0.03257490912070712,0.025355310739214532,0.001658374792703151,0.011457433092026665,0.029697850230244526,0.001658374792703151
181,"(580, 579)",0.03257490912070714,0.02474049152750995,0.001658374792703151,0.01057228492616174,0.029203089812819334,0.001658374792703151
182,"(579, 30)",0.032574909120707166,0.024154782887357795,0.0024875621890547263,0.012533123622236995,0.02902317522200563,0.0024875621890547263
183,"(30, 31)",0.019206870213249107,0.02575822298163178,0.003316749585406302,0.012222021267642276,0.02868628243857187,0.003316749585406302
184,"(31, 387)",0.031463475614091754,0.025707160062242874,0.0024875621890547263,0.02915106875583864,0.028293918918918918,0.0024875621890547263
185,"(387, 386)",0.03146347561409175,0.025069637883008356,0.001658374792703151,0.027831943707356043,0.027729875146582053,0.001658374792703151
186,"(29, 30)",0.025530026217460415,0.024714634096358382,0.0024875621890547263,0.030876856582243584,0.029208748092712344,0.0024875621890547263
187,"(30, 972)",0.03889806512491861,0.025762624967956935,0.0024875621890547263,0.036149241095470304,0.02916072248954228,0.0024875621890547263
188,"(972, 973)",0.03889806512491861,0.025121336471764535,0.001658374792703151,0.035560078022240066,0.028958363348220717,0.001658374792703151
189,"(973, 33)",0.03889806512491861,0.02451119873175887,0.0024875621890547263,0.035737864576160135,0.028787625617644953,0.0024875621890547263
190,"(33, 34)",0.014765959401805022,0.02542533679084182,0.003316749585406302,0.01650566465702,0.02824752892678128,0.003316749585406302
191,"(34, 395)",0.015941729801889584,0.025653024759635837,0.0024875621890547263,0.016452720883801942,0.027890196803959204,0.0024875621890547263
192,"(395, 394)",0.015941729801889584,0.025017113697180907,0.001658374792703151,0.013982062893178363,0.02722224730260485,0.001658374792703151
193,"(394, 37)",0.015941729801889584,0.02441196712683697,0.0024875621890547263,0.012616158956626787,0.026613704071499503,0.0024875621890547263
194,"(37, 38)",0.0051444024689828866,0.024025340159770505,0.0024875621890547263,0.003179538608787495,0.02597682333175376,0.0024875621890547263
195,"(36, 397)",0.011708401285412496,0.022562298884980916,0.001658374792703151,0.007352526189801092,0.026236783709698473,0.001658374792703151
196,"(39, 36)",0.013304845069259512,0.023078247890234802,0.0024875621890547263,0.006144671350661352,0.02567541674650316,0.0024875621890547263
197,"(397, 396)",0.011708401285412496,0.022068915036507035,0.001658374792703151,0.008749774945692337,0.02682802037683803,0.001658374792703151
198,"(396, 35)",0.011708401285412496,0.02159664768453852,0.0024875621890547263,0.011426081032917352,0.02745401566199235,0.0024875621890547263
199,"(35, 32)",0.04436267257534359,0.025102512332701953,0.003316749585406302,0.025975998765453246,0.028132216753364903,0.003316749585406302
200,"(32, 398)",0.04845537838044179,0.024766403121470378,0.0024875621890547263,0.03998691548885679,0.028321826123714245,0.0024875621890547263
201,"(398, 399)",0.04845537838044178,0.024173180998196032,0.001658374792703151,0.04001921717742724,0.028503226111413107,0.001658374792703151
202,"(399, 31)",0.04845537838044178,0.023607712635803073,0.0024875621890547263,0.041742747477277665,0.02871565312633935,0.0024875621890547263
203,"(31, 28)",0.036198772979599135,0.025701681478166358,0.0024875621890547263,0.0265067016220888,0.028885535675792197,0.0024875621890547263
204,"(36, 37)",0.0007665682651748175,0.02255892255892256,0.0024875621890547263,0.000621034658292515,0.025463989358332804,0.0024875621890547263
205,"(37, 400)",0.011563895598081516,0.024030127323808954,0.0024875621890547263,0.007194810001818146,0.026029526029526028,0.0024875621890547263
206,"(400, 401)",0.011563895598081516,0.02347216815881666,0.001658374792703151,0.006316090558979238,0.025771433455850926,0.001658374792703151
207,"(404, 403)",0.007330567081604426,0.022917300091213136,0.001658374792703151,0.005667424147995362,0.025159594442358244,0.001658374792703151
208,"(403, 38)",0.007330567081604426,0.022409275879368973,0.001658374792703151,0.005451864559452817,0.02494725083778081,0.001658374792703151
209,"(38, 39)",0.013304845069259512,0.023622047244094488,0.0024875621890547263,0.006522895920592637,0.025486591009953718,0.0024875621890547263
210,"(410, 411)",0.050341554429001005,0.020472253815206506,0.001658374792703151,0.024138434429167795,0.028157833294419798,0.001658374792703151
211,"(411, 412)",0.050341554429001005,0.020071899340922707,0.001658374792703151,0.02520696089683961,0.02868150684931507,0.001658374792703151
212,"(412, 413)",0.050341554429001005,0.019686903148925055,0.001658374792703151,0.026304411737276802,0.029236363636363637,0.001658374792703151
213,"(413, 414)",0.050341554429001,0.01931639811641093,0.001658374792703151,0.027423882491973882,0.029824908497378573,0.001658374792703151
214,"(414, 415)",0.050341554429000984,0.01895958119134085,0.001658374792703151,0.028598248726103514,0.030469164498117783,0.001658374792703151
215,"(415, 426)",0.05034155442900098,0.018615707582119043,0.001658374792703151,0.029824757950383193,0.03117084517963298,0.001658374792703151
216,"(426, 427)",0.05034155442900096,0.018284085568307584,0.001658374792703151,0.031067782110357843,0.03191573821684707,0.001658374792703151
217,"(427, 88)",0.05034155442900096,0.017964071856287425,0.001658374792703151,0.032327596454955726,0.03270774571490562,0.001658374792703151
218,"(88, 89)",0.0803176012186972,0.029660600098376785,0.003316749585406302,0.05225083588897686,0.03355405931778977,0.003316749585406302
219,"(89, 589)",0.04123360671450108,0.028816515734391052,0.001658374792703151,0.02891908020357982,0.03278599391039583,0.001658374792703151
220,"(589, 590)",0.04123360671450108,0.028019144091817296,0.001658374792703151,0.028409690805106854,0.0324019344438474,0.001658374792703151
221,"(594, 593)",0.04426089928412334,0.027065846761524306,0.001658374792703151,0.049576420863561614,0.03359144337362821,0.001658374792703151
222,"(593, 90)",0.04426089928412334,0.026361231939495945,0.0024875621890547263,0.054400990502643694,0.034228302208094454,0.0024875621890547263
223,"(90, 91)",0.023502221488225075,0.02880068777761857,0.003316749585406302,0.02920698067601828,0.03360361113433085,0.003316749585406302
224,"(91, 429)",0.0634711183593327,0.03028628829733802,0.0024875621890547263,0.06075558094479795,0.033645798459993305,0.0024875621890547263
225,"(429, 428)",0.06347111835933268,0.02941822173435785,0.001658374792703151,0.05851865936620822,0.03280829184689464,0.001658374792703151
226,"(428, 425)",0.06347111835933268,0.028598529760493242,0.001658374792703151,0.05727522233284124,0.03202166640114704,0.001658374792703151
227,"(425, 424)",0.06347111835933268,0.02782327834813704,0.001658374792703151,0.05604830023516915,0.03128161232588904,0.001658374792703151
228,"(424, 423)",0.06347111835933268,0.027088948787061994,0.001658374792703151,0.05487384473380051,0.030602923264311816,0.001658374792703151
229,"(423, 422)",0.06347111835933268,0.02639238428712113,0.001658374792703151,0.053754608318017795,0.02998359106956392,0.001658374792703151
230,"(422, 421)",0.06347111835933268,0.025730744612758694,0.001658374792703151,0.05265739181649506,0.02940029254022428,0.001658374792703151
231,"(421, 420)",0.06347111835933265,0.02510146737433656,0.001658374792703151,0.05158917257111185,0.02885029424429453,0.001658374792703151
232,"(939, 938)",0.01678353277411926,0.01870347394540943,0.001658374792703151,0.012107241256186677,0.029305275435569704,0.001658374792703151
233,"(938, 588)",0.016783532774119266,0.01837070436266147,0.001658374792703151,0.013163869463369157,0.029861833308572276,0.001658374792703151
234,"(588, 587)",0.016783532774119262,0.01804956896551724,0.001658374792703151,0.014254903786582836,0.030459160478860433,0.001658374792703151
235,"(587, 586)",0.016783532774119262,0.017739468110143562,0.001658374792703151,0.015367958024056471,0.03109369360078379,0.001658374792703151
236,"(586, 461)",0.01678353277411926,0.01743984266543267,0.001658374792703151,0.01652194928394975,0.03176861071597914,0.001658374792703151
237,"(461, 460)",0.01678353277411926,0.017150170648464164,0.001658374792703151,0.017729270023691353,0.032528658125421446,0.001658374792703151
238,"(460, 459)",0.01678353277411926,0.01686996418979409,0.001658374792703151,0.01896825064583914,0.03333701901813357,0.001658374792703151
239,"(459, 458)",0.01678353277411926,0.016598766791455628,0.001658374792703151,0.02025952856435432,0.03422344561423423,0.001658374792703151
240,"(458, 80)",0.01678353277411926,0.016336150845253576,0.0024875621890547263,0.022651065884388807,0.035218876850743215,0.0024875621890547263
241,"(83, 462)",0.029941093360923716,0.031144281176561733,0.0024875621890547263,0.03151999703207709,0.03508771929824561,0.0024875621890547263
242,"(462, 463)",0.029941093360923723,0.030233141138129856,0.001658374792703151,0.028672147946416933,0.03412949966040299,0.001658374792703151
243,"(463, 464)",0.029941093360923734,0.029373797403609615,0.001658374792703151,0.02741614776553901,0.03327080114764953,0.001658374792703151
244,"(464, 465)",0.029941093360923727,0.02856195528609322,0.001658374792703151,0.026178038764997327,0.03246560960508251,0.001658374792703151
245,"(465, 583)",0.029941093360923734,0.027793782120716277,0.001658374792703151,0.02497693927659988,0.03170847136772362,0.001658374792703151
246,"(583, 584)",0.029941093360923734,0.027065846761524306,0.001658374792703151,0.023828962831354633,0.03103608008646868,0.001658374792703151
247,"(584, 585)",0.029941093360923734,0.026375068343357025,0.001658374792703151,0.022716367342094795,0.030403872333988807,0.001658374792703151
248,"(585, 958)",0.029941093360923734,0.02571867269470272,0.001658374792703151,0.021625791767094886,0.02980869049384547,0.001658374792703151
249,"(496, 497)",0.04802210707642057,0.02366469133864448,0.001658374792703151,0.04608465861863004,0.030291613292140758,0.001658374792703151
250,"(497, 498)",0.04802210707642057,0.023127816665068558,0.001658374792703151,0.04710268189759962,0.030865303406444347,0.001658374792703151
251,"(498, 499)",0.04802210707642057,0.022614761476147615,0.001658374792703151,0.048157724593504425,0.03148085306324885,0.001658374792703151
252,"(499, 500)",0.04802210707642057,0.02212397497752747,0.001658374792703151,0.04925049523402387,0.03215056916637786,0.001658374792703151
253,"(500, 501)",0.04802210707642057,0.021654038136962688,0.001658374792703151,0.050371544797508584,0.03286372183012235,0.001658374792703151
254,"(501, 64)",0.04802210707642057,0.021203649981539112,0.0024875621890547263,0.05315289253971264,0.03362422282320796,0.0024875621890547263
255,"(64, 65)",0.05685454416766738,0.02940746159473299,0.003316749585406302,0.05911532464953255,0.034075497287522606,0.003316749585406302
256,"(65, 526)",0.05935552474197427,0.030203611410253198,0.0024875621890547263,0.06688338984505444,0.034614391090956056,0.0024875621890547263
257,"(526, 527)",0.05935552474197427,0.02932594105631748,0.001658374792703151,0.06605643441730369,0.03471302745955904,0.001658374792703151
258,"(527, 68)",0.05935552474197427,0.028497837850610837,0.001658374792703151,0.06634129998926415,0.03491907229927324,0.001658374792703151
259,"(68, 69)",0.09496714305285552,0.030469934310257706,0.003316749585406302,0.09340759489613089,0.0352312231602933,0.003316749585406302
260,"(69, 557)",0.08887691645417532,0.029576946658491723,0.001658374792703151,0.08905802391223439,0.035550053059780685,0.001658374792703151
261,"(557, 558)",0.08887691645417532,0.028734810578984988,0.001658374792703151,0.0895057949365831,0.03589392541444686,0.001658374792703151
262,"(558, 112)",0.08887691645417532,0.027939302675778988,0.0024875621890547263,0.09129026279107512,0.0362619520115461,0.0024875621890547263
263,"(112, 113)",0.06291153073465565,0.03132223463106771,0.003316749585406302,0.06571808521114028,0.03593242558770074,0.003316749585406302
264,"(113, 682)",0.07225909902506163,0.03188789000528821,0.0024875621890547263,0.07827157853862438,0.036190133237306445,0.0024875621890547263
265,"(682, 683)",0.07225909902506163,0.030915942474813506,0.001658374792703151,0.07608467050629321,0.03552596694847851,0.001658374792703151
266,"(687, 686)",0.0754000299356506,0.026429401065065417,0.001658374792703151,0.056511342516458535,0.034526195247638135,0.001658374792703151
267,"(686, 114)",0.0754000299356506,0.02575822298163178,0.001658374792703151,0.05723965791458557,0.035031662115842674,0.001658374792703151
268,"(114, 115)",0.10492593428742587,0.03183654074602043,0.003316749585406302,0.08123557428051549,0.03568258476832949,0.003316749585406302
269,"(115, 556)",0.0831818767970995,0.030862933770089057,0.001658374792703151,0.07300284666359302,0.03530548318159197,0.001658374792703151
270,"(556, 555)",0.0831818767970995,0.029947108340989795,0.001658374792703151,0.07253632922116675,0.034956521739130435,0.001658374792703151
271,"(555, 70)",0.08318187679709951,0.029084068875705398,0.0024875621890547263,0.07230370954206423,0.03463029432878679,0.0024875621890547263
272,"(70, 71)",0.06266372724321559,0.030827432836583932,0.003316749585406302,0.04650613813847685,0.034292538671519567,0.003316749585406302
273,"(71, 525)",0.06097346944965686,0.03020890736937027,0.0024875621890547263,0.046865202422563694,0.03401015228426396,0.0024875621890547263
274,"(525, 524)",0.06097346944965686,0.02933093367706788,0.001658374792703151,0.044647738114484976,0.03377205264631756,0.001658374792703151
275,"(524, 66)",0.06097346944965686,0.028502552467385138,0.0024875621890547263,0.044917068017504044,0.03365237045511622,0.0024875621890547263
276,"(66, 67)",0.06447353117787241,0.030319790828640385,0.003316749585406302,0.04136662760819619,0.03353633102527739,0.003316749585406302
277,"(67, 493)",0.05110872771707579,0.029662788695673563,0.0024875621890547263,0.03895551983837499,0.0328744718549816,0.0024875621890547263
278,"(493, 492)",0.05110872771707579,0.028824091778202676,0.001658374792703151,0.036332068045947595,0.032147141143542585,0.001658374792703151
279,"(492, 491)",0.05110872771707579,0.028031518025242314,0.001658374792703151,0.0352119359788904,0.03146442641342065,0.001658374792703151
280,"(491, 490)",0.05110872771707579,0.027281364520653304,0.001658374792703151,0.034119964498611495,0.030822705548598155,0.001658374792703151
281,"(490, 489)",0.05110872771707581,0.026570314393355218,0.001658374792703151,0.03306574144277824,0.03023238324434083,0.001658374792703151
282,"(489, 488)",0.05110872771707582,0.025895387786652926,0.001658374792703151,0.03204879823285806,0.029681770077034778,0.001658374792703151
283,"(401, 402)",0.011563895598081516,0.022939531698780744,0.001658374792703151,0.007266891917484097,0.02618096561306009,0.001658374792703151
284,"(402, 40)",0.011563895598081516,0.022430532306662202,0.001658374792703151,0.008296322909137175,0.026613116779945274,0.001658374792703151
285,"(40, 41)",0.02569930430833385,0.023847659725929882,0.003316749585406302,0.016638543002285473,0.02706949182977195,0.003316749585406302
286,"(41, 502)",0.01958120875566841,0.023299845440494592,0.001658374792703151,0.013612633872418496,0.02750535966792866,0.001658374792703151
287,"(502, 503)",0.01958120875566841,0.022776634119624543,0.001658374792703151,0.01461542142317164,0.02796975740989842,0.001658374792703151
288,"(503, 504)",0.01958120875566841,0.022276404743433446,0.001658374792703151,0.015645930473127023,0.02846353552041539,0.001658374792703151
289,"(504, 505)",0.01958120875566841,0.021797675637572976,0.001658374792703151,0.016703964415907376,0.02898899091389837,0.001658374792703151
290,"(505, 506)",0.01958120875566841,0.021339089815273552,0.001658374792703151,0.017806531052410396,0.029548684275003675,0.001658374792703151
291,"(506, 48)",0.01958120875566841,0.020899402131531065,0.0024875621890547263,0.019655269377110336,0.030268045376970185,0.0024875621890547263
292,"(48, 49)",0.01139706898021137,0.026504329480022855,0.003316749585406302,0.012488524428553966,0.030569567311348255,0.003316749585406302
293,"(49, 520)",0.016421394104245413,0.028254808706042217,0.0024875621890547263,0.014678943266771993,0.0311635959585519,0.0024875621890547263
294,"(520, 521)",0.016421394104245413,0.027485300150417065,0.001658374792703151,0.013382461781394843,0.031243523316062175,0.001658374792703151
295,"(521, 60)",0.016421394104245413,0.026756594857231603,0.0024875621890547263,0.013839812410998947,0.031410339888006254,0.0024875621890547263
296,"(60, 61)",0.002368172966426512,0.027644065465548068,0.0024875621890547263,0.0032677020739625023,0.03102969176143673,0.0024875621890547263
297,"(62, 63)",0.018272806421688544,0.027971703583439637,0.0024875621890547263,0.011938241142395127,0.030713594458309987,0.0024875621890547263
298,"(63, 523)",0.013419594381382918,0.027318443347075613,0.0024875621890547263,0.012276083516847388,0.030466855295068714,0.0024875621890547263
299,"(523, 522)",0.013419594381382923,0.026598442910390156,0.001658374792703151,0.011399741897054585,0.03027564392227745,0.001658374792703151
300,"(522, 50)",0.013419594381382934,0.025915420319752448,0.0024875621890547263,0.011434434032551974,0.030179424939315833,0.0024875621890547263
301,"(50, 51)",0.030081381933119097,0.0275405343685773,0.003316749585406302,0.02045975570117337,0.03012514675392801,0.003316749585406302
302,"(51, 511)",0.020156479015709834,0.02688663471184929,0.0024875621890547263,0.016940934672789846,0.02932594105631748,0.0024875621890547263
303,"(511, 510)",0.020156479015709834,0.02619233776387803,0.001658374792703151,0.015047046242425222,0.028755364806866954,0.001658374792703151
304,"(510, 509)",0.020156479015709834,0.025532995998560327,0.001658374792703151,0.013963851846747597,0.028225051488485302,0.001658374792703151
305,"(509, 508)",0.020156479015709834,0.02490603444715212,0.001658374792703151,0.012909252756393654,0.02772668751149531,0.001658374792703151
306,"(508, 507)",0.020156479015709834,0.024309124992441193,0.001658374792703151,0.011882178558864642,0.02725793327908869,0.001658374792703151
307,"(507, 42)",0.020156479015709834,0.02374015748031496,0.0024875621890547263,0.01106402007754237,0.026816685937916925,0.0024875621890547263
308,"(42, 43)",0.016019487624120064,0.024555616639179035,0.003316749585406302,0.006881908784706317,0.026381414883843025,0.003316749585406302
309,"(43, 405)",0.007330567081604426,0.024005732712289504,0.0024875621890547263,0.007978610099809146,0.025961165884530932,0.0024875621890547263
310,"(405, 404)",0.007330567081604426,0.02344889269117847,0.001658374792703151,0.006677514120947271,0.02554976484047286,0.001658374792703151
311,"(89, 90)",0.038254118985524305,0.028808255500083604,0.0024875621890547263,0.02751316591163405,0.03408994544478051,0.0024875621890547263
312,"(90, 87)",0.059012796781422544,0.02880343921662288,0.003316749585406302,0.06303667757650866,0.034890785476638216,0.003316749585406302
313,"(87, 85)",0.03789007934050357,0.030265007026701464,0.003316749585406302,0.04509768032531867,0.03519626440974755,0.003316749585406302
314,"(85, 433)",0.06066079592844117,0.031105723349926492,0.0024875621890547263,0.05650995775515056,0.03580016029922522,0.0024875621890547263
315,"(433, 432)",0.06066079592844117,0.03017564930190662,0.001658374792703151,0.05586082676700061,0.03593885031439044,0.001658374792703151
316,"(432, 81)",0.06066079592844117,0.029299579699229854,0.0024875621890547263,0.05784001436573392,0.03630124616218169,0.0024875621890547263
317,"(81, 82)",0.0657756091376371,0.03120068300002587,0.003316749585406302,0.06406638212523705,0.036210779162287945,0.003316749585406302
318,"(82, 452)",0.06498664939200831,0.030925455804292637,0.0024875621890547263,0.060609544076283335,0.036074302294277764,0.0024875621890547263
319,"(452, 453)",0.06498664939200828,0.030007464543418762,0.001658374792703151,0.05998384139232567,0.03592600315767524,0.001658374792703151
320,"(453, 454)",0.06498664939200827,0.029142401469202328,0.001658374792703151,0.059964560907124015,0.03590140509645154,0.001658374792703151
321,"(454, 77)",0.06498664939200824,0.028325817361894025,0.0024875621890547263,0.06147280542503307,0.0361218438314314,0.0024875621890547263
322,"(77, 78)",0.05029351754089074,0.03116842839790143,0.003316749585406302,0.046650553982354986,0.03592707340324118,0.003316749585406302
323,"(78, 73)",0.06903435066065877,0.0313376987839102,0.0024875621890547263,0.06515008283477162,0.03595170666269191,0.0024875621890547263
324,"(73, 74)",0.07661649526268287,0.031365409622886864,0.003316749585406302,0.07006225639695415,0.035755581250555904,0.003316749585406302
325,"(74, 554)",0.044767727220814374,0.03042151199455137,0.001658374792703151,0.045477471762295454,0.035317890297829974,0.001658374792703151
326,"(554, 553)",0.044767727220814374,0.029532765207170145,0.001658374792703151,0.04503920940990951,0.03499303621169916,0.001658374792703151
327,"(553, 552)",0.044767727220814395,0.028694472863974873,0.001658374792703151,0.04466484844061013,0.03471802400898178,0.001658374792703151
328,"(552, 65)",0.044767727220814395,0.027902457082041553,0.0024875621890547263,0.045256730053399974,0.034487689096056505,0.0024875621890547263
329,"(65, 66)",0.042266746646507494,0.03019756115882515,0.003316749585406302,0.03658305491680664,0.03389163669064748,0.003316749585406302
330,"(66, 515)",0.03876668491829214,0.030325890162945082,0.0024875621890547263,0.03699086843285367,0.03333333333333333,0.0024875621890547263
331,"(515, 514)",0.03876668491829214,0.029441203036886947,0.001658374792703151,0.03430365955401538,0.0324202263501707,0.001658374792703151
332,"(514, 49)",0.038766684918292146,0.028606670145642582,0.0024875621890547263,0.03326904114291122,0.031564070351758795,0.0024875621890547263
333,"(49, 50)",0.03374235979425816,0.02824951394907592,0.003316749585406302,0.02808439093653219,0.030734728204082674,0.003316749585406302
334,"(50, 519)",0.01708057224252183,0.027545566671234752,0.0024875621890547263,0.016338270790375153,0.029888475836431228,0.0024875621890547263
335,"(519, 518)",0.01708057224252183,0.02681370478244436,0.001658374792703151,0.014203422283882793,0.029072150037364703,0.001658374792703151
336,"(518, 53)",0.01708057224252183,0.02611972624101187,0.0024875621890547263,0.012771324614646461,0.028304543747653024,0.0024875621890547263
337,"(53, 54)",0.012076546726946183,0.025594770686984018,0.0024875621890547263,0.008017972139032008,0.02756760463574645,0.0024875621890547263
338,"(55, 52)",0.008462528299030436,0.024376932872475898,0.0024875621890547263,0.0033645125988706437,0.027218560982215402,0.0024875621890547263
339,"(52, 516)",0.017577986377144108,0.024095904095904095,0.0024875621890547263,0.01472011462105832,0.027941891985820533,0.0024875621890547263
340,"(516, 517)",0.017577986377144108,0.02353400331739682,0.001658374792703151,0.01622682633262406,0.02868969454753069,0.001658374792703151
341,"(517, 51)",0.017577986377144108,0.02299771167048055,0.0024875621890547263,0.01903431078445022,0.029484389898051487,0.0024875621890547263
342,"(51, 48)",0.02750288929455339,0.026878245559294835,0.003316749585406302,0.024113938291691863,0.030295418006430867,0.003316749585406302
343,"(48, 512)",0.035687029070010416,0.02650899019650943,0.0024875621890547263,0.03428625939753532,0.031112143022985837,0.0024875621890547263
344,"(512, 513)",0.035687029070010416,0.025830495405770097,0.001658374792703151,0.03556046551545165,0.03194363511151136,0.001658374792703151
345,"(513, 67)",0.035687029070010416,0.025185865842452592,0.0024875621890547263,0.03801031250671635,0.03283151389758528,0.0024875621890547263
346,"(67, 64)",0.04905183253080697,0.02964820414484844,0.003316749585406302,0.040145331389214674,0.033610166657376955,0.003316749585406302
347,"(64, 549)",0.040219395439560296,0.029414634146341462,0.0024875621890547263,0.03629020879877338,0.03391069620965021,0.0024875621890547263
348,"(549, 550)",0.0402193954395603,0.02858294029815372,0.001658374792703151,0.03551874072175707,0.03410440585939709,0.001658374792703151
349,"(550, 551)",0.040219395439560296,0.027796985202599916,0.001658374792703151,0.03591079575293713,0.03438444431772823,0.001658374792703151
350,"(551, 75)",0.040219395439560296,0.027053096749590614,0.0024875621890547263,0.03723486833688607,0.0347090312553963,0.0024875621890547263
351,"(75, 72)",0.03866337884204993,0.030678436061153367,0.003316749585406302,0.03525031488665567,0.03501538818883921,0.003316749585406302
352,"(72, 79)",0.08962643552071917,0.030261209946553583,0.0024875621890547263,0.0950108224967367,0.03546432982414868,0.0024875621890547263
353,"(79, 76)",0.1126278989275208,0.031365409622886864,0.003316749585406302,0.10562823630730946,0.035767245981374936,0.003316749585406302
354,"(76, 455)",0.06395385448739042,0.03042151199455137,0.001658374792703151,0.052560799384854334,0.035420582706766915,0.001658374792703151
355,"(455, 456)",0.06395385448739042,0.029532765207170145,0.001658374792703151,0.052511806718166354,0.035393555203380875,0.001658374792703151
356,"(456, 457)",0.06395385448739041,0.028694472863974873,0.001658374792703151,0.05261994335352167,0.035481023830538395,0.001658374792703151
357,"(457, 83)",0.06395385448739041,0.027902457082041553,0.0024875621890547263,0.05423588069054875,0.03568258476832949,0.0024875621890547263
358,"(83, 80)",0.06360382960029987,0.03111535385329859,0.003316749585406302,0.051164354865496996,0.035891788934853126,0.003316749585406302
359,"(80, 431)",0.05244320712008233,0.030324365099321095,0.0024875621890547263,0.04182714100976062,0.0354841557065937,0.0024875621890547263
360,"(431, 430)",0.05244320712008232,0.029439765653606738,0.001658374792703151,0.04003678597483767,0.03514293207448203,0.001658374792703151
361,"(430, 84)",0.05244320712008232,0.028605313092979128,0.001658374792703151,0.03983970119360746,0.03499912937489117,0.001658374792703151
362,"(84, 86)",0.08442025135946633,0.03134095634095634,0.003316749585406302,0.06368291171711714,0.03506017791732077,0.003316749585406302
363,"(86, 91)",0.06911506814213222,0.030393911136873408,0.0024875621890547263,0.053131200467608886,0.03437562352136363,0.0024875621890547263
364,"(91, 88)",0.029146171271024254,0.030265007026701464,0.0024875621890547263,0.018996403393759576,0.03361110336947131,0.0024875621890547263
365,"(576, 577)",0.05771532576202177,0.021586596978592398,0.001658374792703151,0.06863999974388597,0.03333425467812819,0.001658374792703151
366,"(577, 578)",0.05771532576202177,0.02113935144609991,0.001658374792703151,0.06976347411935768,0.03410344145010322,0.001658374792703151
367,"(578, 72)",0.05771532576202177,0.020710262398681137,0.0024875621890547263,0.07134121625520143,0.03493525680020857,0.0024875621890547263
368,"(72, 73)",0.006752269083352258,0.030258172968361894,0.0024875621890547263,0.01172745906048057,0.03500319266268068,0.0024875621890547263
369,"(74, 75)",0.031018892523196766,0.030413840062542555,0.0024875621890547263,0.01786034515910497,0.034899872670447966,0.0024875621890547263
370,"(75, 978)",0.032574909120707145,0.030694833290913718,0.0024875621890547263,0.019807845248057458,0.03428571428571429,0.0024875621890547263
371,"(978, 977)",0.03257490912070714,0.029798379126309546,0.001658374792703151,0.01776812097514296,0.033484188022322794,0.001658374792703151
372,"(977, 976)",0.032574909120707124,0.028952801651702116,0.001658374792703151,0.016634029855295964,0.03273526777231888,0.001658374792703151
373,"(976, 975)",0.032574909120707124,0.028153889252031,0.001658374792703151,0.01552829592860457,0.03203272331270419,0.001658374792703151
374,"(41, 42)",0.005288220033993243,0.023293545022598214,0.0024875621890547263,0.0035976413771467916,0.026418979605248746,0.0024875621890547263
375,"(42, 999)",0.009425211425583013,0.024560617477547196,0.0024875621890547263,0.005515291539478841,0.02630086797225978,0.0024875621890547263
376,"(999, 1000)",0.009425211425583013,0.02397804994432957,0.001658374792703151,0.0037114354880832816,0.025665581306263167,0.001658374792703151
377,"(1000, 1001)",0.009425211425583013,0.0234224785876595,0.001658374792703151,0.0022363158001595133,0.02506442763321972,0.001658374792703151
378,"(1001, 45)",0.009425211425583013,0.02289206939751718,0.0024875621890547263,0.0027292606115095364,0.024978252765005593,0.0024875621890547263
379,"(44, 536)",0.0046166126490644974,0.021809107020145393,0.001658374792703151,0.0021941051523153405,0.024109873852981748,0.001658374792703151
380,"(536, 537)",0.0046166126490644974,0.02134853339470004,0.001658374792703151,0.0029964479014025535,0.02465955097534045,0.001658374792703151
381,"(537, 538)",0.0046166126490644974,0.020907010609527772,0.001658374792703151,0.004548963267010125,0.02524121475962243,0.001658374792703151
382,"(538, 43)",0.0046166126490644974,0.02048338060702821,0.0024875621890547263,0.006321111011428798,0.02585541548752251,0.0024875621890547263
383,"(43, 40)",0.013305533191580135,0.02400095526190097,0.0024875621890547263,0.005292152329518397,0.026405097103321437,0.0024875621890547263
384,"(69, 70)",0.005260351080007982,0.029571144839761667,0.0024875621890547263,0.005883152265311431,0.03429839030771856,0.0024875621890547263
385,"(70, 948)",0.025778500633891647,0.030833738143328304,0.0024875621890547263,0.030275651268306003,0.03399385517377456,0.0024875621890547263
386,"(948, 949)",0.025778500633891647,0.02991961893420661,0.001658374792703151,0.028294448621924897,0.033044717229285404,0.001658374792703151
387,"(949, 61)",0.025778500633891647,0.02905814037539455,0.001658374792703151,0.026903268449546967,0.032155712571657113,0.001658374792703151
388,"(61, 62)",0.028976549118990287,0.028774575300629893,0.003316749585406302,0.027106314821997494,0.031321421151049245,0.003316749585406302
389,"(62, 545)",0.009873867178629673,0.0279768947038764,0.001658374792703151,0.010812187901281571,0.030418442757333467,0.001658374792703151
390,"(545, 546)",0.009873867178629673,0.02722224730260485,0.001658374792703151,0.009252283412659667,0.029573320255026975,0.001658374792703151
391,"(546, 57)",0.009873867178629673,0.026507242235751807,0.001658374792703151,0.007704352252416614,0.028779381935329914,0.001658374792703151
392,"(57, 58)",0.011543251928462804,0.026007073233848012,0.0024875621890547263,0.006435562496549287,0.028034776140220374,0.0024875621890547263
393,"(59, 56)",0.006209615821308396,0.024724260937307802,0.0024875621890547263,0.0009334335444036493,0.027797625907571743,0.0024875621890547263
394,"(56, 544)",0.014185051820525907,0.025057136920839395,0.0024875621890547263,0.00832356380264132,0.02857007486022932,0.0024875621890547263
395,"(544, 543)",0.014185051820525907,0.024450076026355804,0.001658374792703151,0.009778489775458919,0.029352349891693236,0.001658374792703151
396,"(543, 63)",0.014185051820525907,0.023871733966745842,0.0024875621890547263,0.011810109821179015,0.030184712419282174,0.0024875621890547263
397,"(63, 60)",0.019038263860831524,0.027313493681206686,0.003316749585406302,0.012551642019211143,0.03100974518526137,0.003316749585406302
398,"(60, 547)",0.033091484998650424,0.02764913567793113,0.0024875621890547263,0.02400589892922236,0.03189294970116888,0.0024875621890547263
399,"(547, 548)",0.033091484998650424,0.026911833619708565,0.001658374792703151,0.025121801455485322,0.032767287053389486,0.001658374792703151
400,"(548, 71)",0.033091484998650424,0.02621283255086072,0.0024875621890547263,0.027378764295973697,0.03370221327967807,0.0024875621890547263
401,"(71, 68)",0.03478174279220912,0.030202854996243426,0.0024875621890547263,0.02514224334066704,0.03437268426152881,0.0024875621890547263
402,"(45, 46)",0.0019377524548763788,0.02246604944021162,0.0024875621890547263,0.0004706142585122595,0.02438679149899905,0.0024875621890547263
403,"(47, 44)",0.010885406989946533,0.022289991682838923,0.0024875621890547263,0.002765516120321251,0.024468926897559196,0.0024875621890547263
404,"(44, 45)",0.005438918822209836,0.021805163809937078,0.0024875621890547263,0.0029735527843815653,0.024841905782025667,0.0024875621890547263
405,"(45, 528)",0.01292637779291647,0.02247107268628072,0.0024875621890547263,0.007370522823355596,0.02536597677940434,0.0024875621890547263
406,"(528, 529)",0.01292637779291647,0.021983230040102077,0.001658374792703151,0.008355284709922717,0.025770332065472884,0.001658374792703151
407,"(529, 530)",0.01292637779291647,0.021516119248541507,0.001658374792703151,0.009409946853332003,0.026199165797705943,0.001658374792703151
408,"(530, 531)",0.01292637779291647,0.0210684462457636,0.001658374792703151,0.010503697731062217,0.02665428988197852,0.001658374792703151
409,"(531, 52)",0.01292637779291647,0.02063902247017952,0.0024875621890547263,0.012148461286032513,0.02723577235772358,0.0024875621890547263
410,"(52, 53)",0.0038109197148027876,0.02409205321826681,0.003316749585406302,0.004123423285641897,0.027448392015840862,0.003316749585406302
411,"(53, 539)",0.00881494523037844,0.02559911697904948,0.0024875621890547263,0.006473011838712523,0.02795095835168146,0.0024875621890547263
412,"(539, 541)",0.008814945230378443,0.024965842752453112,0.001658374792703151,0.005846731481463221,0.02801523880319643,0.001658374792703151
413,"(541, 56)",0.008814945230378441,0.024363144178905477,0.0024875621890547263,0.0062845639484604135,0.0281492892654576,0.0024875621890547263
414,"(56, 57)",0.0008395092311609312,0.0250529727034775,0.0024875621890547263,0.0007808414296793649,0.027826488232579605,0.0024875621890547263
415,"(58, 59)",0.011543251928462804,0.02534944823962165,0.0024875621890547263,0.004498636660511257,0.02752670501232539,0.0024875621890547263
416,"(59, 542)",0.004503760588482209,0.024728316588066436,0.001658374792703151,0.0035764289007499533,0.0273122565449769,0.001658374792703151
417,"(542, 540)",0.004503760588482209,0.024136895827078956,0.001658374792703151,0.003236398353216125,0.027158492095662748,0.001658374792703151
418,"(540, 54)",0.004503760588482209,0.023573103987490227,0.001658374792703151,0.0030529959145615937,0.027081041025756182,0.001658374792703151
419,"(54, 55)",0.01741018283410059,0.024984462399005595,0.003316749585406302,0.010462367492355292,0.02706038099939417,0.003316749585406302
420,"(55, 535)",0.008117779016397954,0.024382847091647966,0.001658374792703151,0.006733272742296007,0.026389496717724288,0.001658374792703151
421,"(535, 534)",0.008117779016397954,0.023809523809523808,0.001658374792703151,0.005507840076946771,0.025929907546764136,0.001658374792703151
422,"(534, 533)",0.008117779016397954,0.02326254267692842,0.001658374792703151,0.004429266229024643,0.025498985115020297,0.001658374792703151
423,"(533, 532)",0.008117779016397954,0.022740128973865823,0.001658374792703151,0.0033784619396414156,0.025092588739544754,0.001658374792703151
424,"(532, 46)",0.008117779016397954,0.022240663900414938,0.001658374792703151,0.0023551825430831183,0.02470906408785445,0.001658374792703151
425,"(46, 47)",0.010885406989946533,0.02279686968356584,0.0024875621890547263,0.0015989161581256108,0.024346913231315864,0.0024875621890547263
426,"(76, 77)",0.04784416892145878,0.030413840062542555,0.0024875621890547263,0.04858526237875252,0.03586297133341263,0.0024875621890547263
427,"(77, 477)",0.06253730077257669,0.031181322232851565,0.0024875621890547263,0.06391327867405186,0.03636253995055177,0.0024875621890547263
428,"(477, 476)",0.06253730077257669,0.030252859723058398,0.001658374792703151,0.06250784970455278,0.03640534911099707,0.001658374792703151
429,"(476, 475)",0.06253730077257667,0.029378090667706025,0.001658374792703151,0.06269968596101749,0.03655653228250985,0.001658374792703151
430,"(475, 474)",0.06253730077257667,0.02855248828069511,0.001658374792703151,0.06304704834214256,0.036808692467342204,0.001658374792703151
431,"(474, 473)",0.06253730077257667,0.0277720207253886,0.001658374792703151,0.06351434332752827,0.03721188558733685,0.001658374792703151
432,"(473, 472)",0.06253730077257667,0.027033085268537614,0.001658374792703151,0.06404552550112078,0.03765925555833125,0.001658374792703151
433,"(472, 108)",0.06253730077257667,0.02633245267363916,0.0024875621890547263,0.06528424397479135,0.0381464494701882,0.0024875621890547263
434,"(108, 109)",0.0416837501224694,0.03257434567701159,0.003316749585406302,0.051003693221983684,0.03813318155947638,0.003316749585406302
435,"(109, 645)",0.04516943373758877,0.033050150726226364,0.0024875621890547263,0.05357937262110468,0.038033365921347255,0.0024875621890547263
436,"(645, 646)",0.04516943373758877,0.032005520023353946,0.001658374792703151,0.0517640409725683,0.037553714890701875,0.001658374792703151
437,"(646, 647)",0.04516943373758877,0.03102490224325993,0.001658374792703151,0.051565057617704704,0.03740810819194144,0.001658374792703151
438,"(647, 118)",0.04516943373758877,0.030102588423233406,0.001658374792703151,0.05142659310814955,0.037291280148423006,0.001658374792703151
439,"(118, 957)",0.05122094198702848,0.03124433275473458,0.0024875621890547263,0.058072485456396025,0.0371935235158057,0.0024875621890547263
440,"(957, 120)",0.05122094198702848,0.03030150753768844,0.0024875621890547263,0.0583750809576334,0.036977984914453914,0.0024875621890547263
441,"(120, 663)",0.021168133514080135,0.029423963695805987,0.001658374792703151,0.04417923258229862,0.03657648914230256,0.001658374792703151
442,"(663, 664)",0.021168133514080135,0.028595817328211693,0.001658374792703151,0.043888135392706355,0.03636363636363636,0.001658374792703151
443,"(664, 665)",0.021168133514080135,0.027813011692534768,0.001658374792703151,0.043658235810605135,0.03617927641447171,0.001658374792703151
444,"(665, 666)",0.021168133514080135,0.02707192242075963,0.001658374792703151,0.043519637549135744,0.03606675040373228,0.001658374792703151
445,"(666, 667)",0.021168133514080135,0.02636930141029846,0.001658374792703151,0.04347224885865546,0.03602903832939981,0.001658374792703151
446,"(668, 669)",0.02616309875243424,0.026517733459398844,0.001658374792703151,0.02397081991856242,0.03528895391367959,0.001658374792703151
447,"(669, 670)",0.02616309875243424,0.02584322633180474,0.001658374792703151,0.024021066161290204,0.035325131810193325,0.001658374792703151
448,"(670, 671)",0.02616309875243424,0.025202181681399285,0.001658374792703151,0.02416148693022924,0.03543307086614173,0.001658374792703151
449,"(671, 672)",0.02616309875243424,0.024592169657422513,0.001658374792703151,0.02440634833591816,0.035609885729471165,0.001658374792703151
450,"(672, 121)",0.02616309875243424,0.024010990104923646,0.0024875621890547263,0.02848460107157403,0.036019353682575715,0.0024875621890547263
451,"(121, 956)",0.028077799109569708,0.02939742589703588,0.0024875621890547263,0.03152109109130266,0.03615866638683177,0.0024875621890547263
452,"(956, 119)",0.028077799109569708,0.028561278863232682,0.0024875621890547263,0.032687386267905905,0.03639326453014666,0.0024875621890547263
453,"(119, 650)",0.0346948521569194,0.028507942511346446,0.0024875621890547263,0.03822057218670128,0.03680307607800055,0.0024875621890547263
454,"(650, 649)",0.0346948521569194,0.027727324979882745,0.001658374792703151,0.037928784780797656,0.03691686053630464,0.001658374792703151
455,"(649, 648)",0.0346948521569194,0.026988318489012217,0.001658374792703151,0.038134846594203325,0.03705866084872323,0.001658374792703151
456,"(648, 110)",0.0346948521569194,0.026287682280881488,0.0024875621890547263,0.0397783015259717,0.03755956273941886,0.0024875621890547263
457,"(110, 111)",0.047119548120146765,0.032758386527230746,0.003316749585406302,0.04384833425606165,0.0379543666404406,0.003316749585406302
458,"(111, 564)",0.040912421007898,0.03268115549292721,0.0024875621890547263,0.04150790202085562,0.03769456773144965,0.0024875621890547263
459,"(564, 481)",0.040912421007898,0.03166268476463021,0.001658374792703151,0.03989770711467968,0.03721877603925562,0.001658374792703151
460,"(481, 480)",0.04091242100789799,0.0307057745187901,0.001658374792703151,0.03936641933963145,0.036781749420519705,0.001658374792703151
461,"(480, 479)",0.04091242100789799,0.029805007043471814,0.001658374792703151,0.038897477631347044,0.03638777419062849,0.001658374792703151
462,"(479, 478)",0.040912421007897985,0.028955582232893157,0.001658374792703151,0.038540708692054414,0.03610021851707726,0.001658374792703151
463,"(478, 570)",0.040912421007897985,0.028153232019048954,0.001658374792703151,0.038304832340335805,0.03590461162880705,0.001658374792703151
464,"(570, 78)",0.040912421007897985,0.027394148646192985,0.0024875621890547263,0.038610237647989654,0.03583313525077252,0.0024875621890547263
465,"(78, 79)",0.02217158788812963,0.03133444190397007,0.0024875621890547263,0.016778867677245263,0.03557627068645093,0.0024875621890547263
466,"(80, 81)",0.02794415525433674,0.03031826637840012,0.003316749585406302,0.0322023909236081,0.03605488953331938,0.003316749585406302
467,"(81, 444)",0.022829342045140654,0.031211987887885297,0.0024875621890547263,0.02679490255633382,0.036288138653186496,0.0024875621890547263
468,"(444, 445)",0.022829342045140654,0.03028020488098825,0.001658374792703151,0.025405001691137314,0.03636363636363636,0.001658374792703151
469,"(445, 446)",0.022829342045140654,0.029402442889533607,0.001658374792703151,0.02563899108307142,0.0365498848345254,0.001658374792703151
470,"(446, 447)",0.022829342045140665,0.028574136378713928,0.001658374792703151,0.02603323651767523,0.036871713342301576,0.001658374792703151
471,"(447, 955)",0.022829342045140665,0.02779122018665745,0.001658374792703151,0.026513201836310275,0.037269384097159984,0.001658374792703151
472,"(955, 100)",0.022829342045140654,0.02705006280279921,0.0024875621890547263,0.027685188590770026,0.03772522522522523,0.0024875621890547263
473,"(100, 101)",0.01602063449465444,0.03196056606773732,0.003316749585406302,0.022745602508681573,0.0380129861942886,0.003316749585406302
474,"(101, 104)",0.026694558558062617,0.03271661874016602,0.0024875621890547263,0.03423900190752375,0.038468899521531104,0.0024875621890547263
475,"(104, 105)",0.09079380614247769,0.03290407071919677,0.003316749585406302,0.08582240802929633,0.038992531281321734,0.003316749585406302
476,"(105, 639)",0.07560625840399168,0.03186682520808561,0.001658374792703151,0.0721245491786804,0.03876442415865771,0.001658374792703151
477,"(639, 640)",0.07560625840399168,0.030892976074593986,0.001658374792703151,0.07194046771985237,0.038598175708113296,0.001658374792703151
478,"(640, 641)",0.07560625840399168,0.029976883497800203,0.001658374792703151,0.07183112945213588,0.03850205918973278,0.001658374792703151
479,"(641, 138)",0.07560625840399168,0.029113557358053304,0.0024875621890547263,0.0727213523030373,0.03851927560765275,0.0024875621890547263
480,"(138, 140)",0.06332929806191108,0.031962260150535354,0.003316749585406302,0.06937518526639425,0.0383587786259542,0.003316749585406302
481,"(140, 678)",0.07118242523379707,0.032766396783133186,0.0024875621890547263,0.07877988239491547,0.03819840364880274,0.0024875621890547263
482,"(678, 679)",0.07118242523379707,0.03174770316160792,0.001658374792703151,0.07774078765660335,0.03793049221575719,0.001658374792703151
483,"(679, 680)",0.07118242523379707,0.03079044117647059,0.001658374792703151,0.07746416814841728,0.03769456773144965,0.001658374792703151
484,"(680, 681)",0.07118242523379707,0.029889216585293317,0.001658374792703151,0.07721831644602431,0.03748717789313357,0.001658374792703151
485,"(681, 764)",0.07118242523379707,0.0290392487358536,0.001658374792703151,0.07701224473973622,0.037315510999721524,0.001658374792703151
486,"(764, 765)",0.07118242523379707,0.028236285734354147,0.001658374792703151,0.07685664884646308,0.037188935829041904,0.001658374792703151
487,"(677, 676)",0.013692946058091286,0.022610097677121806,0.001658374792703151,0.014404909404176876,0.03627831423156755,0.001658374792703151
488,"(676, 675)",0.013692946058091286,0.02212397497752747,0.001658374792703151,0.01459987739502026,0.03643284393692224,0.001658374792703151
489,"(675, 674)",0.013692946058091286,0.02165831582350089,0.001658374792703151,0.01484911338809929,0.036629814117361194,0.001658374792703151
490,"(674, 673)",0.013692946058091286,0.021211854718142645,0.001658374792703151,0.015216992137755828,0.03687960612825296,0.001658374792703151
491,"(673, 141)",0.013692946058091286,0.020783428404018818,0.001658374792703151,0.015819365432246407,0.0374162323157111,0.001658374792703151
492,"(141, 139)",0.05823604721604367,0.03203017104005099,0.003316749585406302,0.05001704355243344,0.038240796524717,0.003316749585406302
493,"(139, 642)",0.04545520729393905,0.03104646672673446,0.001658374792703151,0.04144500400221966,0.038134387351778654,0.001658374792703151
494,"(642, 643)",0.04545520729393905,0.03012138468454968,0.001658374792703151,0.0415207466090826,0.03820082356667723,0.001658374792703151
495,"(643, 644)",0.04545520729393905,0.02924983628822973,0.001658374792703151,0.041642134663213586,0.03830638757424642,0.001658374792703151
496,"(644, 106)",0.04545520729393905,0.02842730529888742,0.0024875621890547263,0.04252616878921824,0.03848117421825144,0.0024875621890547263
497,"(106, 107)",0.005858902811897179,0.03212573255194459,0.003316749585406302,0.012626144150978442,0.038136799165164596,0.003316749585406302
498,"(107, 102)",0.016529776199683974,0.03282436515064914,0.0024875621890547263,0.021053031213983338,0.03811871799734497,0.0024875621890547263
499,"(102, 103)",0.041787366854355495,0.03290407071919677,0.003316749585406302,0.03396566052195425,0.037951977845611606,0.003316749585406302
500,"(103, 954)",0.028802108728204302,0.03187019370524035,0.001658374792703151,0.02439115234000754,0.03745806932538204,0.001658374792703151
501,"(954, 451)",0.0288021087282043,0.030899308224442736,0.001658374792703151,0.023853958181707262,0.037008623070549605,0.001658374792703151
502,"(451, 450)",0.0288021087282043,0.02998582759392327,0.001658374792703151,0.023374795672446266,0.03661646830216177,0.001658374792703151
503,"(450, 449)",0.0288021087282043,0.029124806800618238,0.001658374792703151,0.022946554214911485,0.03627285851780558,0.001658374792703151
504,"(449, 448)",0.0288021087282043,0.02831185294739066,0.001658374792703151,0.02263885590855882,0.03601074947745596,0.001658374792703151
505,"(448, 82)",0.02880210872820431,0.02754305029004705,0.0024875621890547263,0.02408947517835514,0.036009674240840825,0.0024875621890547263
506,"(82, 83)",0.029591068473833172,0.03091752762324711,0.003316749585406302,0.029013844214678307,0.03567097518412257,0.003316749585406302
507,"(105, 106)",0.014357672219813794,0.03185840707964602,0.0024875621890547263,0.016859827631457575,0.03833926754832147,0.0024875621890547263
508,"(106, 467)",0.053953976701855706,0.03213429256594724,0.0024875621890547263,0.04848666466081263,0.03841376015289059,0.0024875621890547263
509,"(467, 468)",0.05395397670185569,0.031144281176561733,0.001658374792703151,0.048020798770743243,0.03814886280960365,0.001658374792703151
510,"(468, 471)",0.05395397670185569,0.030213448241306746,0.001658374792703151,0.047896184640889676,0.03810185770251485,0.001658374792703151
511,"(471, 109)",0.05395397670185569,0.029336641611325986,0.0024875621890547263,0.04923370934057888,0.038197193804833246,0.0024875621890547263
512,"(109, 110)",0.05046829308673627,0.03303928551860172,0.003316749585406302,0.046557965396444474,0.03818872704243192,0.003316749585406302
513,"(110, 565)",0.038043597123509,0.03277084861824407,0.0024875621890547263,0.04164570673863594,0.03783529411764706,0.0024875621890547263
514,"(565, 566)",0.03804359712350901,0.031745196104237955,0.001658374792703151,0.03947478794608101,0.037333993746710835,0.001658374792703151
515,"(566, 567)",0.03804359712350902,0.030781796370504606,0.001658374792703151,0.038980157715916446,0.03691460055096419,0.001658374792703151
516,"(567, 568)",0.038043597123509035,0.029875148632580263,0.001658374792703151,0.038594610466089245,0.03659313651121158,0.001658374792703151
517,"(568, 569)",0.03804359712350905,0.029020381644488294,0.001658374792703151,0.038369467250969805,0.03640754716981132,0.001658374792703151
518,"(569, 113)",0.038043597123509056,0.02821316614420063,0.0024875621890547263,0.039037381281858914,0.03636802267724134,0.0024875621890547263
519,"(113, 114)",0.02869602883310287,0.0318760902891579,0.0024875621890547263,0.02384055656917845,0.03588431325874792,0.0024875621890547263
520,"(115, 112)",0.02091418197165395,0.030856616518268345,0.0024875621890547263,0.009717949528807954,0.035753461207791055,0.0024875621890547263
521,"(112, 559)",0.04687956769117356,0.031333627789758116,0.0024875621890547263,0.03836909607405804,0.03624887285843102,0.0024875621890547263
522,"(559, 560)",0.046879567691173574,0.03039467715106608,0.001658374792703151,0.03788753111443034,0.0362968759405285,0.001658374792703151
523,"(560, 561)",0.04687956769117356,0.02951036288447892,0.001658374792703151,0.03812233603372545,0.03649679215591333,0.001658374792703151
524,"(561, 562)",0.04687956769117356,0.028676050979646185,0.001658374792703151,0.038525024707774067,0.036832300033594965,0.001658374792703151
525,"(562, 563)",0.04687956769117356,0.027887617065556713,0.001658374792703151,0.03903368829286426,0.03726823238566131,0.001658374792703151
526,"(563, 111)",0.04687956769117356,0.02714137822388261,0.0024875621890547263,0.041103345005579786,0.03777840428531153,0.0024875621890547263
527,"(111, 108)",0.053086694803422506,0.03266699171136031,0.003316749585406302,0.04344522112993596,0.038011788066946134,0.003316749585406302
528,"(108, 470)",0.07394024545352985,0.032583146462053875,0.0024875621890547263,0.05804852415611642,0.03815127645439879,0.0024875621890547263
529,"(470, 469)",0.07394024545352985,0.03156572266136209,0.001658374792703151,0.057181575015405904,0.03808260704812429,0.001658374792703151
530,"(469, 466)",0.07394024545352985,0.030609913957207035,0.001658374792703151,0.05734646480097119,0.03824686033236078,0.001658374792703151
531,"(466, 107)",0.07394024545352985,0.029710287741426884,0.0024875621890547263,0.058507686020277526,0.03853035143769968,0.0024875621890547263
532,"(107, 104)",0.06326937206574285,0.032820791944482244,0.0024875621890547263,0.049094024604033434,0.03856608359182629,0.0024875621890547263
533,"(86, 87)",0.014475307698661856,0.030390847466169393,0.0024875621890547263,0.012292104360070239,0.03481323249235033,0.0024875621890547263
534,"(87, 434)",0.03559802513958093,0.030274883896071293,0.0024875621890547263,0.03170853787786647,0.03499912937489117,0.0024875621890547263
535,"(434, 435)",0.03559802513958093,0.02939670932358318,0.001658374792703151,0.03087346737933735,0.03506935357236326,0.001658374792703151
536,"(435, 436)",0.03559802513958093,0.028568044533933436,0.001658374792703151,0.031106096960143072,0.035242548217416715,0.001658374792703151
537,"(436, 437)",0.03559802513958093,0.027784817417348232,0.001658374792703151,0.03149980450750146,0.03554167157845102,0.001658374792703151
538,"(437, 438)",0.03559802513958093,0.027043390514631685,0.001658374792703151,0.031979769826136484,0.03591102641217282,0.001658374792703151
539,"(438, 96)",0.03559802513958093,0.026340504532051983,0.0024875621890547263,0.033187579935382024,0.03633405639913232,0.0024875621890547263
540,"(96, 97)",0.04776709088067232,0.03218231307039547,0.003316749585406302,0.04042616766033473,0.03672015345735773,0.003316749585406302
541,"(97, 601)",0.04748530479037693,0.031521994824747115,0.0024875621890547263,0.04371836451362147,0.036573161485974226,0.0024875621890547263
542,"(601, 602)",0.04748530479037693,0.030570342205323193,0.001658374792703151,0.04327377230967495,0.036436146107133145,0.001658374792703151
543,"(602, 603)",0.04748530479037693,0.029674466671587806,0.001658374792703151,0.04316878956828916,0.03635486690983631,0.001658374792703151
544,"(603, 604)",0.04748530479037693,0.02882960413080895,0.001658374792703151,0.043102425085624424,0.03630124616218169,0.001658374792703151
545,"(604, 142)",0.04748530479037693,0.028031518025242314,0.0024875621890547263,0.04396302326448848,0.03644605621033545,0.0024875621890547263
546,"(142, 144)",0.061948085683919116,0.0324019344438474,0.003316749585406302,0.049773561066307315,0.03674924581771643,0.003316749585406302
547,"(144, 783)",0.056925297366401076,0.03162697996433442,0.0024875621890547263,0.04626887959889274,0.036484646800786565,0.0024875621890547263
548,"(783, 784)",0.05692529736640107,0.03067219410463135,0.001658374792703151,0.045287723688132,0.0362510520620416,0.001658374792703151
549,"(781, 782)",0.11471362493430573,0.025992499676710204,0.001658374792703151,0.06590726751148467,0.036898788397992904,0.001658374792703151
550,"(782, 145)",0.11471362493430573,0.025344121046548283,0.0024875621890547263,0.066929786870666,0.03723486368828923,0.0024875621890547263
551,"(145, 143)",0.08452337913992279,0.032106916564613175,0.003316749585406302,0.0561763766746101,0.037154564219476875,0.003316749585406302
552,"(143, 608)",0.08020052590953257,0.032870887732017774,0.0024875621890547263,0.05338053661111783,0.03735596580349399,0.0024875621890547263
553,"(608, 607)",0.08020052590953257,0.03183738120380148,0.001658374792703151,0.05229503209766684,0.03720384995064166,0.001658374792703151
554,"(607, 606)",0.08020052590953257,0.03086688336617952,0.001658374792703151,0.052368663271192745,0.037265929176194305,0.001658374792703151
555,"(606, 605)",0.08020052590953257,0.029953802593015746,0.001658374792703151,0.052483786135433086,0.037358280156124156,0.001658374792703151
556,"(605, 99)",0.08020052590953257,0.02909318987769281,0.0024875621890547263,0.05312855942628456,0.03749766805546919,0.0024875621890547263
557,"(99, 98)",0.0595941833940637,0.03212915601023018,0.003316749585406302,0.042494218175967755,0.0371935235158057,0.003316749585406302
558,"(98, 443)",0.05391788530864938,0.03283866575901974,0.0024875621890547263,0.03757849497833448,0.03704613872335197,0.0024875621890547263
559,"(443, 442)",0.053917885308649396,0.03180883051115683,0.001658374792703151,0.036045536370833346,0.03660646532098953,0.001658374792703151
560,"(442, 441)",0.0539178853086494,0.030841623404853847,0.001658374792703151,0.03556568573925175,0.036222742836547125,0.001658374792703151
561,"(441, 440)",0.0539178853086494,0.029931500049637644,0.001658374792703151,0.03513675615939631,0.035886448848419926,0.001658374792703151
562,"(440, 439)",0.0539178853086494,0.029073551746582774,0.001658374792703151,0.03482844064569704,0.035629874734105414,0.001658374792703151
563,"(439, 85)",0.0539178853086494,0.02826341692055308,0.0024875621890547263,0.035581661147076823,0.03562355999291073,0.0024875621890547263
564,"(85, 84)",0.031147168720711795,0.03109930632558859,0.0024875621890547263,0.02317229084723733,0.03515522518583297,0.0024875621890547263
565,"(590, 591)",0.04123360671450108,0.027264711866705853,0.001658374792703151,0.02866803723098799,0.03264311814859927,0.001658374792703151
566,"(591, 592)",0.04123360671450108,0.02654984149348362,0.001658374792703151,0.029078127550865477,0.032907662082514735,0.001658374792703151
567,"(592, 92)",0.04123360671450109,0.02587150058993886,0.001658374792703151,0.0295105436171454,0.03319113802119169,0.001658374792703151
568,"(92, 93)",0.052286961425501176,0.029726398816859748,0.003316749585406302,0.03936818215604124,0.03349441759706716,0.003316749585406302
569,"(93, 610)",0.03938920952112264,0.028881385156979668,0.001658374792703151,0.03442642253335978,0.03271484375,0.001658374792703151
570,"(610, 612)",0.03938920952112264,0.028083084947839045,0.001658374792703151,0.03360625858425545,0.03226842189757585,0.001658374792703151
571,"(612, 614)",0.03938920952112263,0.02732772880741429,0.001658374792703151,0.03316580801367993,0.03204634230595488,0.001658374792703151
572,"(614, 615)",0.03938920952112263,0.026611942274592876,0.001658374792703151,0.03299501289150065,0.03195379153198029,0.001658374792703151
573,"(615, 618)",0.039389209521122626,0.025932695409095798,0.001658374792703151,0.03289154580655093,0.03189210630702102,0.001658374792703151
574,"(618, 146)",0.03938920952112261,0.02528725991780592,0.001658374792703151,0.03282798380878032,0.03185251703555016,0.001658374792703151
575,"(146, 619)",0.05417007696811999,0.028740973761349826,0.0024875621890547263,0.038320558456105616,0.03195379153198029,0.0024875621890547263
576,"(619, 148)",0.05417007696811999,0.02794124461331727,0.0024875621890547263,0.04210497961670657,0.031871878220883214,0.0024875621890547263
577,"(148, 799)",0.04006106921756892,0.027201371346084444,0.001658374792703151,0.039791360917004095,0.03140706789239303,0.001658374792703151
578,"(799, 800)",0.040061069217568905,0.026499670402109425,0.001658374792703151,0.03911339724830555,0.03100974518526137,0.001658374792703151
579,"(800, 801)",0.040061069217568905,0.025833261931282665,0.001658374792703151,0.038583904846375194,0.03070186604210687,0.001658374792703151
580,"(795, 794)",0.04709587149545039,0.021775635122691078,0.001658374792703151,0.033559626863693,0.03143408226033467,0.001658374792703151
581,"(794, 793)",0.04709587149545039,0.02132362041833902,0.001658374792703151,0.03398542769968357,0.031689308143048586,0.001658374792703151
582,"(793, 792)",0.04709587149545039,0.02088998978018742,0.001658374792703151,0.03451501316971204,0.03201741577508164,0.001658374792703151
583,"(792, 149)",0.04709587149545039,0.020473644003055767,0.0024875621890547263,0.03623050793155173,0.032441156691324816,0.0024875621890547263
584,"(149, 620)",0.04402168502806394,0.027884393063583816,0.0024875621890547263,0.0353729217932559,0.03236801846533723,0.0024875621890547263
585,"(620, 147)",0.04402168502806394,0.02713099817776878,0.0024875621890547263,0.03721417028746505,0.03254182406907717,0.0024875621890547263
586,"(147, 617)",0.04415869018210013,0.027835479850436228,0.0024875621890547263,0.04195575648562544,0.032932823593664666,0.0024875621890547263
587,"(617, 616)",0.04415869018210013,0.027093208725540854,0.001658374792703151,0.041581604708385365,0.03297604724926173,0.001658374792703151
588,"(616, 613)",0.04415869018210013,0.026389496717724288,0.001658374792703151,0.041688011356564476,0.03304290646062798,0.001658374792703151
589,"(613, 611)",0.04415869018210013,0.025721415317678676,0.001658374792703151,0.04187778131997659,0.03314370516942864,0.001658374792703151
590,"(611, 609)",0.04415869018210013,0.025086325248575115,0.001658374792703151,0.04236041030511739,0.03343591449721368,0.001658374792703151
591,"(609, 94)",0.04415869018210013,0.02448184161913075,0.0024875621890547263,0.044468383117138785,0.03410344145010322,0.0024875621890547263
592,"(94, 95)",0.04201305597416332,0.0288,0.003316749585406302,0.04587856567367719,0.0338497810710677,0.003316749585406302
593,"(95, 596)",0.04426089928412334,0.02942539953641576,0.0024875621890547263,0.050578050144664724,0.03408416471186728,0.0024875621890547263
594,"(596, 595)",0.04426089928412334,0.028594461305007587,0.001658374792703151,0.04984623639992269,0.03378529807261318,0.001658374792703151
595,"(595, 594)",0.04426089928412334,0.027809163649779787,0.001658374792703151,0.04944972315339878,0.033506515155724725,0.001658374792703151
596,"(93, 94)",0.01206787638570632,0.028870322935867665,0.0024875621890547263,0.009194603239348384,0.03398044574680905,0.0024875621890547263
597,"(94, 597)",0.014213510593643126,0.028808255500083604,0.0024875621890547263,0.012888351349421552,0.03417592382679664,0.0024875621890547263
598,"(597, 598)",0.014213510593643126,0.028011334603056628,0.001658374792703151,0.012756220938812856,0.03423218847573091,0.001658374792703151
599,"(598, 599)",0.014213510593643126,0.027257317210984292,0.001658374792703151,0.013251899432305791,0.03455587392550143,0.001658374792703151
600,"(599, 600)",0.014213510593643126,0.026542829474425565,0.001658374792703151,0.014245023411223228,0.035308584143342314,0.001658374792703151
601,"(600, 97)",0.014213510593643126,0.025864842258777103,0.0024875621890547263,0.016624154029544033,0.03625977149729405,0.0024875621890547263
602,"(97, 99)",0.014495296683938537,0.031512110997883515,0.003316749585406302,0.015936522782140188,0.03684242683448402,0.003316749585406302
603,"(99, 485)",0.03510163919940757,0.03213600511617992,0.0024875621890547263,0.025872621258967332,0.03759586009102812,0.0024875621890547263
604,"(485, 484)",0.03510163919940758,0.031144281176561733,0.001658374792703151,0.025000989252640455,0.03775002347638276,0.001658374792703151
605,"(484, 101)",0.03510163919940759,0.03021193446565459,0.0024875621890547263,0.026406394401457922,0.03815127645439879,0.0024875621890547263
606,"(101, 102)",0.02442771513599938,0.032713068952422285,0.0024875621890547263,0.015433262547151189,0.03784241739621576,0.0024875621890547263
607,"(103, 100)",0.012155382607478952,0.03185840707964602,0.0024875621890547263,0.008232222715460057,0.037600548731059426,0.0024875621890547263
608,"(100, 482)",0.018964090157965206,0.031967343476647404,0.0024875621890547263,0.015091742353551435,0.037506997574174285,0.0024875621890547263
609,"(482, 483)",0.018964090157965206,0.030985843118111044,0.001658374792703151,0.014330558600457332,0.037122541324222,0.001658374792703151
610,"(483, 98)",0.018964090157965206,0.030062817828297936,0.0024875621890547263,0.014573202419331315,0.03696098562628337,0.0024875621890547263
611,"(98, 96)",0.024640388243379517,0.03282615204551022,0.003316749585406302,0.017115591664760586,0.03687058607722645,0.003316749585406302
612,"(96, 950)",0.01247132250228799,0.03219262185681491,0.0024875621890547263,0.009210850733292593,0.035947420191361885,0.0024875621890547263
613,"(950, 951)",0.01247132250228799,0.03120068300002587,0.001658374792703151,0.007191301593066876,0.03500827309936428,0.001658374792703151
614,"(951, 952)",0.01247132250228799,0.030268045376970185,0.001658374792703151,0.006384021665341453,0.03441879049059619,0.001658374792703151
615,"(952, 953)",0.012471322502287994,0.02938954550993055,0.001658374792703151,0.006088142447247567,0.034231216826090656,0.001658374792703151
616,"(953, 95)",0.012471322502288005,0.028560602472410362,0.0024875621890547263,0.008152265178506073,0.03419821352615908,0.0024875621890547263
617,"(95, 92)",0.010223479192327896,0.029416786594141035,0.0024875621890547263,0.005905677160915625,0.033451680905358924,0.0024875621890547263
618,"(148, 149)",0.013279132231878866,0.027184816175641863,0.0024875621890547263,0.007908400254418678,0.032094954226101764,0.0024875621890547263
619,"(149, 634)",0.016353318699265307,0.027895357712858233,0.0024875621890547263,0.010558199959657047,0.032207237281345974,0.0024875621890547263
620,"(634, 633)",0.016353318699265307,0.027151766215638157,0.001658374792703151,0.009758179293129002,0.0320021228605546,0.001658374792703151
621,"(633, 632)",0.016353318699265307,0.02644678844762176,0.001658374792703151,0.009924290199071702,0.03199702846833462,0.001658374792703151
622,"(632, 631)",0.01635331869926531,0.02577749278614941,0.001658374792703151,0.010622621463013694,0.03251287304882323,0.001658374792703151
623,"(631, 630)",0.01635331869926531,0.025141237048927432,0.001658374792703151,0.011657540246236355,0.03313095794071592,0.001658374792703151
624,"(630, 629)",0.01635331869926531,0.024535633633755823,0.001658374792703151,0.012884421341976494,0.03395557057183884,0.001658374792703151
625,"(629, 628)",0.016353318699265314,0.023958519578043985,0.001658374792703151,0.014234060311443841,0.034929185854548614,0.001658374792703151
626,"(628, 144)",0.016353318699265314,0.023407930746685818,0.0024875621890547263,0.01668880547593237,0.0360344209394048,0.0024875621890547263
627,"(144, 145)",0.021376107016783302,0.03161371500471846,0.003316749585406302,0.021254173055373825,0.036763809291549814,0.003316749585406302
628,"(145, 637)",0.05156635281116622,0.032113756191084836,0.0024875621890547263,0.03160821909254407,0.03735480873470652,0.0024875621890547263
629,"(637, 638)",0.05156635281116622,0.03112338382926011,0.001658374792703151,0.030771513076656185,0.037648674804108266,0.001658374792703151
630,"(638, 140)",0.05156635281116622,0.030192269176847586,0.0024875621890547263,0.03489441414171953,0.03814886280960365,0.0024875621890547263
631,"(140, 141)",0.043713225639280096,0.03274682306940371,0.0024875621890547263,0.03098224263424148,0.03806698020895805,0.0024875621890547263
632,"(139, 138)",0.011950964403432355,0.031038476386565435,0.0024875621890547263,0.011557361526330983,0.038021375200983636,0.0024875621890547263
633,"(138, 636)",0.0242279247455131,0.0319690382780193,0.0024875621890547263,0.01964632683066074,0.03798544836057829,0.0024875621890547263
634,"(636, 635)",0.0242279247455131,0.03098743544284283,0.001658374792703151,0.01892265781895134,0.037521000560014936,0.001658374792703151
635,"(635, 143)",0.024227924745513104,0.030064316697412375,0.0024875621890547263,0.01923903766223438,0.03727514372256908,0.0024875621890547263
636,"(143, 142)",0.028550777975903382,0.03286014005067982,0.003316749585406302,0.02032849889838587,0.03705410636925062,0.003316749585406302
637,"(142, 627)",0.014087997082361364,0.032418483374102844,0.0024875621890547263,0.01263857498354618,0.03613266620726848,0.0024875621890547263
638,"(627, 626)",0.014087997082361364,0.03141852286049238,0.001658374792703151,0.010006743676684601,0.03502047216656503,0.001658374792703151
639,"(626, 625)",0.014087997082361364,0.03047840481184766,0.001658374792703151,0.008649173637574127,0.03405432879652115,0.001658374792703151
640,"(625, 624)",0.014087997082361364,0.029592913405148087,0.001658374792703151,0.007486401455511134,0.03325337083298867,0.001658374792703151
641,"(624, 623)",0.014087997082361364,0.0287574218470563,0.001658374792703151,0.006700954004367955,0.03274949083503055,0.001658374792703151
642,"(623, 622)",0.014087997082361364,0.027967811507154286,0.001658374792703151,0.00638871444551911,0.032568187955711585,0.001658374792703151
643,"(622, 621)",0.014087997082361364,0.027220404017605237,0.001658374792703151,0.0063349415930839745,0.032533923224257466,0.001658374792703151
644,"(621, 147)",0.014087997082361364,0.026511903976785597,0.0024875621890547263,0.008629938177102519,0.0325655496449113,0.0024875621890547263
645,"(147, 146)",0.01395099192832518,0.027826488232579605,0.0024875621890547263,0.007105769947578645,0.03216428857180958,0.0024875621890547263
646,"(784, 785)",0.056925297366401055,0.029773366908606134,0.001658374792703151,0.04501892583699031,0.036041959295896715,0.001658374792703151
647,"(785, 786)",0.05692529736640105,0.028925718945626365,0.001658374792703151,0.044779496609589825,0.035858705994291154,0.001658374792703151
648,"(786, 787)",0.056925297366401055,0.028125,0.001658374792703151,0.04457984737829423,0.03570794101971931,0.001658374792703151
649,"(787, 788)",0.05692529736640105,0.027367417795629383,0.001658374792703151,0.04443067396001357,0.03559832339571403,0.001658374792703151
650,"(788, 789)",0.056925297366401055,0.026649577937861848,0.001658374792703151,0.04432159018832995,0.03551759681931969,0.001658374792703151
651,"(789, 150)",0.056925297366401076,0.025968433065610128,0.0024875621890547263,0.045265478184485126,0.03545703113515421,0.0024875621890547263
652,"(150, 790)",0.039866125728050456,0.025327620967741934,0.001658374792703151,0.036172218268644585,0.035030644552240975,0.001658374792703151
653,"(790, 152)",0.039866125728050456,0.02471767334139493,0.001658374792703151,0.03586105581634651,0.03474503025064823,0.001658374792703151
654,"(152, 909)",0.05023223919799133,0.030609913957207035,0.0024875621890547263,0.04497180317929454,0.0346860709252495,0.0024875621890547263
655,"(909, 910)",0.050232239197991316,0.0297073603310671,0.001658374792703151,0.042523716034112834,0.03414109387385347,0.001658374792703151
656,"(910, 184)",0.050232239197991316,0.028856507070562056,0.0024875621890547263,0.042827592199168325,0.033645798459993305,0.0024875621890547263
657,"(184, 185)",0.04134078340432462,0.029408178692482138,0.003316749585406302,0.037607262057690063,0.033115492338953265,0.003316749585406302
658,"(185, 889)",0.022433475774653704,0.028828225845006453,0.0024875621890547263,0.029095942867166658,0.03236975601900314,0.0024875621890547263
659,"(889, 897)",0.022433475774653704,0.02803086649312012,0.001658374792703151,0.025781378803746136,0.03154673153888409,0.001658374792703151
660,"(897, 896)",0.022433475774653704,0.027276428280635093,0.001658374792703151,0.024463801505491316,0.030775512287238113,0.001658374792703151
661,"(892, 891)",0.049846945212028516,0.02418045112781955,0.001658374792703151,0.019159543930118705,0.031275933609958506,0.001658374792703151
662,"(891, 890)",0.049846945212028516,0.02361603383789923,0.001658374792703151,0.02048502234716212,0.032077880625598465,0.001658374792703151
663,"(890, 186)",0.049846945212028516,0.02307736466445971,0.0024875621890547263,0.02300036030786415,0.032932823593664666,0.0024875621890547263
664,"(186, 187)",0.06499182936663585,0.028331140763014472,0.003316749585406302,0.035333667742802256,0.03338777996179508,0.003316749585406302
665,"(187, 911)",0.08555129917261174,0.029605989934945377,0.0024875621890547263,0.05082840467383981,0.033992897006595635,0.0024875621890547263
666,"(911, 912)",0.08555129917261174,0.028760850901459505,0.001658374792703151,0.0504852339557764,0.03445418964088792,0.001658374792703151
667,"(912, 153)",0.08555129917261174,0.027962623756637064,0.0024875621890547263,0.05189300865889102,0.034997098084735924,0.0024875621890547263
668,"(153, 791)",0.11137680511454795,0.030210420841683367,0.0024875621890547263,0.0647936715228272,0.03556158405331289,0.0024875621890547263
669,"(791, 151)",0.11137680511454795,0.02933093367706788,0.0024875621890547263,0.0653908126613209,0.03586083853702052,0.0024875621890547263
670,"(151, 776)",0.11471362493430573,0.0307057745187901,0.0024875621890547263,0.0658796108723842,0.03594420600858369,0.0024875621890547263
671,"(776, 777)",0.11471362493430573,0.029805007043471814,0.001658374792703151,0.06480165303806192,0.0360225813196332,0.001658374792703151
672,"(777, 778)",0.11471362493430573,0.028955582232893157,0.001658374792703151,0.0649395527511149,0.036130501213337725,0.001658374792703151
673,"(778, 779)",0.11471362493430573,0.028153232019048954,0.001658374792703151,0.06512589627553982,0.036279405571265265,0.001658374792703151
674,"(779, 780)",0.11471362493430573,0.027394148646192985,0.001658374792703151,0.06535173802116853,0.036459278070016324,0.001658374792703151
675,"(780, 781)",0.11471362493430573,0.02667492424409989,0.001658374792703151,0.06560762777479778,0.03666656532182056,0.001658374792703151
676,"(155, 154)",0.033363083154995,0.027805316671662094,0.003316749585406302,0.038987865155713654,0.03589285714285714,0.003316749585406302
677,"(154, 775)",0.03536174389320487,0.031779493530791326,0.0024875621890547263,0.03215593104675197,0.03624015866338121,0.0024875621890547263
678,"(775, 774)",0.035361743893204865,0.03080774536351096,0.001658374792703151,0.025108585375351287,0.03577361177028951,0.001658374792703151
679,"(774, 153)",0.035361743893204865,0.029893661849639343,0.0024875621890547263,0.02544100742132376,0.035437235543018336,0.0024875621890547263
680,"(153, 152)",0.009536237951268605,0.030210420841683367,0.0024875621890547263,0.011841996064946826,0.035031662115842674,0.0024875621890547263
681,"(150, 151)",0.016229296119678233,0.025321239606953892,0.0024875621890547263,0.010691169949894153,0.035401866964128455,0.0024875621890547263
682,"(151, 772)",0.0128924762999204,0.03069795856030138,0.0024875621890547263,0.010612760684602146,0.03515010201107549,0.0024875621890547263
683,"(772, 773)",0.0128924762999204,0.029790282340735618,0.001658374792703151,0.009108265016515685,0.03496260219168551,0.001658374792703151
684,"(773, 771)",0.0128924762999204,0.028934740882917465,0.001658374792703151,0.009590192993476881,0.035332376292737236,0.001658374792703151
685,"(771, 293)",0.012892476299920403,0.02812696783823495,0.0024875621890547263,0.012226752889803896,0.036023657327199955,0.0024875621890547263
686,"(293, 295)",0.023405081553963678,0.030116871441414443,0.0024875621890547263,0.019850171065721723,0.03610237988325101,0.0024875621890547263
687,"(295, 296)",0.023405081553963678,0.02925622240551162,0.001658374792703151,0.01857956187388245,0.035886448848419926,0.001658374792703151
688,"(765, 766)",0.07118242523379706,0.02747653330903126,0.001658374792703151,0.07674114259978697,0.03709399606299212,0.001658374792703151
689,"(766, 767)",0.07118242523379706,0.026756594857231603,0.001658374792703151,0.07665145732399903,0.037021119842829076,0.001658374792703151
690,"(767, 293)",0.07118242523379706,0.026073420677130626,0.0024875621890547263,0.07833641745614406,0.03696665031878372,0.0024875621890547263
691,"(293, 154)",0.06066981997975382,0.030102588423233406,0.003316749585406302,0.07225672675567242,0.036565399308713845,0.003316749585406302
692,"(154, 920)",0.05867115924154393,0.03178116847181595,0.0024875621890547263,0.06386538792215266,0.036216216216216214,0.0024875621890547263
693,"(920, 919)",0.058671159241543924,0.030810893669204434,0.001658374792703151,0.056668486517062244,0.03561619562328342,0.001658374792703151
694,"(919, 918)",0.058671159241543924,0.029898108436423133,0.001658374792703151,0.05595252509260849,0.035070373386064904,0.001658374792703151
695,"(918, 180)",0.05867115924154391,0.02903785033227391,0.0024875621890547263,0.056613982818549895,0.03475905003458612,0.0024875621890547263
696,"(180, 181)",0.06299107275976036,0.03007556298162049,0.003316749585406302,0.05077954538292879,0.03416237040394312,0.003316749585406302
697,"(181, 903)",0.04626648913110793,0.029901073562591425,0.0024875621890547263,0.03335837974318081,0.03352234823215477,0.0024875621890547263
698,"(903, 904)",0.04626648913110793,0.029042745334136064,0.001658374792703151,0.030686929873572775,0.03262810453979763,0.001658374792703151
699,"(904, 905)",0.04626648913110793,0.028232319685371165,0.001658374792703151,0.029352890067990273,0.03179541260216188,0.001658374792703151
700,"(901, 902)",0.01910849985074299,0.022168302635932502,0.001658374792703151,0.04998994607145501,0.03233243967828418,0.001658374792703151
701,"(902, 182)",0.01910849985074299,0.021694939646332907,0.0024875621890547263,0.05274455791833677,0.033207588732549496,0.0024875621890547263
702,"(182, 183)",0.015915581153705883,0.029249126891734575,0.003316749585406302,0.05208489224744413,0.03390306983020353,0.003316749585406302
703,"(183, 923)",0.013375970557903221,0.029254803027362702,0.0024875621890547263,0.0539962071757969,0.03414206041389463,0.0024875621890547263
704,"(923, 922)",0.013375970557903221,0.028430656073929136,0.001658374792703151,0.05301491917614211,0.034617371835352205,0.001658374792703151
705,"(922, 921)",0.013375970557903221,0.02765167148163434,0.001658374792703151,0.05375052193688886,0.03516650142882137,0.001658374792703151
706,"(921, 155)",0.013375970557903221,0.026914235979379142,0.003316749585406302,0.06146377639772891,0.035754521197746816,0.003316749585406302
707,"(155, 298)",0.005293402177859562,0.02780980491629387,0.0024875621890547263,0.05453280493017065,0.03570794101971931,0.0024875621890547263
708,"(298, 296)",0.005293402177859561,0.02706827669793958,0.001658374792703151,0.05378526195330584,0.03592172281297471,0.001658374792703151
709,"(294, 296)",0.008777688321876097,0.02478676395026205,0.001658374792703151,0.0630001538786772,0.03637021623088754,0.001658374792703151
710,"(667, 134)",0.021168133514080135,0.02570222923149056,0.001658374792703151,0.04345284380921387,0.03601290014333493,0.001658374792703151
711,"(134, 135)",0.03498769407916618,0.02819403857393337,0.003316749585406302,0.06487105540326682,0.03601827793208494,0.003316749585406302
712,"(135, 737)",0.023300509898639583,0.02743964869968829,0.001658374792703151,0.06067421981667501,0.035924932975871314,0.001658374792703151
713,"(737, 738)",0.023300509898639583,0.026724577304053004,0.001658374792703151,0.06086233521159441,0.036077539787004904,0.001658374792703151
714,"(738, 739)",0.023300509898639583,0.02604582856402393,0.001658374792703151,0.06120929381391095,0.0363537710255019,0.001658374792703151
715,"(739, 294)",0.023300509898639583,0.025400703468902042,0.0024875621890547263,0.06990435943744215,0.036660992217898834,0.0024875621890547263
716,"(294, 770)",0.013692946058091286,0.024788801874576064,0.001658374792703151,0.01423182012846793,0.03611102793664102,0.001658374792703151
717,"(770, 769)",0.013692946058091286,0.024205688136001446,0.001658374792703151,0.014036075840322569,0.035990330955862605,0.001658374792703151
718,"(769, 768)",0.013692946058091286,0.02364937738994019,0.001658374792703151,0.014131954216996147,0.0360645933014354,0.001658374792703151
719,"(768, 677)",0.013692946058091286,0.023118063143366497,0.001658374792703151,0.01425260499721217,0.03615866638683177,0.001658374792703151
720,"(297, 736)",0.018197571714633758,0.02359847373055474,0.001658374792703151,0.0069405394743901816,0.03200721887523554,0.001658374792703151
721,"(736, 735)",0.018197571714633758,0.023064565483476133,0.001658374792703151,0.008090601571903637,0.03273615635179153,0.001658374792703151
722,"(735, 734)",0.018197571714633758,0.022554281760206466,0.001658374792703151,0.009276221557090743,0.03352141646051644,0.001658374792703151
723,"(734, 136)",0.018197571714633758,0.022066088483917005,0.0024875621890547263,0.011782917541286377,0.034364848692084116,0.0024875621890547263
724,"(136, 137)",0.01824275841368805,0.0278001890228441,0.003316749585406302,0.01860329738030759,0.03518394258540712,0.003316749585406302
725,"(137, 668)",0.02616309875243424,0.027228393389325384,0.0024875621890547263,0.02405564286046924,0.03527347177537292,0.0024875621890547263
726,"(135, 136)",0.010857308661854397,0.027422802310246033,0.0024875621890547263,0.013070004346129422,0.03528895391367959,0.0024875621890547263
727,"(136, 720)",0.010812121962800108,0.02781172889329613,0.0024875621890547263,0.009365042571128667,0.03448670288818988,0.0024875621890547263
728,"(720, 721)",0.010812121962800108,0.02707192242075963,0.001658374792703151,0.007033788771892112,0.033761652809271854,0.001658374792703151
729,"(721, 722)",0.010812121962800108,0.02637045459515011,0.001658374792703151,0.006081884627688228,0.03308823529411765,0.001658374792703151
730,"(722, 723)",0.010812121962800108,0.025704420478281257,0.001658374792703151,0.005420307482487866,0.03276283618581907,0.001658374792703151
731,"(723, 724)",0.010812121962800108,0.025071201380371288,0.001658374792703151,0.005013954868294782,0.03250148224006899,0.001658374792703151
732,"(724, 725)",0.010812121962800108,0.024468430449602337,0.001658374792703151,0.004687694057183109,0.032282242090047646,0.001658374792703151
733,"(725, 726)",0.010812121962800108,0.023893963108988964,0.001658374792703151,0.0047179643963514385,0.03225979028461374,0.001658374792703151
734,"(726, 131)",0.010812121962800108,0.02334585156219753,0.0024875621890547263,0.0068670517106100455,0.0325875486381323,0.0024875621890547263
735,"(131, 132)",0.011642123637231081,0.028444737959337704,0.003316749585406302,0.009387867591129253,0.032907662082514735,0.003316749585406302
736,"(133, 130)",0.027988166262149172,0.02917059719904216,0.003316749585406302,0.010870121765593424,0.03277619241744802,0.003316749585406302
737,"(130, 727)",0.020910025385160038,0.029180478598562754,0.0024875621890547263,0.006429960326576793,0.03246735765244313,0.0024875621890547263
738,"(727, 728)",0.020910025385160038,0.02836712612315943,0.001658374792703151,0.005105863672516614,0.03226669520547945,0.001658374792703151
739,"(728, 729)",0.020910025385160038,0.027597885535138103,0.001658374792703151,0.0053840488813680695,0.03248222365869425,0.001658374792703151
740,"(729, 730)",0.020910025385160038,0.02686926298903841,0.001658374792703151,0.005771767526773182,0.03273971115213378,0.001658374792703151
741,"(730, 731)",0.020910025385160038,0.02617812411817057,0.001658374792703151,0.006329794748237085,0.033061023082405834,0.001658374792703151
742,"(731, 732)",0.020910025385160038,0.025521648960934524,0.001658374792703151,0.0071815826160060835,0.03372954831492099,0.001658374792703151
743,"(732, 733)",0.020910025385160038,0.024897293503168934,0.001658374792703151,0.008204851923552836,0.03444926873857404,0.001658374792703151
744,"(733, 137)",0.020910025385160038,0.02430275673061422,0.0024875621890547263,0.012153725107465008,0.0352312231602933,0.0024875621890547263
745,"(137, 134)",0.012989685046413851,0.027218560982215402,0.0024875621890547263,0.011985716851897818,0.03521990537935868,0.0024875621890547263
746,"(296, 740)",0.03913592309104374,0.032728160872750954,0.003316749585406302,0.07897110673829016,0.03641524246633251,0.003316749585406302
747,"(740, 741)",0.03913592309104373,0.031705970502405555,0.001658374792703151,0.02005573663111811,0.03550609432962374,0.001658374792703151
748,"(741, 742)",0.039135923091043745,0.03074569789674952,0.001658374792703151,0.019133347417660106,0.034814237464276435,0.001658374792703151
749,"(742, 743)",0.03913592309104374,0.029841882562541756,0.001658374792703151,0.018496252643883597,0.034352123508132285,0.001658374792703151
750,"(743, 744)",0.03913592309104374,0.028989687747890677,0.001658374792703151,0.018060410711478837,0.03405048280535321,0.001658374792703151
751,"(744, 745)",0.039135923091043745,0.028184813854027903,0.001658374792703151,0.01769157714762453,0.03379381847731667,0.001658374792703151
752,"(745, 746)",0.039135923091043745,0.027423425881710893,0.001658374792703151,0.017393090811500422,0.03358115445660346,0.001658374792703151
753,"(746, 157)",0.03913592309104375,0.02670209232813019,0.0024875621890547263,0.018283625796139836,0.033529804270462635,0.0024875621890547263
754,"(157, 158)",0.028796277382289227,0.02951036288447892,0.003316749585406302,0.01884302220364061,0.033483258370814596,0.003316749585406302
755,"(155, 929)",0.008683987288268784,0.02780852241283896,0.0024875621890547263,0.012495013446285374,0.03490896459895215,0.0024875621890547263
756,"(929, 930)",0.008683987288268784,0.027065846761524306,0.001658374792703151,0.010542578330093129,0.03417979820881986,0.001658374792703151
757,"(930, 931)",0.008683987288268784,0.02636180816647722,0.001658374792703151,0.009891403565841032,0.03373049169323712,0.001658374792703151
758,"(931, 932)",0.008683987288268784,0.025693467979036176,0.001658374792703151,0.00944433486316241,0.03343591449721368,0.001658374792703151
759,"(932, 933)",0.008683987288268784,0.025058178191489363,0.001658374792703151,0.009069209895233821,0.03318474492322932,0.001658374792703151
760,"(933, 934)",0.008683987288268784,0.02445354637252119,0.001658374792703151,0.008761502668947112,0.03297604724926173,0.001658374792703151
761,"(934, 161)",0.008683987288268784,0.023877405559515324,0.0024875621890547263,0.009145126014805558,0.03291125422988757,0.0024875621890547263
762,"(160, 992)",0.03479437758189234,0.02888899535284818,0.0024875621890547263,0.02393855429809251,0.0332570388550313,0.0024875621890547263
763,"(992, 993)",0.03479437758189234,0.028088317495807712,0.001658374792703151,0.023810769310213684,0.03336930356105255,0.001658374792703151
764,"(993, 994)",0.03479437758189234,0.027330825363731135,0.001658374792703151,0.024125705909561344,0.03359518636135718,0.001658374792703151
765,"(994, 995)",0.034794377581892334,0.026613116779945274,0.001658374792703151,0.024507676423539515,0.033862136740137584,0.001658374792703151
766,"(995, 996)",0.034794377581892334,0.02593213778867243,0.001658374792703151,0.02498205652390762,0.03419821352615908,0.001658374792703151
767,"(996, 997)",0.034794377581892334,0.025285139215028514,0.001658374792703151,0.025718097199955325,0.03475604484279086,0.001658374792703151
768,"(997, 155)",0.03479437758189233,0.02466963956961093,0.003316749585406302,0.03369654864974481,0.03558256867199717,0.003316749585406302
769,"(156, 985)",0.018197571714633754,0.028961840493744145,0.0024875621890547263,0.007636680131486379,0.03203697800446286,0.0024875621890547263
770,"(985, 986)",0.018197571714633754,0.028161778441995144,0.001658374792703151,0.006013409371716075,0.03131654115814074,0.001658374792703151
771,"(986, 987)",0.018197571714633754,0.027404731065512306,0.001658374792703151,0.005111590252745918,0.030787297048912487,0.001658374792703151
772,"(987, 988)",0.018197571714633754,0.026687320203584865,0.001658374792703151,0.004516431576631344,0.030466855295068714,0.001658374792703151
773,"(988, 989)",0.018197571714633754,0.026006512410238717,0.001658374792703151,0.0042117662981196735,0.030287809533376866,0.001658374792703151
774,"(989, 990)",0.018197571714633758,0.025359576078728237,0.001658374792703151,0.004308823332570777,0.03042151199455137,0.001658374792703151
775,"(990, 991)",0.018197571714633758,0.024744044810111,0.001658374792703151,0.004932717725154524,0.030797517811997244,0.001658374792703151
776,"(991, 297)",0.018197571714633758,0.024157685990144624,0.001658374792703151,0.005879858389330479,0.03135562373251521,0.001658374792703151
777,"(801, 802)",0.040061069217568905,0.025199548664800033,0.001658374792703151,0.038158171956556776,0.030462237938873454,0.001658374792703151
778,"(802, 803)",0.040061069217568905,0.02459618208516887,0.001658374792703151,0.037826812890426484,0.03027564392227745,0.001658374792703151
779,"(803, 804)",0.040061069217568905,0.02402103334262837,0.001658374792703151,0.03757453842031985,0.03013342661536155,0.001658374792703151
780,"(804, 805)",0.040061069217568905,0.02347216815881666,0.001658374792703151,0.03735251074910642,0.03001045140098542,0.001658374792703151
781,"(805, 806)",0.0400610692175689,0.022947825094188835,0.001658374792703151,0.037166723896889214,0.029903297793206052,0.001658374792703151
782,"(806, 808)",0.04006106921756889,0.02244639666468136,0.001658374792703151,0.03702422913756543,0.029819746309620948,0.001658374792703151
783,"(808, 809)",0.04006106921756888,0.021966412881133657,0.001658374792703151,0.03691924926836375,0.029762345450507145,0.001658374792703151
784,"(809, 810)",0.040061069217568857,0.02150652685640916,0.001658374792703151,0.036841683975078185,0.029719073435189747,0.001658374792703151
785,"(810, 196)",0.040061069217568857,0.021065502183406113,0.001658374792703151,0.03683407778438936,0.029689077078358484,0.001658374792703151
786,"(196, 197)",0.06211762599110097,0.02685729556386959,0.003316749585406302,0.04492085894061265,0.02979322611724598,0.003316749585406302
787,"(197, 814)",0.038554862845752796,0.0261610880930172,0.001658374792703151,0.03299290191602704,0.029084068875705398,0.001658374792703151
788,"(814, 816)",0.03855486284575279,0.025500063432993613,0.001658374792703151,0.03165049364477746,0.028414579553754447,0.001658374792703151
789,"(816, 274)",0.03855486284575279,0.024871620367506033,0.001658374792703151,0.030325995802040918,0.027784817417348232,0.001658374792703151
790,"(274, 275)",0.04158122481185589,0.02475013852689474,0.003316749585406302,0.03687387993611994,0.027417814759241578,0.003316749585406302
791,"(275, 278)",0.032643203989274464,0.02416736804136107,0.001658374792703151,0.03417594704604251,0.02681489716509172,0.001658374792703151
792,"(278, 817)",0.032643203989274464,0.023611410223779782,0.001658374792703151,0.03283353636777455,0.026245919477693145,0.001658374792703151
793,"(817, 280)",0.032643203989274464,0.02308045625047845,0.001658374792703151,0.03150778024422317,0.025706064158584674,0.001658374792703151
794,"(279, 818)",0.035984531010232385,0.015910710045119923,0.001658374792703151,0.027419015120724675,0.02624706189605641,0.001658374792703151
795,"(818, 277)",0.035984531010232385,0.015667831577306328,0.001658374792703151,0.02875260573534788,0.026812512505836057,0.001658374792703151
796,"(277, 276)",0.035984531010232385,0.01543225674361468,0.001658374792703151,0.030103060808114663,0.027410336833492432,0.001658374792703151
797,"(276, 273)",0.0449225518328138,0.023837289743640425,0.003316749585406302,0.04138417856324976,0.028043250784792466,0.003316749585406302
798,"(273, 200)",0.04189618986671071,0.023287248011122266,0.001658374792703151,0.041730408371362854,0.02868423556274379,0.001658374792703151
799,"(200, 815)",0.04189618986671071,0.022762018005775438,0.0024875621890547263,0.04360837580052691,0.029366644751260135,0.0024875621890547263
800,"(815, 198)",0.023501533365904454,0.022259957916497472,0.0024875621890547263,0.02033485673983892,0.0296387318751536,0.0024875621890547263
801,"(198, 201)",0.03139309053101089,0.025752722613709162,0.003316749585406302,0.021629495047892786,0.029787339145898685,0.003316749585406302
802,"(201, 195)",0.030914845518177404,0.02651015563175943,0.0024875621890547263,0.022115495625260474,0.030322077791466572,0.0024875621890547263
803,"(195, 813)",0.04709587149545039,0.026222521797743037,0.0024875621890547263,0.03235522622984783,0.030647251658153542,0.0024875621890547263
804,"(813, 812)",0.04709587149545039,0.025569808120428285,0.001658374792703151,0.032242372746076914,0.030643358064843987,0.001658374792703151
805,"(812, 811)",0.04709587149545039,0.024948799106311675,0.001658374792703151,0.032319979009339736,0.030689365600427513,0.001658374792703151
806,"(811, 807)",0.04709587149545039,0.02435723951285521,0.001658374792703151,0.0324251996735048,0.030750401591065554,0.001658374792703151
807,"(807, 798)",0.04709587149545039,0.023793083039043542,0.001658374792703151,0.03256795947497138,0.03083925740295607,0.001658374792703151
808,"(798, 797)",0.04709587149545039,0.023254468675883613,0.001658374792703151,0.03275382398447256,0.030953236486833326,0.001658374792703151
809,"(797, 796)",0.04709587149545039,0.022739700197982465,0.001658374792703151,0.032975908761566725,0.031084076498788596,0.001658374792703151
810,"(796, 795)",0.04709587149545039,0.02224722832002066,0.001658374792703151,0.033228239665395544,0.031235431235431235,0.001658374792703151
811,"(815, 199)",0.017564780982134053,0.022265300470783716,0.001658374792703151,0.025017089836480898,0.02942539953641576,0.001658374792703151
812,"(194, 195)",0.015351150458600757,0.02570387263155651,0.001658374792703151,0.010347316036623708,0.03061379905569376,0.001658374792703151
813,"(199, 913)",0.03323598696237578,0.025197969118906833,0.0024875621890547263,0.03361592773726157,0.02997539333383044,0.0024875621890547263
814,"(913, 914)",0.03323598696237578,0.024587155963302753,0.001658374792703151,0.034103182047390816,0.03031826637840012,0.001658374792703151
815,"(914, 915)",0.03323598696237578,0.02400525488166564,0.001658374792703151,0.03508224180474101,0.030847934518480623,0.001658374792703151
816,"(915, 916)",0.03323598696237578,0.02345026055845065,0.001658374792703151,0.036223538184230915,0.031518699526958155,0.001658374792703151
817,"(916, 185)",0.03323598696237578,0.022920348936655455,0.0024875621890547263,0.03819549588460307,0.03232810615199035,0.0024875621890547263
818,"(185, 186)",0.0521432945920467,0.028819270198580542,0.003316749585406302,0.04450692267385045,0.03309095897928385,0.003316749585406302
819,"(187, 184)",0.028038006425632575,0.029601629807810313,0.003316749585406302,0.025287891645340198,0.033545659369697646,0.003316749585406302
820,"(184, 968)",0.036929462219299346,0.02941822173435785,0.0024875621890547263,0.029080931636948283,0.03293911998470488,0.0024875621890547263
821,"(968, 967)",0.03692946221929934,0.028589038498008725,0.001658374792703151,0.027061684736630374,0.032087268857256886,0.001658374792703151
822,"(967, 966)",0.03692946221929934,0.027805316671662094,0.001658374792703151,0.02590942252851783,0.031391535217866626,0.001658374792703151
823,"(966, 965)",0.03692946221929934,0.027063417261343745,0.001658374792703151,0.025127564621185334,0.03094688221709007,0.001658374792703151
824,"(965, 194)",0.03692946221929934,0.02636007956110249,0.0024875621890547263,0.024898298991305166,0.03079201348108053,0.0024875621890547263
825,"(194, 201)",0.020748436242026384,0.025692373242437155,0.0024875621890547263,0.013967682485733433,0.030432259204118198,0.0024875621890547263
826,"(201, 196)",0.021226681254859863,0.026493266843874257,0.0024875621890547263,0.012473322531022991,0.02990700557966522,0.0024875621890547263
827,"(197, 198)",0.02273288762667595,0.026156548897130587,0.0024875621890547263,0.007084606120542871,0.029743994475410644,0.0024875621890547263
828,"(198, 199)",0.014841330461569517,0.025760423786739577,0.0024875621890547263,0.007947960571546587,0.029856658331889187,0.0024875621890547263
829,"(275, 276)",0.008108145303909223,0.02415381534147807,0.001658374792703151,0.004207638503506461,0.027504732364814013,0.001658374792703151
830,"(273, 274)",0.0021964864474308954,0.023283651247200558,0.001658374792703151,0.004207638503506461,0.027504732364814013,0.001658374792703151
831,"(280, 281)",0.032643203989274464,0.022572856420910774,0.001658374792703151,0.03019593551130949,0.025194284281774882,0.001658374792703151
832,"(281, 819)",0.032643203989274464,0.02208710303651881,0.001658374792703151,0.028897981674308158,0.02470653309569172,0.001658374792703151
833,"(819, 821)",0.032643203989274464,0.021621815443641643,0.001658374792703151,0.027613926276272825,0.02424315522856109,0.001658374792703151
834,"(821, 823)",0.032643203989274464,0.021175726927939318,0.001658374792703151,0.02634650438270151,0.02380153545560402,0.001658374792703151
835,"(823, 826)",0.032643203989274464,0.020747673198341563,0.001658374792703151,0.02509572208466587,0.02338206211950832,0.001658374792703151
836,"(825, 824)",0.035984531010232385,0.017247543726670766,0.001658374792703151,0.020973149430623686,0.023818458317697945,0.001658374792703151
837,"(824, 822)",0.035984531010232385,0.01696250246139132,0.001658374792703151,0.02223123227377909,0.02425583266291231,0.001658374792703151
838,"(822, 820)",0.035984531010232385,0.016686729484039684,0.001658374792703151,0.023506198689586987,0.02471767334139493,0.001658374792703151
839,"(820, 282)",0.035984531010232385,0.016419779980394292,0.001658374792703151,0.024796542727809887,0.025201655034061937,0.001658374792703151
840,"(282, 279)",0.035984531010232385,0.01616123715208448,0.001658374792703151,0.026100821243025433,0.025711544611448672,0.001658374792703151
841,"(186, 1002)",0.036998410437439365,0.028335134627132184,0.0024875621890547263,0.03407474216536743,0.03314006210326729,0.0024875621890547263
842,"(1002, 181)",0.036998410437439365,0.027560044790785894,0.0024875621890547263,0.034835108734848734,0.0334702486678508,0.0024875621890547263
843,"(181, 182)",0.05372299406609188,0.029892920880428317,0.003316749585406302,0.04941713941796154,0.03389544688026981,0.003316749585406302
844,"(182, 998)",0.056915912763128955,0.029259061575040032,0.0024875621890547263,0.05124321390351192,0.033347158855246785,0.0024875621890547263
845,"(924, 183)",0.05037777915402237,0.02438136826783115,0.0024875621890547263,0.04070158279826497,0.03393550565591761,0.0024875621890547263
846,"(183, 180)",0.052917389749825024,0.029249126891734575,0.003316749585406302,0.03939452136465443,0.03414786080357901,0.003316749585406302
847,"(180, 917)",0.04859747623160845,0.030080063851545158,0.0024875621890547263,0.042271975630342344,0.034490648058113596,0.0024875621890547263
848,"(917, 187)",0.04859747623160847,0.029208040687817873,0.0024875621890547263,0.04054542497995417,0.03412660233736099,0.0024875621890547263
849,"(998, 937)",0.056915912763128955,0.028438701157827716,0.001658374792703151,0.049526919868298776,0.032745933910776834,0.001658374792703151
850,"(937, 1003)",0.05691591276312894,0.027663088356729974,0.001658374792703151,0.048896065162486874,0.032341977526884606,0.001658374792703151
851,"(1003, 936)",0.056915912763128934,0.02692865914926873,0.001658374792703151,0.04846646329804672,0.032079587168165134,0.001658374792703151
852,"(936, 935)",0.056915912763128934,0.026232218210292774,0.001658374792703151,0.048103869802157036,0.03185672398763769,0.001658374792703151
853,"(928, 927)",0.05037777915402237,0.02697503802451463,0.001658374792703151,0.03729174420154311,0.032315112540192925,0.001658374792703151
854,"(927, 926)",0.05037777915402237,0.026276227204392443,0.001658374792703151,0.037655875596206485,0.032545336787564765,0.001658374792703151
855,"(926, 925)",0.05037777915402236,0.02561270866074842,0.001658374792703151,0.0380936360791766,0.03281632653061224,0.001658374792703151
856,"(925, 924)",0.05037777915402237,0.024981874676333504,0.001658374792703151,0.03878890710372436,0.03325245395389875,0.001658374792703151
857,"(896, 895)",0.022433475774653704,0.026561536428508503,0.001658374792703151,0.023168794619352978,0.030054576718917436,0.001658374792703151
858,"(895, 894)",0.022433475774653704,0.025883160922007126,0.001658374792703151,0.021891914841203616,0.029375228352210448,0.001658374792703151
859,"(894, 188)",0.022433475774653704,0.025238573581115017,0.0024875621890547263,0.02108036413838182,0.028878618807020903,0.0024875621890547263
860,"(188, 189)",0.013824033360170103,0.025877607072354303,0.003316749585406302,0.0037041230484604263,0.028838566201965614,0.003316749585406302
861,"(189, 190)",0.007687702566008134,0.025436598329536826,0.0024875621890547263,0.003255598655838751,0.028795874024020437,0.0024875621890547263
862,"(190, 191)",0.021734507335547777,0.024882910021251575,0.003316749585406302,0.045287319689692566,0.029114963063106562,0.003316749585406302
863,"(191, 192)",0.0017961319661325855,0.024281227349601354,0.001658374792703151,0.0009279219269078819,0.028931964302850013,0.001658374792703151
864,"(192, 193)",0.048892496615912724,0.026253346975205174,0.003316749585406302,0.026262510395882104,0.029360210341805432,0.003316749585406302
865,"(193, 188)",0.03948160304975811,0.026041329273822633,0.003316749585406302,0.02286843092213983,0.028885535675792197,0.003316749585406302
866,"(193, 908)",0.049846945212028516,0.026048078792198535,0.0024875621890547263,0.016433176632484853,0.02935306430414253,0.0024875621890547263
867,"(908, 893)",0.049846945212028516,0.025394285232991514,0.001658374792703151,0.01657366134934558,0.029824908497378573,0.001658374792703151
868,"(893, 892)",0.049846945212028516,0.02477250785695212,0.001658374792703151,0.01785683253156921,0.030528554070473876,0.001658374792703151
869,"(189, 193)",0.0404360516458739,0.02543498892755457,0.003316749585406302,0.015524091347221616,0.028792436613665665,0.003316749585406302
870,"(905, 906)",0.04626648913110793,0.027465895374524586,0.001658374792703151,0.028040411428453982,0.031016125298973844,0.001658374792703151
871,"(906, 907)",0.04626648913110793,0.026739983592381545,0.001658374792703151,0.026747200213895206,0.030284767214102757,0.001658374792703151
872,"(907, 192)",0.04626648913110793,0.026051454863586287,0.001658374792703151,0.02567533501247034,0.029701507240665944,0.001658374792703151
873,"(191, 898)",0.01910849985074299,0.02428807346840134,0.001658374792703151,0.04499218864445375,0.02946206087848732,0.001658374792703151
874,"(898, 899)",0.01910849985074299,0.02372101256859621,0.001658374792703151,0.046075121146535336,0.0300396044536329,0.001658374792703151
875,"(899, 900)",0.01910849985074299,0.023179826247405243,0.001658374792703151,0.047360648328513846,0.030755891053759053,0.001658374792703151
876,"(900, 901)",0.01910849985074299,0.022662783049891947,0.001658374792703151,0.04866544293546985,0.031518699526958155,0.001658374792703151
877,"(683, 684)",0.07225909902506163,0.030001492611572714,0.001658374792703151,0.0754303917288866,0.035054063480990584,0.001658374792703151
878,"(684, 685)",0.07225909902506163,0.029139584893807233,0.001658374792703151,0.07508693450109787,0.034842400254239736,0.001658374792703151
879,"(685, 116)",0.07225909902506163,0.028325817361894025,0.0024875621890547263,0.0761698196572881,0.03472702142363511,0.0024875621890547263
880,"(116, 696)",0.07065932931666491,0.03062857142857143,0.0024875621890547263,0.07367827237023726,0.034508412498569306,0.0024875621890547263
881,"(696, 124)",0.07065932931666491,0.02972200315457413,0.0024875621890547263,0.0728261118048978,0.03433940774487471,0.0024875621890547263
882,"(124, 694)",0.07039968929638828,0.03065660032029284,0.0024875621890547263,0.06445471276879233,0.034197243804230705,0.0024875621890547263
883,"(694, 698)",0.07039968929638829,0.02975720489538097,0.001658374792703151,0.055081984230302965,0.03378529807261318,0.001658374792703151
884,"(698, 699)",0.07039968929638829,0.028909077833976556,0.001658374792703151,0.054812019641268105,0.03360548387995653,0.001658374792703151
885,"(699, 700)",0.0703996892963883,0.028107956929100824,0.001658374792703151,0.05457879204939805,0.033446114593155475,0.001658374792703151
886,"(703, 702)",0.04556029213086251,0.026090907124158968,0.001658374792703151,0.036336764408288945,0.03278153795971622,0.001658374792703151
887,"(702, 695)",0.04556029213086251,0.025437671377346552,0.001658374792703151,0.0365945060560232,0.0329481190066388,0.001658374792703151
888,"(695, 125)",0.04556029213086251,0.024816346688067165,0.001658374792703151,0.036961098675714524,0.03313824087049708,0.001658374792703151
889,"(125, 697)",0.08646882152404337,0.030397741593991025,0.0024875621890547263,0.0589450141173105,0.03377489007757582,0.0024875621890547263
890,"(697, 117)",0.08646882152404337,0.029504587155963304,0.0024875621890547263,0.058966251079049514,0.03393073178966322,0.0024875621890547263
891,"(117, 689)",0.0754000299356506,0.028670597185241536,0.001658374792703151,0.05576821353783046,0.034014948526300944,0.001658374792703151
892,"(689, 688)",0.0754000299356506,0.027882459020183572,0.001658374792703151,0.05591320302012556,0.03411501796271676,0.001658374792703151
893,"(688, 687)",0.0754000299356506,0.02713649250708789,0.001658374792703151,0.056096989494212,0.0342409358053434,0.001658374792703151
894,"(117, 116)",0.010238916069720553,0.028662420382165606,0.0024875621890547263,0.005227915462739821,0.03373237860818975,0.0024875621890547263
895,"(116, 691)",0.011838685778117251,0.030642579464898238,0.0024875621890547263,0.007654501557904416,0.03412756805704907,0.0024875621890547263
896,"(691, 690)",0.011838685778117251,0.029748396645288604,0.001658374792703151,0.005974450092855053,0.033697504819916735,0.001658374792703151
897,"(690, 656)",0.011838685778117251,0.028904920547419888,0.001658374792703151,0.005948642171882952,0.03371728919704764,0.001658374792703151
898,"(656, 655)",0.011838685778117251,0.028107956929100824,0.001658374792703151,0.006148109811126907,0.0338640384129391,0.001658374792703151
899,"(655, 654)",0.011838685778117251,0.027353761709269887,0.001658374792703151,0.006509547518360624,0.03413046554407811,0.001658374792703151
900,"(654, 653)",0.011838685778117251,0.026638982152323732,0.001658374792703151,0.006950970973702279,0.034441398217957504,0.001658374792703151
901,"(653, 652)",0.011838685778117253,0.025960607039070067,0.001658374792703151,0.007501232190564529,0.034839380633233184,0.001658374792703151
902,"(652, 651)",0.011838685778117253,0.025315924262143668,0.001658374792703151,0.008396966254805377,0.0355081851372041,0.001658374792703151
903,"(651, 119)",0.011838685778117253,0.02470248458655087,0.0024875621890547263,0.010971591203409901,0.036455971705813,0.0024875621890547263
904,"(119, 118)",0.005221632730767554,0.028501205274849933,0.0024875621890547263,0.00834128400919974,0.036504525229288376,0.0024875621890547263
905,"(120, 121)",0.029222932954276238,0.0294139167337382,0.0024875621890547263,0.019117140900357276,0.0364141429390984,0.0024875621890547263
906,"(121, 657)",0.02730823259714076,0.029411764705882353,0.0024875621890547263,0.02203143977119262,0.035667810244883476,0.0024875621890547263
907,"(657, 658)",0.02730823259714076,0.028588360791750624,0.001658374792703151,0.020499333865493904,0.03491098567086409,0.001658374792703151
908,"(658, 659)",0.02730823259714076,0.02780980491629387,0.001658374792703151,0.019571057165748973,0.03421276595744681,0.001658374792703151
909,"(659, 660)",0.02730823259714076,0.027072530136709544,0.001658374792703151,0.018932910858630206,0.03388211496319604,0.001658374792703151
910,"(660, 661)",0.02730823259714076,0.02637333799860042,0.001658374792703151,0.01855579443262117,0.03362328537972566,0.001658374792703151
911,"(661, 662)",0.02730823259714076,0.02570935214990727,0.001658374792703151,0.0184805421315608,0.033564331635634964,0.001658374792703151
912,"(662, 122)",0.027308232597140762,0.02507797878976918,0.0024875621890547263,0.02257919856688124,0.03379760670347224,0.0024875621890547263
913,"(122, 123)",0.005871696971901344,0.024477866406868415,0.001658374792703151,0.008896014735736242,0.03352048474067486,0.001658374792703151
914,"(123, 692)",0.039819013854231956,0.028397852500706415,0.0024875621890547263,0.04170283260445157,0.03370880733432093,0.0024875621890547263
915,"(692, 693)",0.039819013854231956,0.027624435943834895,0.001658374792703151,0.03905938503703375,0.0335279399499583,0.001658374792703151
916,"(693, 124)",0.039819013854231956,0.02689203050439281,0.0024875621890547263,0.04006405409748762,0.03390878929314514,0.0024875621890547263
917,"(124, 125)",0.040078653874508624,0.030647251658153542,0.0024875621890547263,0.03125853003218921,0.034102477095351205,0.0024875621890547263
918,"(122, 707)",0.02060666010656722,0.02447687280550425,0.001658374792703151,0.016634803398416886,0.03360454748105216,0.001658374792703151
919,"(707, 709)",0.02060666010656722,0.023903908665662412,0.001658374792703151,0.016400048830349623,0.03344518705454949,0.001658374792703151
920,"(709, 711)",0.02060666010656722,0.023357155307652082,0.001658374792703151,0.016194759004696874,0.03330571665285833,0.001658374792703151
921,"(711, 713)",0.02060666010656722,0.02283485439466808,0.001658374792703151,0.016072869604303718,0.03322222528305006,0.001658374792703151
922,"(713, 130)",0.02060666010656722,0.022335401426057968,0.0024875621890547263,0.016667974877138277,0.03319570602807597,0.0024875621890547263
923,"(130, 131)",0.0276848009835562,0.029167775171112777,0.003316749585406302,0.021355046793373352,0.033052868144818705,0.003316749585406302
924,"(131, 747)",0.026854799309125165,0.028451448523166934,0.0024875621890547263,0.020957922882126986,0.032941819175088774,0.0024875621890547263
925,"(747, 748)",0.02685479930912517,0.027672609623459764,0.001658374792703151,0.02046053588033133,0.03279134265049758,0.001658374792703151
926,"(750, 132)",0.04215668497960357,0.02701855004928757,0.0024875621890547263,0.03053870979400147,0.03283151389758528,0.0024875621890547263
927,"(132, 133)",0.04621951972244077,0.0290273665968662,0.003316749585406302,0.034833657244599595,0.03296703296703297,0.003316749585406302
928,"(133, 712)",0.033117441363658406,0.029180478598562754,0.0024875621890547263,0.034476281041455246,0.033011250102646925,0.0024875621890547263
929,"(712, 710)",0.03311744136365841,0.02836445740627499,0.001658374792703151,0.034242455398164125,0.03303566537007615,0.001658374792703151
930,"(710, 708)",0.03311744136365842,0.02759283409980095,0.001658374792703151,0.03433992165248531,0.03309549945115258,0.001658374792703151
931,"(708, 706)",0.03311744136365842,0.02686208125445474,0.001658374792703151,0.0345195938986758,0.03322863283187304,0.001658374792703151
932,"(706, 123)",0.03311744136365842,0.026169035477921234,0.001658374792703151,0.03475412161090971,0.03338131089459699,0.001658374792703151
933,"(935, 177)",0.056915912763128955,0.025570892436867883,0.001658374792703151,0.04781350877070455,0.03167266328754891,0.001658374792703151
934,"(177, 178)",0.06293078996770082,0.02838114512978608,0.003316749585406302,0.051982656452612304,0.031578120499594145,0.003316749585406302
935,"(178, 882)",0.030278528977977785,0.027606098063452822,0.001658374792703151,0.037158808548660084,0.031061659712563746,0.001658374792703151
936,"(882, 881)",0.03027852897797778,0.026872256511954365,0.001658374792703151,0.036770682801988204,0.03083925740295607,0.001658374792703151
937,"(881, 880)",0.030278528977977785,0.026176419517277304,0.001658374792703151,0.03646203360145798,0.030658938377059183,0.001658374792703151
938,"(880, 173)",0.030278528977977785,0.025515709298635354,0.0024875621890547263,0.03652331411917662,0.03053705720001013,0.0024875621890547263
939,"(173, 174)",0.01452052783569474,0.027788018433179722,0.0024875621890547263,0.007926910214861924,0.030416141235813366,0.0024875621890547263
940,"(175, 172)",0.023168505100133276,0.026544582131930537,0.0024875621890547263,0.012968616765184649,0.030567242865108733,0.0024875621890547263
941,"(172, 883)",0.03919418582513895,0.027238848108413326,0.0024875621890547263,0.024647406801954767,0.031181322232851565,0.0024875621890547263
942,"(883, 884)",0.03919418582513895,0.026524148851939825,0.001658374792703151,0.024198609973930776,0.031259720062208396,0.001658374792703151
943,"(884, 885)",0.03919418582513895,0.0258459955851782,0.001658374792703151,0.024472761785865136,0.03142179724342774,0.001658374792703151
944,"(885, 179)",0.03919418582513895,0.025201655034061937,0.0024875621890547263,0.025766076000036612,0.03171347428210792,0.0024875621890547263
945,"(179, 176)",0.0422625232528001,0.02800548034275364,0.003316749585406302,0.028368992594688364,0.03185335833707509,0.003316749585406302
946,"(176, 928)",0.05037777915402237,0.027712033824306623,0.0024875621890547263,0.037129893001200634,0.03212487680136384,0.0024875621890547263
947,"(748, 749)",0.026854799309125172,0.026935274936346988,0.001658374792703151,0.02043486368180968,0.032754827670496214,0.001658374792703151
948,"(749, 156)",0.026854799309125165,0.026236212935366675,0.0024875621890547263,0.022622145782326075,0.0329355217521916,0.0024875621890547263
949,"(156, 157)",0.031881211737531785,0.02894793691942104,0.003316749585406302,0.029141311106058113,0.03316831683168317,0.003316749585406302
950,"(157, 753)",0.04222085744628636,0.029514696165047354,0.0024875621890547263,0.02706030450569724,0.03336191872527594,0.0024875621890547263
951,"(753, 160)",0.04222085744628635,0.028674687336535262,0.0024875621890547263,0.025524193824348822,0.03329192546583851,0.0024875621890547263
952,"(160, 161)",0.02224728134339823,0.028880001915754686,0.003316749585406302,0.014648980170086548,0.032849399395309564,0.003316749585406302
953,"(161, 879)",0.013300257587122033,0.028547081380485728,0.0024875621890547263,0.011830726267850892,0.03253743423715095,0.0024875621890547263
954,"(879, 878)",0.013300257587122033,0.02776307005225719,0.001658374792703151,0.010834148526269228,0.032073615063429164,0.001658374792703151
955,"(878, 877)",0.013300257587122027,0.027020971500268866,0.001658374792703151,0.010374616416449574,0.03179122182680902,0.001658374792703151
956,"(877, 176)",0.013300257587122033,0.026317512274959085,0.0024875621890547263,0.01164843490426482,0.03179960448253131,0.0024875621890547263
957,"(176, 177)",0.005185001685899686,0.027703121769691957,0.0024875621890547263,0.004663754686518689,0.03135806963259575,0.0024875621890547263
958,"(178, 179)",0.03182238547105083,0.027599780300256317,0.0024875621890547263,0.014386718939530568,0.03163112754740735,0.0024875621890547263
959,"(179, 971)",0.028754048043389716,0.028011985227510278,0.0024875621890547263,0.014617411506699743,0.031516228505723096,0.0024875621890547263
960,"(971, 970)",0.028754048043389716,0.027256701170727298,0.001658374792703151,0.014299901969177435,0.03162449193654124,0.001658374792703151
961,"(970, 969)",0.028754048043389716,0.026541077048350535,0.001658374792703151,0.014853700165534186,0.03205571208335548,0.001658374792703151
962,"(969, 162)",0.028754048043389716,0.02586206896551724,0.0024875621890547263,0.016387205476215912,0.0325875486381323,0.0024875621890547263
963,"(162, 163)",0.03665586962721617,0.028117131399794833,0.003316749585406302,0.021350744856620443,0.03307190259419734,0.003316749585406302
964,"(163, 754)",0.03608092376769747,0.028362456198113874,0.0024875621890547263,0.023100788363699627,0.03298145818519937,0.0024875621890547263
965,"(754, 158)",0.036080923767697476,0.027585891394848804,0.0024875621890547263,0.023635013135250665,0.033055586010305886,0.0024875621890547263
966,"(158, 159)",0.05297760507778889,0.02921299324177022,0.003316749585406302,0.031868981551196315,0.03336191872527594,0.003316749585406302
967,"(159, 752)",0.04215668497960355,0.029373797403609615,0.0024875621890547263,0.03111720052114199,0.033125497843821246,0.0024875621890547263
968,"(752, 751)",0.04215668497960355,0.02854437869822485,0.001658374792703151,0.030219935981539835,0.03289330133100589,0.001658374792703151
969,"(751, 750)",0.042156684979603565,0.027760513776672883,0.001658374792703151,0.030078690200900798,0.03274148884183092,0.001658374792703151
970,"(158, 763)",0.011899596072197793,0.029218655360387643,0.0024875621890547263,0.009671939401106337,0.03282793913493209,0.0024875621890547263
971,"(763, 761)",0.011899596072197793,0.028396515187190958,0.001658374792703151,0.008593221909803236,0.0325875486381323,0.001658374792703151
972,"(761, 762)",0.011899596072197793,0.02761937478529715,0.001658374792703151,0.008304970184170401,0.03238714182130677,0.001658374792703151
973,"(762, 165)",0.011899596072197798,0.02688363798484173,0.0024875621890547263,0.008841492764565358,0.03232377378718842,0.0024875621890547263
974,"(165, 166)",0.008228635522250434,0.029046942363737085,0.0024875621890547263,0.0048324467223136505,0.032094954226101764,0.0024875621890547263
975,"(167, 164)",0.006689263292966776,0.027885037804342296,0.0024875621890547263,0.003127776223328722,0.03166517880586042,0.0024875621890547263
976,"(164, 982)",0.012403064044855036,0.02869515561054535,0.0024875621890547263,0.005525357989182514,0.032096662585830625,0.0024875621890547263
977,"(982, 983)",0.012403064044855036,0.02790310265842993,0.001658374792703151,0.0049843767106461006,0.032124021096372066,0.001658374792703151
978,"(983, 984)",0.012403064044855047,0.02715360021614806,0.001658374792703151,0.005206113991715881,0.0322287546766435,0.001658374792703151
979,"(984, 159)",0.012403064044855045,0.026443309141140615,0.0024875621890547263,0.007112631323751403,0.032600762306382286,0.0024875621890547263
980,"(159, 156)",0.02322398414304036,0.029366644751260135,0.003316749585406302,0.010927958820511756,0.03279401767505099,0.003316749585406302
981,"(161, 162)",0.017631011044545047,0.02854032563422946,0.003316749585406302,0.012026528819156009,0.032895993017102644,0.003316749585406302
982,"(162, 945)",0.009729189460718532,0.02812368826080873,0.0024875621890547263,0.009474039008040723,0.03222789342882339,0.0024875621890547263
983,"(945, 946)",0.009729189460718532,0.027362450368689735,0.001658374792703151,0.008694280846269203,0.0319893899204244,0.001658374792703151
984,"(946, 947)",0.00972918946071854,0.02664133604312097,0.001658374792703151,0.008389937684169691,0.031789545825974645,0.001658374792703151
985,"(947, 169)",0.009729189460718542,0.02595725447149222,0.0024875621890547263,0.008874587093414278,0.03172098161445593,0.0024875621890547263
986,"(169, 170)",0.0064761255960859646,0.028075893376789663,0.0024875621890547263,0.0029769873384615773,0.0315014105109184,0.0024875621890547263
987,"(171, 168)",0.008749111584932488,0.026974434677581694,0.0024875621890547263,0.0057605091002812326,0.03175355450236967,0.0024875621890547263
988,"(168, 979)",0.014245855619485338,0.02835712102330175,0.0024875621890547263,0.008943327510176492,0.03221153846153846,0.0024875621890547263
989,"(979, 980)",0.014245855619485338,0.027582105937242703,0.001658374792703151,0.008587437909953075,0.032322907453565974,0.001658374792703151
990,"(980, 981)",0.014245855619485336,0.026848326988579443,0.001658374792703151,0.008871186296136537,0.03247872455025315,0.001658374792703151
991,"(981, 163)",0.01424585561948532,0.026152578392679014,0.0024875621890547263,0.010869781639312043,0.0328744718549816,0.0024875621890547263
992,"(163, 160)",0.01482080147900425,0.02835845462882404,0.003316749585406302,0.012672197139009815,0.03302933201873305,0.003316749585406302
993,"(700, 701)",0.0703996892963883,0.027350039687039345,0.001658374792703151,0.05437308935035297,0.03330663647159546,0.001658374792703151
994,"(701, 126)",0.07039968929638832,0.02663192297500221,0.0024875621890547263,0.05459030599559469,0.03318657127132636,0.0024875621890547263
995,"(126, 127)",0.06168237879298734,0.02927824039231871,0.003316749585406302,0.0524810375417624,0.03298506646244735,0.003316749585406302
996,"(127, 755)",0.05943853806119228,0.02941319935612897,0.0024875621890547263,0.0529504522256725,0.03287357575096767,0.0024875621890547263
997,"(755, 756)",0.059438538061192224,0.02858158549591184,0.001658374792703151,0.05182085935696884,0.032704197852261634,0.001658374792703151
998,"(756, 757)",0.059438538061192245,0.027795703881257492,0.001658374792703151,0.05161161774313195,0.032567308471280816,0.001658374792703151
999,"(757, 164)",0.05943853806119226,0.027051883089208407,0.0024875621890547263,0.05194668742798794,0.032449012538341496,0.0024875621890547263
1000,"(164, 165)",0.05372473730930414,0.028688329606546457,0.003316749585406302,0.05043765666556777,0.03236975601900314,0.003316749585406302
1001,"(165, 876)",0.057395697859251436,0.02905114060655698,0.0024875621890547263,0.05288966824540197,0.03247697527872031,0.0024875621890547263
1002,"(876, 168)",0.057395697859251436,0.0282369468508546,0.0024875621890547263,0.052730390837917626,0.032383663166939664,0.0024875621890547263
1003,"(168, 169)",0.05189895382469847,0.028351787855278934,0.003316749585406302,0.050919525528278595,0.031944481233279476,0.003316749585406302
1004,"(169, 874)",0.05515201768933125,0.028081123244929798,0.0024875621890547263,0.05512251626636097,0.03173684210526316,0.0024875621890547263
1005,"(874, 872)",0.05515201768933125,0.02732091885279326,0.001658374792703151,0.053905723430596526,0.031311662685637134,0.001658374792703151
1006,"(872, 172)",0.05515201768933126,0.02660078964201425,0.0024875621890547263,0.054846887363413956,0.03117648579479358,0.0024875621890547263
1007,"(172, 173)",0.03912633696432546,0.02723269730156938,0.003316749585406302,0.04487373821405072,0.03057421726454557,0.003316749585406302
1008,"(173, 202)",0.05488433810660847,0.027790579776937968,0.0024875621890547263,0.06962169522221633,0.03035413153456998,0.0024875621890547263
1009,"(205, 174)",0.051287530928640745,0.0254194418683079,0.001658374792703151,0.03454106606820753,0.029637275140076674,0.001658374792703151
1010,"(174, 175)",0.06663793428300765,0.02726656115758535,0.003316749585406302,0.042421734156802456,0.03038931586241653,0.003316749585406302
1011,"(175, 871)",0.04263955366420223,0.02654925701706109,0.001658374792703151,0.030512760476046796,0.030408472012102873,0.001658374792703151
1012,"(871, 873)",0.04263955366420223,0.025868725868725868,0.001658374792703151,0.030981374643567903,0.030672974210285364,0.001658374792703151
1013,"(873, 170)",0.04263955366420223,0.025222210603367143,0.001658374792703151,0.031716716591519034,0.03109369360078379,0.001658374792703151
1014,"(170, 171)",0.04994555477896039,0.02772031443938767,0.003316749585406302,0.035917472814556685,0.031552509026215265,0.003316749585406302
1015,"(171, 875)",0.040366567675355666,0.026978055164082946,0.001658374792703151,0.03170185263120302,0.031475923267649746,0.001658374792703151
1016,"(875, 166)",0.040366567675355666,0.02627450980392157,0.001658374792703151,0.03186845032179899,0.031571507107515905,0.001658374792703151
1017,"(166, 167)",0.049425078716278256,0.028682871141131144,0.003316749585406302,0.036468755254622946,0.031884517766497464,0.003316749585406302
1018,"(167, 758)",0.041905939904639485,0.027891486852147367,0.001658374792703151,0.03360128032857467,0.03182729863823498,0.001658374792703151
1019,"(758, 759)",0.04190593990463949,0.027142599927979835,0.001658374792703151,0.033737620549499664,0.03191151566469094,0.001658374792703151
1020,"(759, 760)",0.0419059399046395,0.026432876712328766,0.001658374792703151,0.033937443625605225,0.03203272331270419,0.001658374792703151
1021,"(760, 128)",0.04190593990463949,0.02575932333717801,0.001658374792703151,0.034165066843463994,0.032172010884063386,0.001658374792703151
1022,"(128, 129)",0.05255894504950065,0.02907775768535262,0.003316749585406302,0.038058123371943746,0.03235412474849095,0.003316749585406302
1023,"(129, 705)",0.04556029213086251,0.028268716890909942,0.001658374792703151,0.03574320023606348,0.03239584172777823,0.001658374792703151
1024,"(705, 704)",0.04556029213086251,0.027503477844420626,0.001658374792703151,0.035904956787008294,0.03250586237567721,0.001658374792703151
1025,"(704, 703)",0.04556029213086251,0.026778577138289367,0.001658374792703151,0.03610709815123614,0.032634284941144634,0.001658374792703151
1026,"(132, 719)",0.007579288894393871,0.02903435491248766,0.0024875621890547263,0.006082147073168748,0.03248047401023431,0.0024875621890547263
1027,"(719, 718)",0.007579288894393865,0.028223730400187223,0.001658374792703151,0.00498967324276319,0.032275330514371356,0.001658374792703151
1028,"(718, 717)",0.007579288894393865,0.02745714090567584,0.001658374792703151,0.004960020773305229,0.03212487680136384,0.001658374792703151
1029,"(717, 127)",0.007579288894393862,0.02673109318201968,0.0024875621890547263,0.0060119513076864325,0.032415869261369745,0.0024875621890547263
1030,"(127, 128)",0.009823129626189017,0.02940602750414513,0.0024875621890547263,0.003888851837531702,0.032490099410005656,0.0024875621890547263
1031,"(129, 126)",0.006168777399965842,0.02825811893715732,0.0024875621890547263,0.002874108721806212,0.03229434447300771,0.0024875621890547263
1032,"(126, 716)",0.014886087903366648,0.02928535004006702,0.0024875621890547263,0.005033594711237434,0.03271661874016602,0.0024875621890547263
1033,"(716, 715)",0.014886087903366638,0.028460848633596072,0.001658374792703151,0.003893098587751206,0.032455998708218955,0.001658374792703151
1034,"(715, 714)",0.014886087903366638,0.02768150205430716,0.001658374792703151,0.003736905358131732,0.03223478470050517,0.001658374792703151
1035,"(714, 133)",0.014886087903366634,0.026943699731903484,0.0024875621890547263,0.006269608364288074,0.03256642903434867,0.0024875621890547263
1036,"(202, 203)",0.05615185942119737,0.02726656115758535,0.003316749585406302,0.0678714748212875,0.029611805436197118,0.003316749585406302
1037,"(203, 206)",0.050850565063112294,0.026546919368685203,0.001658374792703151,0.06138675947158525,0.0289035350509287,0.001658374792703151
1038,"(206, 207)",0.05274290144482751,0.02607849497242945,0.003316749585406302,0.06076863492615464,0.028237607998314172,0.003316749585406302
1039,"(207, 870)",0.04746018638939926,0.025423728813559324,0.001658374792703151,0.05477143163256763,0.027595359586298423,0.001658374792703151
1040,"(870, 868)",0.04746018638939926,0.024801036461225244,0.001658374792703151,0.05341720690558018,0.02698771454785508,0.001658374792703151
1041,"(868, 866)",0.04746018638939926,0.02420811754787426,0.001658374792703151,0.0520767446250052,0.026412036530080375,0.001658374792703151
1042,"(866, 864)",0.04746018638939926,0.023642886549432453,0.001658374792703151,0.05075004479084269,0.025865951742627347,0.001658374792703151
1043,"(864, 210)",0.04746018638939926,0.023103448275862068,0.001658374792703151,0.04943710740309262,0.02534731709367578,0.001658374792703151
1044,"(210, 211)",0.04928302241673148,0.023149125669424342,0.003316749585406302,0.04897834381974001,0.024854192856995652,0.003316749585406302
1045,"(211, 862)",0.03814232204583355,0.02263088759617189,0.001658374792703151,0.043945461326487266,0.024372006547703252,0.001658374792703151
1046,"(862, 860)",0.03814232204583355,0.022135344969990638,0.001658374792703151,0.04263802891730221,0.023912914163345428,0.001658374792703151
1047,"(859, 861)",0.0345455148678658,0.019321659163368955,0.001658374792703151,0.022992068571545895,0.023476737395366945,0.001658374792703151
1048,"(861, 212)",0.0345455148678658,0.018959283131583085,0.001658374792703151,0.02429674849144845,0.02391813097457459,0.001658374792703151
1049,"(212, 213)",0.04568621523876373,0.022321345943844974,0.003316749585406302,0.026803389708716086,0.02438136826783115,0.003316749585406302
1050,"(213, 863)",0.04386337921143151,0.021839913074972836,0.001658374792703151,0.026675476881179667,0.02485470508223074,0.001658374792703151
1051,"(863, 865)",0.04386337921143151,0.02137880909751644,0.001658374792703151,0.027985268566892554,0.02535211267605634,0.001658374792703151
1052,"(865, 867)",0.04386337921143151,0.02093677302871428,0.001658374792703151,0.029308822699017953,0.025875386199794025,0.001658374792703151
1053,"(867, 869)",0.04386337921143151,0.020512646063306855,0.001658374792703151,0.030646139277555797,0.0264265053904812,0.001658374792703151
1054,"(869, 208)",0.04386337921143151,0.02010536142971459,0.001658374792703151,0.031997218302506146,0.02700765888834147,0.001658374792703151
1055,"(208, 209)",0.04914609426685976,0.025013481561372217,0.003316749585406302,0.03446014734399525,0.02762127250240484,0.003316749585406302
1056,"(209, 204)",0.04725375788514454,0.024406532693825513,0.001658374792703151,0.03348548924492224,0.028256794751640113,0.001658374792703151
1057,"(204, 205)",0.052555052243229615,0.02607849497242945,0.003316749585406302,0.035938995073057034,0.028930576212637338,0.003316749585406302
1058,"(860, 858)",0.03814232204583355,0.021661038867734753,0.001658374792703151,0.04134435895452965,0.023475366437622876,0.001658374792703151
1059,"(858, 214)",0.038142322045833545,0.021206632787634738,0.001658374792703151,0.04006445143816953,0.023057950786761754,0.001658374792703151
1060,"(214, 215)",0.03967339420922131,0.021188376260585402,0.003316749585406302,0.03974537129673759,0.02265937658531086,0.003316749585406302
1061,"(215, 856)",0.030121568276643532,0.02075195732599157,0.001658374792703151,0.03536795182413815,0.022270234336047863,0.001658374792703151
1062,"(856, 218)",0.030121568276643532,0.020333153493390883,0.001658374792703151,0.034106518753700306,0.021898605461940734,0.001658374792703151
1063,"(218, 219)",0.03193167404104421,0.02017059708981435,0.003316749585406302,0.03394687951526234,0.021544178069956055,0.003316749585406302
1064,"(219, 854)",0.025373180203179593,0.01977535459539231,0.001658374792703151,0.029918407628235055,0.021199177345356746,0.001658374792703151
1065,"(854, 851)",0.025373180203179593,0.019395303956256032,0.001658374792703151,0.02872269580430506,0.020872996642320608,0.001658374792703151
1066,"(851, 223)",0.025373180203179593,0.019029585798816567,0.001658374792703151,0.02762390074583542,0.020594262295081968,0.001658374792703151
1067,"(223, 224)",0.027383185501721464,0.01902058197303052,0.003316749585406302,0.028279398839888004,0.02033795406253162,0.003316749585406302
1068,"(224, 849)",0.020510219763331807,0.018668152688771245,0.001658374792703151,0.025118325646000486,0.02011173184357542,0.001658374792703151
1069,"(850, 225)",0.016913412585364027,0.017502866348344776,0.001658374792703151,0.007210258887873574,0.01981369214845483,0.001658374792703151
1070,"(225, 222)",0.023786378323753684,0.01859532803947267,0.003316749585406302,0.009868148206602069,0.020035219457088745,0.003316749585406302
1071,"(222, 852)",0.021776373025211817,0.01825889477668433,0.001658374792703151,0.010605520556360907,0.020278791343680113,0.001658374792703151
1072,"(852, 853)",0.021776373025211817,0.01793441891590453,0.001658374792703151,0.01171181891266481,0.020559855433188994,0.001658374792703151
1073,"(853, 220)",0.021776373025211817,0.017621274108708358,0.001658374792703151,0.012908325988938301,0.02086180352540262,0.001658374792703151
1074,"(220, 221)",0.02833486686307646,0.01955696818343982,0.003316749585406302,0.015521702645126114,0.02119507908611599,0.003316749585406302
1075,"(221, 855)",0.026524761098675773,0.019184575982692523,0.001658374792703151,0.01620022077523313,0.021537252660904352,0.001658374792703151
1076,"(855, 216)",0.026524761098675773,0.01882610053075242,0.001658374792703151,0.017459248328411513,0.021894629824625103,0.001658374792703151
1077,"(216, 217)",0.03607658703125356,0.020496957748393895,0.003316749585406302,0.020002408523304857,0.022269823097093473,0.003316749585406302
1078,"(217, 857)",0.0345455148678658,0.020089620362812546,0.001658374792703151,0.020423996070978175,0.02265384326395672,0.001658374792703151
1079,"(857, 859)",0.0345455148678658,0.01969815758526068,0.001658374792703151,0.0217011510980558,0.023055746730901584,0.001658374792703151
1080,"(203, 204)",0.004471418839412894,0.026544582131930537,0.001658374792703151,0.0015859706715772622,0.028950021604493736,0.001658374792703151
1081,"(205, 202)",0.00043764579591668213,0.02541729893778452,0.001658374792703151,0.0015859706715772622,0.028950021604493736,0.001658374792703151
1082,"(207, 208)",0.004452839536756054,0.02541729893778452,0.001658374792703151,0.0013745858630733816,0.02763519706691109,0.001658374792703151
1083,"(209, 206)",0.0010624608630430145,0.024404557136208187,0.001658374792703151,0.0013745858630733816,0.02763519706691109,0.001658374792703151
1084,"(211, 212)",0.010310824852225732,0.022626641651031894,0.001658374792703151,0.0009701792014476236,0.024386298378290937,0.001658374792703151
1085,"(213, 210)",0.0009929605086600195,0.021835168018539977,0.001658374792703151,0.0009701792014476236,0.024386298378290937,0.001658374792703151
1086,"(215, 216)",0.008721950413905576,0.020749815041035083,0.001658374792703151,0.0007155661850366334,0.022269823097093473,0.001658374792703151
1087,"(217, 214)",0.0007011966447155646,0.02008627437917423,0.001658374792703151,0.0007155661850366334,0.022269823097093473,0.001658374792703151
1088,"(219, 220)",0.0057286183191924194,0.01977276080861738,0.001658374792703151,0.0006241654057960893,0.021191727143334095,0.001658374792703151
1089,"(221, 218)",0.0009802302457284807,0.019182745073088484,0.001658374792703151,0.0006241654057960893,0.021191727143334095,0.001658374792703151
1090,"(224, 225)",0.006043090219717457,0.018666419019316493,0.001658374792703151,0.0006539940898442452,0.02002357668232911,0.001658374792703151
1091,"(222, 223)",0.0011801297798696697,0.018256683520542553,0.001658374792703151,0.0006539940898442452,0.02002357668232911,0.001658374792703151
1092,"(849, 227)",0.020510219763331797,0.01832854602653536,0.0024875621890547263,0.024461690721063818,0.01992104263367416,0.0024875621890547263
1093,"(227, 228)",0.004078500994336753,0.018429095354523226,0.0024875621890547263,0.00424227298996335,0.019611669431164016,0.0024875621890547263
1094,"(229, 226)",0.020827108283911402,0.01813288427130163,0.0024875621890547263,0.005808374346577235,0.01945883150200881,0.0024875621890547263
1095,"(226, 850)",0.016913412585364027,0.017812306147165686,0.001658374792703151,0.006377445120789963,0.019619326500732063,0.001658374792703151
1096,"(226, 227)",0.003083820179875174,0.017810727788279773,0.0024875621890547263,0.0013623356056592804,0.01949090909090909,0.0024875621890547263
1097,"(227, 846)",0.019515538948870214,0.01843191196698762,0.0024875621890547263,0.020304036099202043,0.019784762779709954,0.0024875621890547263
1098,"(846, 847)",0.01951553894887021,0.018101856716149077,0.001658374792703151,0.019480512902101243,0.019689795918367347,0.001658374792703151
1099,"(847, 848)",0.01951553894887021,0.017783413943612127,0.001658374792703151,0.019321433718404713,0.01965834257025494,0.001658374792703151
1100,"(848, 233)",0.01951553894887021,0.017475981393731254,0.001658374792703151,0.019328897214850337,0.01965962441314554,0.001658374792703151
1101,"(233, 230)",0.022689916026139467,0.01823432467984094,0.003316749585406302,0.02094791517946573,0.019681120159276727,0.003316749585406302
1102,"(232, 843)",0.01591873177090245,0.01787116755330972,0.001658374792703151,0.006939742628144737,0.01930279458369346,0.001658374792703151
1103,"(843, 844)",0.01591873177090245,0.017560719902149222,0.001658374792703151,0.006894861594156384,0.019296308740939856,0.001658374792703151
1104,"(844, 845)",0.01591873177090245,0.01726087392119538,0.001658374792703151,0.006957825391906669,0.019304030476678297,0.001658374792703151
1105,"(845, 228)",0.01591873177090245,0.01697109566294222,0.001658374792703151,0.007238082519334132,0.019371937996948037,0.001658374792703151
1106,"(228, 229)",0.020827108283911402,0.01846690962545555,0.0024875621890547263,0.0078053387839731835,0.019486814891416755,0.0024875621890547263
1107,"(242, 838)",0.01695999027453786,0.018587876265778888,0.001658374792703151,0.014293421083821868,0.020221667029963614,0.001658374792703151
1108,"(838, 839)",0.01695999027453786,0.018252262614644188,0.001658374792703151,0.013238783074661269,0.019962590833098835,0.001658374792703151
1109,"(839, 241)",0.016959990274537873,0.01792855337684154,0.001658374792703151,0.012462573319137494,0.019776327440884197,0.001658374792703151
1110,"(241, 240)",0.01954457771080054,0.018302399344391665,0.003316749585406302,0.01300178185283242,0.019634338928414437,0.003316749585406302
1111,"(240, 239)",0.013853961765957802,0.01797531747451261,0.001658374792703151,0.010904261818616031,0.019528783094486277,0.001658374792703151
1112,"(239, 238)",0.016702055814584456,0.018219173943257696,0.003316749585406302,0.01117527964721239,0.019440011605977078,0.003316749585406302
1113,"(238, 231)",0.013382037648155192,0.017895033608831778,0.001658374792703151,0.00910452550088867,0.019370071152085576,0.001658374792703151
1114,"(231, 232)",0.019093108848171707,0.01819278925931513,0.003316749585406302,0.00932250586827095,0.01932816206167062,0.003316749585406302
1115,"(230, 234)",0.016978844826122955,0.017909649826249666,0.001658374792703151,0.017929244913076157,0.01971490224285621,0.001658374792703151
1116,"(234, 235)",0.02029886299255222,0.01819278925931513,0.003316749585406302,0.020116125754545525,0.019771464170369034,0.003316749585406302
1117,"(235, 236)",0.017450768943925568,0.017869578746166043,0.001658374792703151,0.01802816381566487,0.01985479330271151,0.001658374792703151
1118,"(236, 237)",0.023141384888768303,0.018219173943257696,0.003316749585406302,0.021091344557560277,0.019959947700302873,0.003316749585406302
1119,"(237, 840)",0.020556797452505635,0.01789662694585009,0.001658374792703151,0.019609577749886056,0.020102680357380984,0.001658374792703151
1120,"(840, 841)",0.02055679745250564,0.01758530183727034,0.001658374792703151,0.020413841677450344,0.020278109394178873,0.001658374792703151
1121,"(841, 243)",0.02055679745250564,0.01728462299170166,0.001658374792703151,0.021509473936243386,0.020577395577395578,0.001658374792703151
1122,"(230, 231)",0.004881195681344316,0.017908586023581124,0.001658374792703151,0.001015722928405814,0.01938969098684845,0.001658374792703151
1123,"(232, 233)",0.0023445015585970563,0.017868519698339087,0.001658374792703151,0.001015722928405814,0.01938969098684845,0.001658374792703151
1124,"(235, 239)",0.002018218529954456,0.017868519698339087,0.001658374792703151,0.000872915290562574,0.019479260886419433,0.001658374792703151
1125,"(238, 234)",0.0024901426477570653,0.01789397154176002,0.001658374792703151,0.000872915290562574,0.019479260886419433,0.001658374792703151
1126,"(237, 241)",0.001754711917590471,0.01789397154176002,0.001658374792703151,0.0010232409029444331,0.01966218860049563,0.001658374792703151
1127,"(240, 236)",0.004860740426170538,0.01797424585668296,0.001658374792703151,0.0010232409029444331,0.01966218860049563,0.001658374792703151
1128,"(242, 243)",0.009267516727106745,0.018585584613724976,0.001658374792703151,0.0031032575634729062,0.02058090719819789,0.001658374792703151
1129,"(831, 286)",0.032643203989274464,0.018843161151214025,0.001658374792703151,0.019104177565840864,0.02155958382494905,0.001658374792703151
1130,"(286, 287)",0.03482558392913257,0.01969847932966369,0.003316749585406302,0.019197845965293187,0.021245860052145727,0.003316749585406302
1131,"(287, 833)",0.014750131316676188,0.019322278298485943,0.001658374792703151,0.01631989687837177,0.02093059581040976,0.001658374792703151
1132,"(833, 835)",0.014750131316676188,0.018960177338972126,0.001658374792703151,0.015454280262478718,0.02063725657962285,0.001658374792703151
1133,"(835, 292)",0.014750131316676188,0.01861139832404821,0.001658374792703151,0.015258545766231374,0.0206182041988648,0.001658374792703151
1134,"(292, 837)",0.0270573825203168,0.01930001440299582,0.0024875621890547263,0.018217348999335355,0.020679012345679013,0.0024875621890547263
1135,"(837, 242)",0.0270573825203168,0.01893606330862957,0.0024875621890547263,0.016625509322377035,0.020528707848911434,0.0024875621890547263
1136,"(243, 244)",0.030654189698284585,0.018555844475558907,0.003316749585406302,0.02746094890735477,0.0209073730561864,0.003316749585406302
1137,"(244, 291)",0.0109449066332698,0.018219173943257696,0.0024875621890547263,0.007031103760069238,0.02076946922467537,0.0024875621890547263
1138,"(291, 290)",0.010782509765602603,0.019158975010723306,0.0024875621890547263,0.006479393456966734,0.020894694895873037,0.0024875621890547263
1139,"(290, 836)",0.018091458337634106,0.01910131935315267,0.0024875621890547263,0.009938734987496213,0.021008622942252416,0.0024875621890547263
1140,"(836, 834)",0.018091458337634102,0.018747376766310685,0.001658374792703151,0.009816563228833671,0.021005695574173096,0.001658374792703151
1141,"(834, 288)",0.018091458337634102,0.018406312479968254,0.001658374792703151,0.010517498273220741,0.02126309108219613,0.001658374792703151
1142,"(288, 285)",0.03816691095009049,0.019181524660824203,0.003316749585406302,0.015028166064125905,0.021595487510072522,0.003316749585406302
1143,"(285, 832)",0.035984531010232385,0.018829627779165626,0.001658374792703151,0.014951169290604933,0.021921294192492956,0.001658374792703151
1144,"(259, 260)",0.034085003750266636,0.021972015741145604,0.003316749585406302,0.025855789498797375,0.02387882387882388,0.003316749585406302
1145,"(260, 255)",0.02886834843761826,0.021502308912938826,0.001658374792703151,0.022771800421625795,0.02344661326697255,0.001658374792703151
1146,"(255, 256)",0.0302535386690338,0.021242117870856378,0.003316749585406302,0.022410615731328347,0.02303548916988196,0.003316749585406302
1147,"(256, 251)",0.02505030174163759,0.02080278750452797,0.001658374792703151,0.019372261339208722,0.02263683459719198,0.001658374792703151
1148,"(251, 252)",0.026448910358305287,0.02055635099202291,0.003316749585406302,0.019012848541780054,0.022256671464954046,0.003316749585406302
1149,"(252, 247)",0.02141598370526344,0.02014465398299564,0.001658374792703151,0.016099616669969827,0.02191691200523389,0.001658374792703151
1150,"(247, 248)",0.023323458778032376,0.01992729676140119,0.003316749585406302,0.01624595922763564,0.02160941783583293,0.003316749585406302
1151,"(248, 289)",0.01862392738933272,0.01954144049258689,0.0024875621890547263,0.013697908277602347,0.021338712245872922,0.0024875621890547263
1152,"(289, 291)",0.011314978817301233,0.01917024320457797,0.0024875621890547263,0.007827014773145522,0.02107139113114582,0.0024875621890547263
1153,"(291, 292)",0.011477375684968429,0.019156236101404156,0.0024875621890547263,0.006391748303574457,0.020791669540031723,0.0024875621890547263
1154,"(289, 290)",0.006479073053359298,0.019172681313789703,0.001658374792703151,0.004011015087623709,0.021100885327361166,0.001658374792703151
1155,"(244, 842)",0.01887940754634258,0.018220825527285912,0.001658374792703151,0.02110377934713856,0.021106424683666147,0.001658374792703151
1156,"(842, 246)",0.018879407546342576,0.017897689328168827,0.001658374792703151,0.02203393747649717,0.02135193512977586,0.001658374792703151
1157,"(246, 245)",0.023578938935042232,0.0193900027332508,0.003316749585406302,0.02555129607452759,0.021677391523169286,0.003316749585406302
1158,"(245, 250)",0.0216714638622733,0.01902328222600795,0.001658374792703151,0.025898540553578854,0.021989643352053095,0.001658374792703151
1159,"(250, 249)",0.026704390515315143,0.01992729676140119,0.003316749585406302,0.029368545192175254,0.022341608002964062,0.003316749585406302
1160,"(249, 254)",0.025305781898647444,0.019540174014485004,0.001658374792703151,0.029944087686749714,0.022725559659305044,0.001658374792703151
1161,"(254, 253)",0.030509018826043663,0.02055635099202291,0.003316749585406302,0.03355223645315541,0.02312737314463238,0.003316749585406302
1162,"(253, 258)",0.029123828594628122,0.02014465398299564,0.001658374792703151,0.03414641295203211,0.02354181307097681,0.001658374792703151
1163,"(258, 257)",0.0343404839072765,0.021242117870856378,0.003316749585406302,0.03787777233897993,0.023977573215102292,0.003316749585406302
1164,"(248, 246)",0.003869655870027456,0.019538907700533025,0.001658374792703151,0.0006867827871286131,0.021440381162331774,0.001658374792703151
1165,"(245, 247)",0.0010775995540967362,0.019022082018927446,0.001658374792703151,0.0006867827871286131,0.021440381162331774,0.001658374792703151
1166,"(252, 250)",0.004203051134369646,0.02014330811244175,0.001658374792703151,0.0005694566095904919,0.022077399040749825,0.001658374792703151
1167,"(249, 251)",0.0005687330979954997,0.019538907700533025,0.001658374792703151,0.0005694566095904919,0.022077399040749825,0.001658374792703151
1168,"(256, 254)",0.004373361408724015,0.020801352260379116,0.001658374792703151,0.0005952479826766517,0.022843504943743608,0.001658374792703151
1169,"(253, 255)",0.0005553147127433372,0.02014330811244175,0.001658374792703151,0.0005952479826766517,0.022843504943743608,0.001658374792703151
1170,"(260, 258)",0.004386779793976177,0.021500775525485374,0.001658374792703151,0.0006629361879547424,0.023672588085189912,0.001658374792703151
1171,"(257, 259)",0.0005377675935674326,0.020801352260379116,0.001658374792703151,0.0006629361879547424,0.023672588085189912,0.001658374792703151
1172,"(188, 887)",0.048091045464241707,0.025882049961370075,0.0024875621890547263,0.03802178405459829,0.02855586863353302,0.0024875621890547263
1173,"(887, 886)",0.048091045464241707,0.025234348844994977,0.001658374792703151,0.03647981611380382,0.02792248385080225,0.001658374792703151
1174,"(886, 270)",0.048091045464241707,0.024618273862986855,0.001658374792703151,0.03517513536825767,0.027322156773901225,0.001658374792703151
1175,"(270, 269)",0.049443205824267304,0.024476376035070628,0.003316749585406302,0.03591903354696902,0.026877047536270644,0.003316749585406302
1176,"(269, 268)",0.0405113781025715,0.023894909948287135,0.001658374792703151,0.03248825456890507,0.026320384111741597,0.001658374792703151
1177,"(268, 266)",0.041853216627787744,0.023583245336149243,0.003316749585406302,0.03264924582643088,0.02579182617250155,0.003316749585406302
1178,"(266, 263)",0.03660146707678756,0.023042971511550145,0.001658374792703151,0.02939507241116157,0.02528195882772211,0.001658374792703151
1179,"(263, 264)",0.037951563069851285,0.022748707888482288,0.003316749585406302,0.02928343028269391,0.024795937249419166,0.003316749585406302
1180,"(264, 259)",0.03271736063802701,0.0222455868518621,0.001658374792703151,0.026129749025220327,0.02432628691302243,0.001658374792703151
1181,"(257, 262)",0.03297284079503687,0.02080278750452797,0.001658374792703151,0.038461313048753165,0.02442877977637336,0.001658374792703151
1182,"(262, 261)",0.03820704322686115,0.021972015741145604,0.003316749585406302,0.0423858297923825,0.02490243449173016,0.003316749585406302
1183,"(261, 265)",0.03685694723379742,0.021502308912938826,0.001658374792703151,0.04293087572380606,0.02539268118078073,0.001658374792703151
1184,"(265, 267)",0.04210869678479761,0.022748707888482288,0.003316749585406302,0.047143938448747105,0.02590706966552813,0.003316749585406302
1185,"(267, 271)",0.040766858259581366,0.0222455868518621,0.001658374792703151,0.04760441776936504,0.02644041041831097,0.001658374792703151
1186,"(271, 272)",0.049698685981277184,0.023583245336149243,0.003316749585406302,0.05242953520459082,0.02700221659987014,0.003316749585406302
1187,"(272, 888)",0.048346525621251586,0.023044292429395805,0.001658374792703151,0.05274587065854295,0.027585260413092706,0.001658374792703151
1188,"(888, 299)",0.048346525621251586,0.022529422753596113,0.0024875621890547263,0.05412729872381406,0.028199312554072063,0.0024875621890547263
1189,"(299, 189)",0.034299720851711936,0.022037057340203926,0.0024875621890547263,0.015040274699886341,0.028493124793271277,0.0024875621890547263
1190,"(299, 190)",0.013216929250867447,0.02203786272933265,0.001658374792703151,0.040402412697231646,0.028451448523166934,0.001658374792703151
1191,"(269, 271)",0.00810195220302361,0.023893016344725113,0.001658374792703151,0.0013418097554570765,0.026616053496943348,0.001658374792703151
1192,"(272, 270)",0.000522284841353399,0.023041210523299136,0.001658374792703151,0.0013418097554570765,0.026616053496943348,0.001658374792703151
1193,"(266, 265)",0.004421874032327987,0.023041210523299136,0.001658374792703151,0.0009633607394651763,0.025551388800610184,0.001658374792703151
1194,"(267, 268)",0.0005119630065440432,0.022243945625910692,0.001658374792703151,0.0009633607394651763,0.025551388800610184,0.001658374792703151
1195,"(264, 262)",0.004404326913152082,0.022243945625910692,0.001658374792703151,0.000776797967570647,0.024573629194938565,0.001658374792703151
1196,"(261, 263)",0.0005202204743915279,0.021500775525485374,0.001658374792703151,0.000776797967570647,0.024573629194938565,0.001658374792703151
1197,"(826, 827)",0.032643203989274464,0.020336582240059357,0.001658374792703151,0.023857147782364557,0.022980620819756475,0.001658374792703151
1198,"(827, 284)",0.032643203989274464,0.019941465350463813,0.001658374792703151,0.02263224243533138,0.022596541192782597,0.001658374792703151
1199,"(284, 830)",0.032643203989274464,0.019561409200025952,0.001658374792703151,0.02143253824497877,0.022232873681881867,0.001658374792703151
1200,"(830, 831)",0.032643203989274464,0.019195568784121476,0.001658374792703151,0.020258525696097825,0.02188827180659915,0.001658374792703151
1201,"(832, 829)",0.035984531010232385,0.018490409824755073,0.001658374792703151,0.016112609176730523,0.02226365633480404,0.001658374792703151
1202,"(829, 283)",0.035984531010232385,0.01816319768667731,0.001658374792703151,0.01729254138646611,0.022621972951173304,0.001658374792703151
1203,"(283, 828)",0.035984531010232385,0.017847365071848222,0.001658374792703151,0.018498346995457136,0.023000343288705802,0.001658374792703151
1204,"(828, 825)",0.035984531010232385,0.017542328504101937,0.001658374792703151,0.01972907342653037,0.02340020955411541,0.001658374792703151
1205,"(285, 286)",0.00135250442118591,0.018821399587989264,0.001658374792703151,0.001054924568263539,0.021279974591075116,0.001658374792703151
1206,"(287, 288)",0.019245577093784192,0.019318873546278793,0.001658374792703151,0.001054924568263539,0.021279974591075116,0.001658374792703151
